name	time	frame	height	yaw	pitch	roll	lat	lon	east	north	zone.number	zone.letter	image_x	image_y	start_east	start_north	end_east	end_north	heading	project	length	flukeprint_width	fluke_span	body_length	age_class
20240720001A	35:22.9	955	60.9	12.1	-45.4	0	-21.07198754	55.20697702	313720.0463	7668837.066	40	K	448.355	403.69	313722.1181	7668835.923	313717.9745	7668838.209	-61.11555996	Jul-20th-2024-08-34AM-Flight-Airdata	NA	3.785881126	NA	NA	adult
20240720001A	35:22.9	955	60.9	12.1	-45.4	0	-21.07192244	55.20700045	313722.3998	7668844.301	40	K	483.965	354.07	313724.45	7668842.795	313720.3497	7668845.807	-53.7038975	Jul-20th-2024-08-34AM-Flight-Airdata	NA	4.069986427	NA	NA	adult
20240720001A	35:23.7	983	62.6	12.1	-45.4	0	-21.07190757	55.20700054	313722.391	7668845.947	40	K	490.385	358.74	313724.3432	7668844.252	313720.4389	7668847.643	-49.02472619	Jul-20th-2024-08-34AM-Flight-Airdata	NA	4.137134124	NA	NA	adult
20240720001A	35:05.3	430	35.3	12.1	-13.4	0	-21.07226104	55.2078428	313810.3561	7668807.798	40	K	1430.685	619.31	313814.321	7668811.565	313806.3912	7668804.031	-133.5350887	Jul-20th-2024-08-34AM-Flight-Airdata	10.93824232	NA	NA	10.93824232	adult
20240720001A	34:55.5	132	35.2	9.4	-13.4	0	-21.07229548	55.20785741	313811.9175	7668804.002	40	K	1447.07	593.495	313815.6874	7668807.448	313808.1475	7668800.556	-132.4300269	Jul-20th-2024-08-34AM-Flight-Airdata	10.21527177	NA	NA	10.21527177	adult
20240720001A	35:04.9	417	35.3	12.1	-13.4	0	-21.0722539	55.20785794	313811.9211	7668808.605	40	K	1429.84	611.105	313815.9115	7668812.249	313807.9307	7668804.962	-132.3988187	Jul-20th-2024-08-34AM-Flight-Airdata	10.80728504	NA	NA	10.80728504	adult
20240720001A	35:06.9	475	35.2	12.1	-13.4	0	-21.07226234	55.20776897	313802.6855	7668807.567	40	K	1421.125	657.525	313802.0075	7668808.468	313803.3635	7668806.667	143.0182606	Jul-20th-2024-08-34AM-Flight-Airdata	2.254231005	NA	3.043211857	NA	adult
20240720001A	35:09.3	547	35.1	12.1	-13.4	0	-21.07222513	55.20769102	313794.5395	7668811.596	40	K	1438.475	732.79	313793.9224	7668812.568	313795.1566	7668810.624	147.5933579	Jul-20th-2024-08-34AM-Flight-Airdata	2.302943919	NA	3.108974291	NA	adult
20240720001A	35:19.9	867	52.5	12.1	-36.1	0	-21.07209864	55.20776319	313801.8806	7668825.684	40	K	1467.025	468.16	313801.7979	7668827.136	313801.9634	7668824.232	176.7386158	Jul-20th-2024-08-34AM-Flight-Airdata	2.908646721	NA	3.926673074	NA	adult
20240720002A	58:48.9	7911	89.6	286.3	-90	0	-21.08049425	55.20490643	313515.4918	7667892.828	40	K	542.275	765.935	313515.7335	7667895.025	313515.2501	7667890.631	-173.7222435	Jul-20th-2024-08-53AM-Flight-Airdata	NA	4.450836806	NA	NA	adult
20240720002A	03:56.9	17140	90.2	136.2	-90	0	-21.08356527	55.20982465	314030.3709	7667558.575	40	K	340.95	436.02	314028.1296	7667558.595	314032.6121	7667558.556	90.4973469	Jul-20th-2024-08-53AM-Flight-Airdata	NA	4.482645071	NA	NA	adult
20240720002A	58:48.9	7911	89.6	286.3	-90	0	-21.08047519	55.20481179	313505.6337	7667894.827	40	K	531.325	644.8	313506.3384	7667896.969	313504.9289	7667892.684	-161.7924796	Jul-20th-2024-08-53AM-Flight-Airdata	NA	4.541170665	NA	NA	adult
20240720002A	57:55.3	6300	92	135.1	-35.4	0	-21.08125299	55.20724349	313759.284	7667811.56	40	K	407.36	551.185	313757.5332	7667808.368	313761.0347	7667814.752	28.74010775	Jul-20th-2024-08-53AM-Flight-Airdata	NA	4.551977198	NA	NA	adult
20240720002A	04:03.5	17339	90.1	136.2	-90	0	-21.08371778	55.20999395	314048.1531	7667541.888	40	K	319.1	410.875	314046.0605	7667540.981	314050.2457	7667542.795	66.56424979	Jul-20th-2024-08-53AM-Flight-Airdata	NA	4.561511642	NA	NA	adult
20240720002A	35:28.7	1130	70.5	12.1	-53.3	0	-21.07220736	55.20687928	313710.163	7668812.614	40	K	324	554.465	313712.4942	7668810.841	313707.8319	7668814.386	-52.75136997	Jul-20th-2024-08-34AM-Flight-Airdata	NA	4.646962775	NA	NA	adult
20240720002A	59:14.5	8675	90	310.1	-89.9	0	-21.08060185	55.20428138	313450.6761	7667880.183	40	K	399.65	770.7	313452.0646	7667882.056	313449.2877	7667878.31	-143.4484771	Jul-20th-2024-08-53AM-Flight-Airdata	NA	4.662696459	NA	NA	adult
20240720002A	03:38.9	16602	90.2	143.4	-54.1	0	-21.08377535	55.21018364	314067.9344	7667535.736	40	K	351.005	355.38	314065.6887	7667534.896	314070.18	7667536.576	69.49039748	Jul-20th-2024-08-53AM-Flight-Airdata	NA	4.79521993	NA	NA	adult
20240720002A	04:45.5	18596	90.1	111.3	-89.9	0	-21.08358953	55.2102322	314072.7489	7667556.366	40	K	396.865	769.55	314071.658	7667554.136	314073.8398	7667558.595	26.07344714	Jul-20th-2024-08-53AM-Flight-Airdata	NA	4.964101183	NA	NA	adult
20240720002A	58:20.9	7070	90.9	306.7	-90	0	-21.08113124	55.20544675	313572.4319	7667822.937	40	K	274.6	582.68	313574.7695	7667823.953	313570.0942	7667821.921	-113.4892785	Jul-20th-2024-08-53AM-Flight-Airdata	NA	5.047678054	NA	NA	adult
20240720002A	35:10.1	570	35.5	12.1	-13.4	0	-21.07189069	55.20776335	313801.6383	7668848.707	40	K	1313.37	630.5	313787.8771	7668832.243	313815.3994	7668865.171	39.89050387	Jul-20th-2024-08-34AM-Flight-Airdata	10.76488082	NA	NA	10.76488082	adult
20240720002A	35:08.5	522	35.1	12.1	-13.4	0	-21.07195426	55.20781795	313807.3922	7668841.733	40	K	1335.965	599.465	313795.1366	7668827.933	313819.6479	7668855.533	41.60811695	Jul-20th-2024-08-34AM-Flight-Airdata	11.16280569	NA	NA	11.16280569	adult
20240720002A	35:09.9	569	35.3	12.1	-13.4	0	-21.07191719	55.20775788	313801.1035	7668845.768	40	K	1315.065	632.535	313787.3023	7668829.3	313814.9047	7668862.235	39.96528428	Jul-20th-2024-08-34AM-Flight-Airdata	10.92273549	NA	NA	10.92273549	adult
20240720002A	35:09.9	568	35.3	12.1	-13.4	0	-21.07176376	55.20789767	313815.4388	7668862.917	40	K	1364.635	574.18	313815.6042	7668867.644	313815.2735	7668858.19	-177.9966941	Jul-20th-2024-08-34AM-Flight-Airdata	2.920128814	NA	2.920128814	NA	adult
20240720002A	35:13.7	683	39.1	12.1	-24.6	0	-21.07182805	55.20779636	313804.9905	7668855.681	40	K	1346.27	434.865	313805.5032	7668860.603	313804.4778	7668850.759	-174.0525394	Jul-20th-2024-08-34AM-Flight-Airdata	3.402558778	NA	3.402558778	NA	adult
20240720002A	35:16.3	761	43.9	12.1	-32.7	0	-21.07202725	55.2076574	313790.7991	7668833.464	40	K	1314.525	419.71	313790.4313	7668836.734	313791.1668	7668830.195	173.5819364	Jul-20th-2024-08-34AM-Flight-Airdata	3.520167528	NA	3.520167528	NA	adult
20240720002A	35:21.5	916	56.8	12.1	-37.4	0	-21.07205505	55.20764094	313789.1228	7668830.367	40	K	1290.18	470.49	313788.0173	7668833.071	313790.2282	7668827.663	157.7657661	Jul-20th-2024-08-34AM-Flight-Airdata	3.562839764	NA	3.562839764	NA	adult
20240720002A	35:23.3	966	61.9	12.1	-45.4	0	-21.072229	55.20755986	313780.9144	7668811.014	40	K	1283.47	511.21	313779.8423	7668813.138	313781.9866	7668808.891	153.2098853	Jul-20th-2024-08-34AM-Flight-Airdata	3.547482506	NA	3.547482506	NA	adult
20240720002A	03:49.5	16917	90.1	140.1	-76.9	0	-21.08410501	55.2093883	313985.7026	7667498.309	40	K	1287.965	412.995	313990.4541	7667493.708	313980.9511	7667502.91	-45.92474588	Jul-20th-2024-08-53AM-Flight-Airdata	13.22745089	NA	NA	13.22745089	adult
20240720002A	03:53.7	17046	90.2	136.2	-81.3	0	-21.08418629	55.20942881	313990.0133	7667489.358	40	K	1354.575	312.625	313993.7061	7667484.073	313986.3205	7667494.642	-34.94622415	Jul-20th-2024-08-53AM-Flight-Airdata	12.89355918	NA	NA	12.89355918	adult
20240720002A	03:55.5	17098	90.2	136.2	-90	0	-21.08409687	55.20935121	313981.8384	7667499.167	40	K	1360.095	290.53	313985.5002	7667494.541	313978.1767	7667503.792	-38.36698511	Jul-20th-2024-08-53AM-Flight-Airdata	11.79892609	NA	NA	11.79892609	adult
20240720002A	04:00.1	17238	90.1	136.2	-90	0	-21.0841958	55.20946835	313994.1336	7667488.351	40	K	1340.145	230.67	313998.2632	7667483.83	313990.0039	7667492.871	-42.41144458	Jul-20th-2024-08-53AM-Flight-Airdata	12.24602337	NA	NA	12.24602337	adult
20240720002A	04:16.1	17716	90.2	106.1	-90	0	-21.08433768	55.20962496	314010.5827	7667472.826	40	K	1485.125	374.35	314016.5943	7667471.946	314004.5711	7667473.706	-81.67362716	Jul-20th-2024-08-53AM-Flight-Airdata	12.15132087	NA	NA	12.15132087	adult
20240720002A	03:50.3	16940	90.2	136.2	-76.9	0	-21.08408708	55.20938425	313985.2593	7667500.289	40	K	1304.245	460.975	313986.8863	7667501.26	313983.6323	7667499.319	-120.8222783	Jul-20th-2024-08-53AM-Flight-Airdata	3.789126936	NA	3.789126936	NA	adult
20240720002A	03:54.9	17082	90.2	136.2	-90	0	-21.08404601	55.20930745	313977.2277	7667504.746	40	K	1354.265	377.04	313978.6972	7667505.864	313975.7583	7667503.628	-127.2731496	Jul-20th-2024-08-53AM-Flight-Airdata	3.693116518	NA	3.693116518	NA	adult
20240720002A	03:56.5	17128	90.2	136.2	-90	0	-21.08406761	55.20933074	313979.6747	7667502.382	40	K	1352.515	357.8	313981.1422	7667503.462	313978.2072	7667501.302	-126.3524828	Jul-20th-2024-08-53AM-Flight-Airdata	3.644176704	NA	3.644176704	NA	adult
20240720002A	03:59.1	17205	90.1	136.2	-90	0	-21.08412427	55.20939838	313986.7739	7667496.188	40	K	1340.965	325.275	313988.3009	7667497.263	313985.2469	7667495.114	-125.1339032	Jul-20th-2024-08-53AM-Flight-Airdata	3.734393536	NA	3.734393536	NA	adult
20240720002A	04:05.7	17404	90.2	136.2	-90	0	-21.08430448	55.20954729	314002.4714	7667476.411	40	K	1365.735	224.54	314003.7852	7667477.671	314001.1575	7667475.151	-133.8088551	Jul-20th-2024-08-53AM-Flight-Airdata	3.641289008	NA	3.641289008	NA	adult
20240720002A	04:08.7	17494	90.2	132.5	-89.9	0	-21.08440459	55.20954796	314002.6656	7667465.328	40	K	1491.425	186.245	314003.9704	7667466.683	314001.3609	7667463.973	-136.0831981	Jul-20th-2024-08-53AM-Flight-Airdata	3.762139445	NA	3.762139445	NA	adult
20240720002A	04:23.7	17943	90.1	102	-90	0	-21.08428593	55.20948657	313996.1391	7667478.393	40	K	1466.265	594.905	313996.2627	7667480.222	313996.0154	7667476.564	-176.1316048	Jul-20th-2024-08-53AM-Flight-Airdata	3.665663764	NA	3.665663764	NA	adult
20240720004A	25:26.1	717	65.5	3.9	-43.1	0	-21.08601103	55.21380842	314447.3573	7667292.445	40	K	741.48	861.565	314449.4799	7667291.926	314445.2347	7667292.963	-76.27935474	Jul-20th-2024-09-24AM-Flight-Airdata	NA	4.369903779	NA	NA	adult
20240720004A	25:28.9	801	65.6	3.9	-89.9	0	-21.08623155	55.21381792	314448.6184	7667268.041	40	K	776.765	332.645	314450.9013	7667268.281	314446.3355	7667267.801	-96.0102068	Jul-20th-2024-09-24AM-Flight-Airdata	NA	4.591015503	NA	NA	adult
20240720004A	25:28.3	784	65.6	3.9	-90	0	-21.0862454	55.21380427	314447.2168	7667266.492	40	K	755	356.18	314449.5574	7667266.635	314444.8761	7667266.348	-93.5113012	Jul-20th-2024-09-24AM-Flight-Airdata	NA	4.690106924	NA	NA	adult
20240720005A	25:26.1	719	65.5	3.9	-43.1	0	-21.08595804	55.21367984	314433.9313	7667298.162	40	K	540.315	808.66	314435.8726	7667298.68	314431.9899	7667297.644	-104.9326735	Jul-20th-2024-09-24AM-Flight-Airdata	NA	4.018387494	NA	NA	adult
20240720005A	25:26.3	726	65.6	3.9	-46.8	0	-21.08598714	55.2136802	314434.0041	7667294.941	40	K	538.24	781.055	314436.0206	7667295.521	314431.9876	7667294.36	-106.0521198	Jul-20th-2024-09-24AM-Flight-Airdata	NA	4.196567695	NA	NA	adult
20240720005A	25:29.5	824	65.6	3.9	-90	0	-21.08617689	55.21373648	314440.0875	7667273.998	40	K	618	241.06	314442.3137	7667274.001	314437.8613	7667273.996	-90.06333257	Jul-20th-2024-09-24AM-Flight-Airdata	NA	4.452360125	NA	NA	adult
20240720006A	00:44.7	6123	90.6	4.7	-90	0	-21.09196138	55.22077834	315178.9411	7666641.768	40	K	346.59	636.355	315180.5064	7666640.714	315177.3758	7666642.823	-56.02355055	Jul-20th-2024-09-56AM-Flight-Airdata	NA	3.775050519	NA	NA	adult
20240720006A	00:15.9	5261	90.4	4.7	-89.9	0	-21.09201163	55.22074936	315175.9926	7666636.172	40	K	313.415	706.94	315177.3868	7666634.892	315174.5984	7666637.451	-47.46356996	Jul-20th-2024-09-56AM-Flight-Airdata	NA	3.784245775	NA	NA	adult
20240720006A	00:15.9	5261	90.4	4.7	-89.9	0	-21.09199405	55.22076483	315177.5782	7666638.137	40	K	331.765	682.235	315179.0565	7666636.677	315176.1	7666639.596	-45.36827112	Jul-20th-2024-09-56AM-Flight-Airdata	NA	4.154444475	NA	NA	adult
20240720006A	59:45.1	4338	90.4	42.6	-90	0	-21.09193099	55.22083896	315185.202	7666645.204	40	K	268.82	719.12	315185.7152	7666643.162	315184.6889	7666647.246	-14.10349955	Jul-20th-2024-09-56AM-Flight-Airdata	NA	4.211701054	NA	NA	adult
20240720006A	20/07/2024 05:50	9348	90.5	199.1	-89.9	0	-21.0932512	55.22126679	315231.2883	7666499.536	40	K	616.94	363.175	315229.609	7666497.88	315232.9677	7666501.191	45.40961348	Jul-20th-2024-09-43AM-Flight-Airdata	NA	4.716333838	NA	NA	adult
20240720006A	20/07/2024 05:50	9348	90.5	199.1	-89.9	0	-21.09312526	55.22149957	315255.3187	7666513.749	40	K	375.53	620.12	315253.0014	7666514.969	315257.6359	7666512.528	117.7746159	Jul-20th-2024-09-43AM-Flight-Airdata	NA	5.038048098	NA	NA	adult
20240720006A	20/07/2024 05:49	8722	87.1	199.1	-68.1	0	-21.09294792	55.22069223	315171.2155	7666532.446	40	K	1401.685	495.9	315176.3878	7666535.086	315166.0433	7666529.805	-117.0466989	Jul-20th-2024-09-43AM-Flight-Airdata	11.61470361	NA	NA	11.61470361	adult
20240720006A	50:23.2	9449	90.5	199.1	-89.9	0	-21.09298257	55.22076999	315179.3382	7666528.7	40	K	1402.6	496.205	315183.975	7666531.595	315174.7013	7666525.804	-121.9832176	Jul-20th-2024-09-43AM-Flight-Airdata	10.93330303	NA	NA	10.93330303	adult
20240720006A	50:28.6	9609	90.6	199.1	-90	0	-21.0929918	55.22078653	315181.068	7666527.696	40	K	1402.115	610.795	315185.4611	7666530.664	315176.6749	7666524.729	-124.039018	Jul-20th-2024-09-43AM-Flight-Airdata	10.6029152	NA	NA	10.6029152	adult
20240720006A	20/07/2024 05:51	10552	90.2	49.8	-89.9	0	-21.09331044	55.22137574	315242.6818	7666493.103	40	K	1413.905	391.23	315247.7236	7666496.832	315237.64	7666489.375	-126.4817194	Jul-20th-2024-09-43AM-Flight-Airdata	12.54103429	NA	NA	12.54103429	adult
20240720006A	52:29.6	13232	90.2	330.4	-90	0	-21.09265486	55.22146906	315251.5675	7666565.793	40	K	1198.16	550.67	315255.7983	7666569.767	315247.3367	7666561.818	-133.2089073	Jul-20th-2024-09-43AM-Flight-Airdata	11.60936437	NA	NA	11.60936437	adult
20240720006A	20/07/2024 05:53	15042	90.8	330.4	-90	0	-21.09257401	55.22146611	315251.1603	7666574.741	40	K	1238.68	525.415	315255.472	7666578.987	315246.8486	7666570.496	-134.5559796	Jul-20th-2024-09-43AM-Flight-Airdata	12.1019629	NA	NA	12.1019629	adult
20240720006A	59:37.9	4126	90.4	42.6	-89.9	0	-21.09236495	55.22140214	315244.2556	7666597.812	40	K	1277.53	660.71	315247.5326	7666602.639	315240.9786	7666592.985	-145.828718	Jul-20th-2024-09-56AM-Flight-Airdata	11.66886784	NA	NA	11.66886784	adult
20240720006A	59:45.5	4354	90.4	42.6	-90	0	-21.09234211	55.22141729	315245.8015	7666600.359	40	K	1269.235	624.49	315249.0712	7666605.197	315242.5317	7666595.521	-145.9477143	Jul-20th-2024-09-56AM-Flight-Airdata	11.67868925	NA	NA	11.67868925	adult
20240720006A	59:47.3	4403	90.4	42.6	-90	0	-21.09234095	55.22141847	315245.9223	7666600.489	40	K	1269.235	622.96	315249.1418	7666605.271	315242.7028	7666595.707	-146.0504475	Jul-20th-2024-09-56AM-Flight-Airdata	11.52986219	NA	NA	11.52986219	adult
20240720006A	59:56.7	4686	90.4	4.7	-90	0	-21.0920657	55.22151027	315255.1201	7666631.069	40	K	1273.54	488.2	315258.0811	7666636.023	315252.1591	7666626.115	-149.132286	Jul-20th-2024-09-56AM-Flight-Airdata	11.54248791	NA	NA	11.54248791	adult
20240720006A	00:03.3	4888	90.4	4.7	-90	0	-21.09208586	55.22146706	315250.6553	7666628.787	40	K	1282.435	646.285	315253.683	7666633.681	315247.6276	7666623.892	-148.259836	Jul-20th-2024-09-56AM-Flight-Airdata	11.51064619	NA	NA	11.51064619	adult
20240720006A	59:47.5	4414	90.4	42.5	-89.9	0	-21.09238491	55.22138583	315242.5852	7666595.584	40	K	1280.4	697.475	315241.1306	7666596.652	315244.0399	7666594.516	126.285412	Jul-20th-2024-09-56AM-Flight-Airdata	3.609238109	NA	3.609238109	NA	adult
20240720006A	59:51.9	4543	90.4	11.2	-89.9	0	-21.09223084	55.22148135	315252.3192	7666612.753	40	K	1227.94	601.29	315250.7487	7666613.773	315253.8898	7666611.732	123.0194016	Jul-20th-2024-09-56AM-Flight-Airdata	3.746217451	NA	3.746217451	NA	adult
20240720006A	00:03.9	4901	90.4	4.7	-90	0	-21.09213181	55.22143504	315247.3852	7666623.662	40	K	1243.385	712.45	315245.9423	7666624.798	315248.828	7666622.526	128.2228034	Jul-20th-2024-09-56AM-Flight-Airdata	3.673171127	NA	3.673171127	NA	adult
20240720006A	00:12.7	5168	90.4	4.7	-89.9	0	-21.09209411	55.2214275	315246.5551	7666627.827	40	K	1263.325	740.43	315245.192	7666629.072	315247.9182	7666626.583	132.3892061	Jul-20th-2024-09-56AM-Flight-Airdata	3.691114426	NA	3.691114426	NA	adult
20240720006A	00:37.9	5924	90.6	4.7	-90	0	-21.09202445	55.22146723	315250.5964	7666635.586	40	K	1307.09	639.775	315249.4471	7666636.981	315251.7458	7666634.191	140.5145938	Jul-20th-2024-09-56AM-Flight-Airdata	3.614952269	NA	3.614952269	NA	adult
20240720008A	53:32.4	15118	90.7	330.4	-89.9	0	-21.09259731	55.2214341	315247.8638	7666572.124	40	K	1179.03	535.65	315246.7789	7666573.619	315248.9488	7666570.628	144.0392596	Jul-20th-2024-09-43AM-Flight-Airdata	3.695244578	NA	3.695244578	NA	adult
20240720008A	20/07/2024 05:50	9653	90.5	199.1	-89.9	0	-21.09301618	55.22074239	315176.5122	7666524.946	40	K	1447.3	562.765	315177.3982	7666523.302	315175.6261	7666526.591	-28.31070211	Jul-20th-2024-09-43AM-Flight-Airdata	3.736568718	NA	3.736568718	NA	adult
20240720008A	51:06.6	10747	90.3	49.8	-89.9	0	-21.09327738	55.22132668	315237.5437	7666496.706	40	K	1393.81	695.89	315236.6044	7666498.334	315238.4831	7666495.078	150.0105987	Jul-20th-2024-09-43AM-Flight-Airdata	3.758503732	NA	3.758503732	NA	adult
20240720008A	20/07/2024 05:51	11120	90.8	49.8	-89.9	0	-21.0932638	55.22133834	315238.7389	7666498.223	40	K	1383.985	675.25	315238.0327	7666499.984	315239.4451	7666496.463	158.143606	Jul-20th-2024-09-43AM-Flight-Airdata	3.793989042	NA	3.793989042	NA	adult
20240722001A	09:04.4	15899	119.7	10.2	-89.9	0	-21.00039891	55.17769758	310586.8806	7676728.48	40	K	205.62	286.71	310587.2652	7676730.143	310586.4959	7676726.817	-166.9780037	Jul-22nd-2024-08-59AM-Flight-Airdata	NA	3.413833259	NA	NA	adult
20240722001A	08:07.4	14186	106.2	356.3	-89.9	0	-21.00163889	55.17767827	310586.4387	7676591.172	40	K	372.135	406.89	310588.0358	7676590.404	310584.8416	7676591.94	-64.31865184	Jul-22nd-2024-08-59AM-Flight-Airdata	NA	3.544357835	NA	NA	adult
20240722001A	08:04.2	14090	106.2	348.9	-90	0	-21.00176376	55.17762057	310580.5974	7676577.279	40	K	300.465	467.705	310582.1651	7676576.421	310579.0297	7676578.138	-61.30371305	Jul-22nd-2024-08-59AM-Flight-Airdata	NA	3.574415676	NA	NA	adult
20240722001A	08:58.4	15714	119.7	27.2	-89.9	0	-21.00031438	55.17785281	310602.9136	7676738.022	40	K	217.93	316.395	310603.3312	7676739.815	310602.496	7676736.229	-166.8869133	Jul-22nd-2024-08-59AM-Flight-Airdata	NA	3.681586461	NA	NA	adult
20240722001A	07:58.6	13924	106.3	348.9	-90	0	-21.00162056	55.17841515	310663.0267	7676594.075	40	K	1257.72	460.54	310665.392	7676598.224	310660.6614	7676589.927	-150.3110563	Jul-22nd-2024-08-59AM-Flight-Airdata	9.551161089	NA	NA	9.551161089	adult
20240722001A	08:49.8	15456	119.7	56.9	-90	0	-21.00100576	55.1786183	310683.3724	7676662.383	40	K	1113.265	349.325	310678.6387	7676663.183	310688.106	7676661.582	99.59923794	Jul-22nd-2024-08-59AM-Flight-Airdata	9.601706996	NA	NA	9.601706996	adult
20240722001A	08:51.4	15507	119.8	49.6	-90	0	-21.0009516	55.17857643	310678.95	7676668.33	40	K	1093.32	409.775	310674.1813	7676669.476	310683.7188	7676667.184	103.5140486	Jul-22nd-2024-08-59AM-Flight-Airdata	9.809115008	NA	NA	9.809115008	adult
20240722001A	08:53.2	15559	119.8	34.8	-89.9	0	-21.00084134	55.17864347	310685.7815	7676680.617	40	K	1110.245	320.92	310681.1545	7676681.913	310690.4084	7676679.32	105.6516836	Jul-22nd-2024-08-59AM-Flight-Airdata	9.610344973	NA	NA	9.610344973	adult
20240722001A	07:56.4	13858	106.4	348.9	-89.9	0	-21.0017007	55.17835664	310657.0444	7676585.134	40	K	1170.07	541.265	310655.8726	7676585.939	310658.2163	7676584.328	124.4974307	Jul-22nd-2024-08-59AM-Flight-Airdata	2.84376956	NA	2.84376956	NA	adult
20240722001A	08:06.4	14159	106.2	353.4	-89.9	0	-21.00153629	55.17852771	310674.6229	7676603.539	40	K	1393.2	357.775	310673.479	7676604.502	310675.7668	7676602.576	130.0944017	Jul-22nd-2024-08-59AM-Flight-Airdata	2.990623139	NA	2.990623139	NA	adult
20240722001A	22/07/2024 05:08	14207	106.2	358	-89.9	0	-21.00154123	55.17855671	310677.6442	7676603.026	40	K	1409.225	332.515	310676.4529	7676603.975	310678.8355	7676602.076	128.5662052	Jul-22nd-2024-08-59AM-Flight-Airdata	3.04730148	NA	3.04730148	NA	adult
20240722001A	08:49.4	15447	119.7	56.9	-89.9	0	-21.00103075	55.1786784	310689.6519	7676659.687	40	K	1158.57	301.18	310690.0607	7676660.991	310689.2432	7676658.383	-162.5949154	Jul-22nd-2024-08-59AM-Flight-Airdata	2.732994376	NA	2.732994376	NA	adult
20240722001A	08:52.8	15547	119.8	37.6	-90	0	-21.00087562	55.1786758	310689.1861	7676676.86	40	K	1150.7	321.19	310689.4159	7676678.307	310688.9563	7676675.413	-170.9769282	Jul-22nd-2024-08-59AM-Flight-Airdata	2.930680266	NA	2.930680266	NA	adult
20240722001A	09:01.4	15805	119.7	13.4	-89.9	0	-21.00060844	55.1785602	310676.8302	7676706.303	40	K	1111.205	318.79	310677.2281	7676707.715	310676.4323	7676704.891	-164.2636269	Jul-22nd-2024-08-59AM-Flight-Airdata	2.934062044	NA	2.934062044	NA	adult
20240722002A	08:08.8	14230	106.2	2.1	-90	0	-21.00177654	55.17767662	310586.4404	7676575.931	40	K	365.62	616.855	310588.016	7676575.46	310584.8649	7676576.401	-73.37691923	Jul-22nd-2024-08-59AM-Flight-Airdata	NA	3.288593064	NA	NA	adult
20240722002A	08:18.6	14524	111.7	29.6	-89.9	0	-21.00147515	55.17779023	310597.8719	7676609.433	40	K	421.37	498.115	310599.7037	7676608.894	310596.0401	7676609.972	-73.59739884	Jul-22nd-2024-08-59AM-Flight-Airdata	NA	3.818995331	NA	NA	adult
20240722002A	09:06.8	15967	119.8	9.7	-89.9	0	-21.00052529	55.17783961	310601.8071	7676714.655	40	K	371.41	373.585	310602.4686	7676716.508	310601.1457	7676712.801	-160.3594975	Jul-22nd-2024-08-59AM-Flight-Airdata	NA	3.935881997	NA	NA	adult
20240722002A	07:57.6	13895	106.3	348.9	-90	0	-21.00171519	55.17844967	310666.7351	7676583.64	40	K	1276.335	574.165	310667.9173	7676588.806	310665.5529	7676578.474	-167.1101336	Jul-22nd-2024-08-59AM-Flight-Airdata	10.5991574	NA	NA	10.5991574	adult
20240722002A	08:50.2	15469	119.7	56.9	-90	0	-21.00107868	55.17860274	310681.8465	7676654.292	40	K	1190.635	419.445	310677.0893	7676656.512	310686.6037	7676652.071	115.0204426	Jul-22nd-2024-08-59AM-Flight-Airdata	10.49979816	NA	NA	10.49979816	adult
20240722002A	07:57.6	13895	106.3	348.9	-90	0	-21.00176425	55.17843612	310665.3883	7676578.192	40	K	1249.05	627.085	310663.8667	7676578.642	310666.9099	7676577.742	106.4652758	Jul-22nd-2024-08-59AM-Flight-Airdata	3.17328784	NA	3.17328784	NA	adult
20240722002A	08:04.8	14110	106.2	348.9	-90	0	-21.00162597	55.17850612	310672.4911	7676593.584	40	K	1363.14	484.575	310671.0866	7676594.269	310673.8956	7676592.898	116.0210828	Jul-22nd-2024-08-59AM-Flight-Airdata	3.125847874	NA	3.125847874	NA	adult
20240722002A	22/07/2024 05:08	15433	119.7	56.9	-90	0	-21.00114365	55.1786873	310690.7193	7676647.198	40	K	1259.685	340.23	310691.9539	7676648.431	310689.4847	7676645.966	-134.9529086	Jul-22nd-2024-08-59AM-Flight-Airdata	3.489019397	NA	3.489019397	NA	adult
20240722002A	08:55.8	15639	119.7	27.2	-89.9	0	-21.00086126	55.17874006	310695.8489	7676678.525	40	K	1246.8	321	310696.2535	7676680.133	310695.4442	7676676.918	-165.871788	Jul-22nd-2024-08-59AM-Flight-Airdata	3.315777815	NA	3.315777815	NA	adult
20240722003A	08:22.4	14638	119.2	29.6	-89.9	0	-21.00132966	55.17791578	310610.7414	7676625.691	40	K	487.975	314.945	310612.4049	7676624.841	310609.0779	7676626.541	-62.93514667	Jul-22nd-2024-08-59AM-Flight-Airdata	NA	3.736129788	NA	NA	adult
20240722003A	22/07/2024 05:09	16546	119.8	302.2	-89.9	0	-21.00088798	55.17776174	310594.169	7676674.408	40	K	469.155	220.825	310595.118	7676676.063	310593.2201	7676672.752	-150.1831474	Jul-22nd-2024-08-59AM-Flight-Airdata	NA	3.816935471	NA	NA	adult
20240722003A	09:19.6	16351	119.9	335	-90	0	-21.0007585	55.1776067	310577.8861	7676688.559	40	K	264.26	325.8	310578.3941	7676690.405	310577.3781	7676686.713	-164.6114309	Jul-22nd-2024-08-59AM-Flight-Airdata	NA	3.82859897	NA	NA	adult
20240722003A	08:14.6	14406	106.2	29.6	-90	0	-21.00137426	55.17790849	310610.0397	7676620.744	40	K	453.23	332.315	310611.7361	7676619.853	310608.3432	7676621.634	-62.29928672	Jul-22nd-2024-08-59AM-Flight-Airdata	NA	3.832009273	NA	NA	adult
20240722003A	09:19.6	16351	119.9	335	-90	0	-21.0007718	55.1776792	310585.441	7676687.173	40	K	324.35	363.45	310586.0076	7676689.028	310584.8743	7676685.317	-163.0188438	Jul-22nd-2024-08-59AM-Flight-Airdata	NA	3.880309019	NA	NA	adult
20240722003A	07:58.8	13931	106.3	348.9	-89.9	0	-21.00176212	55.17848476	310670.4423	7676578.485	40	K	1306.555	636.275	310672.5228	7676583.651	310668.3619	7676573.318	-158.0671373	Jul-22nd-2024-08-59AM-Flight-Airdata	11.13983507	NA	NA	11.13983507	adult
20240722003A	22/07/2024 05:08	14236	106.2	4.5	-89.9	0	-21.00166136	55.17862513	310684.9095	7676589.807	40	K	1474.015	418.45	310687.5427	7676594.958	310682.2762	7676584.656	-152.9214348	Jul-22nd-2024-08-59AM-Flight-Airdata	11.56943473	NA	NA	11.56943473	adult
20240722003A	22/07/2024 05:08	14415	106.2	29.6	-89.9	0	-21.00172278	55.17864777	310687.3405	7676583.034	40	K	1428.18	276.015	310690.5213	7676587.861	310684.1597	7676578.206	-146.6209125	Jul-22nd-2024-08-59AM-Flight-Airdata	11.56288458	NA	NA	11.56288458	adult
20240722003A	22/07/2024 05:08	14503	109.8	29.6	-89.9	0	-21.00169004	55.17869605	310692.3186	7676586.716	40	K	1438.08	227.635	310696.3525	7676591.054	310688.2847	7676582.377	-137.0833333	Jul-22nd-2024-08-59AM-Flight-Airdata	11.84804243	NA	NA	11.84804243	adult
20240722003A	09:12.2	16132	119.8	9.7	-89.9	0	-21.00065974	55.17846611	310667.1128	7676700.512	40	K	1108.875	473.845	310662.6123	7676703.388	310671.6133	7676697.636	122.5811477	Jul-22nd-2024-08-59AM-Flight-Airdata	10.68204533	NA	NA	10.68204533	adult
20240722003A	22/07/2024 05:11	20649	62.7	3.5	-83.5	0	-20.99888797	55.17737714	310551.6577	7676895.382	40	K	1427.305	593.255	310551.8489	7676900.952	310551.4664	7676889.813	-178.0333013	Jul-22nd-2024-08-59AM-Flight-Airdata	11.14598247	NA	NA	11.14598247	adult
20240722003A	08:06.4	14158	106.2	353.4	-89.9	0	-21.00168241	55.17856743	310678.9373	7676587.408	40	K	1421.48	528.795	310677.4455	7676587.882	310680.429	7676586.933	107.6500585	Jul-22nd-2024-08-59AM-Flight-Airdata	3.130938077	NA	3.130938077	NA	adult
20240722003A	09:17.6	16294	119.9	342.4	-89.9	0	-21.00041153	55.17842896	310662.9365	7676727.948	40	K	1168.265	292.635	310661.9696	7676726.517	310663.9034	7676729.38	34.03208612	Jul-22nd-2024-08-59AM-Flight-Airdata	3.455298498	NA	3.455298498	NA	adult
20240722003A	09:20.2	16372	119.9	332	-89.9	0	-21.00030844	55.17835163	310654.7666	7676739.271	40	K	1193.515	204.11	310653.4653	7676738.342	310656.0679	7676740.199	54.49208579	Jul-22nd-2024-08-59AM-Flight-Airdata	3.197199684	NA	3.197199684	NA	adult
20240722004A	08:07.6	14192	106.2	356.9	-90	0	-21.00194109	55.17785025	310604.7003	7676557.918	40	K	557.49	762.375	310606.146	7676557.332	310603.2546	7676558.505	-67.92130121	Jul-22nd-2024-08-59AM-Flight-Airdata	NA	3.120213952	NA	NA	adult
20240722004A	07:17.4	12691	112.2	336.6	-81.2	0	-21.00216069	55.17778494	310598.1878	7676533.528	40	K	559.655	466.98	310598.8672	7676535.092	310597.5084	7676531.964	-156.5207167	Jul-22nd-2024-08-59AM-Flight-Airdata	NA	3.410463634	NA	NA	adult
20240722004A	07:20.2	12775	112.3	336.6	-89.9	0	-21.00212534	55.17762758	310581.7828	7676537.255	40	K	434.4	238.195	310581.6048	7676539.011	310581.9607	7676535.5	174.2107044	Jul-22nd-2024-08-59AM-Flight-Airdata	NA	3.528941832	NA	NA	adult
20240722004A	07:17.4	12691	112.2	336.6	-81.2	0	-21.00212708	55.17785154	310605.0694	7676537.328	40	K	642.19	460.47	310604.7826	7676539.079	310605.3562	7676535.577	170.6959384	Jul-22nd-2024-08-59AM-Flight-Airdata	NA	3.548433472	NA	NA	adult
20240722004A	08:01.2	14000	106.3	348.9	-90	0	-21.00183305	55.17865444	310688.1727	7676570.833	40	K	1484.96	745.8	310690.2881	7676575.981	310686.0574	7676565.685	-157.6617641	Jul-22nd-2024-08-59AM-Flight-Airdata	11.13128612	NA	NA	11.13128612	adult
20240722004A	08:58.8	15731	119.7	27.2	-90	0	-21.00090902	55.17878203	310700.2721	7676673.288	40	K	1398.535	443.615	310698.8494	7676678.437	310701.6947	7676668.139	164.5553466	Jul-22nd-2024-08-59AM-Flight-Airdata	10.68419179	NA	NA	10.68419179	adult
20240722004A	22/07/2024 05:07	12406	112.3	342.4	-67	0	-21.00168391	55.17885853	310709.2037	7676587.587	40	K	1465.02	390.435	310714.6345	7676588.324	310703.773	7676586.85	-97.72867894	Jul-22nd-2024-08-59AM-Flight-Airdata	10.96106893	NA	NA	10.96106893	adult
20240722004A	08:01.2	14000	106.3	348.9	-90	0	-21.00187923	55.17863066	310685.7591	7676565.692	40	K	1447.25	793.52	310684.1442	7676566.374	310687.3741	7676565.011	112.8728147	Jul-22nd-2024-08-59AM-Flight-Airdata	3.50553931	NA	3.50553931	NA	adult
20240722004A	08:01.6	14013	106.2	348.9	-90	0	-21.00187132	55.17863279	310685.9707	7676566.57	40	K	1451.645	784.96	310684.4522	7676567.435	310687.4892	7676565.704	119.6875141	Jul-22nd-2024-08-59AM-Flight-Airdata	3.495817879	NA	3.495817879	NA	adult
20240722004A	08:59.2	15743	119.7	27.2	-90	0	-21.00094717	55.17879097	310701.2504	7676669.075	40	K	1437.715	486.27	310702.8538	7676669.818	310699.647	7676668.331	-114.8698767	Jul-22nd-2024-08-59AM-Flight-Airdata	3.534665412	NA	3.534665412	NA	adult
20240722004A	22/07/2024 05:07	12407	112.3	342.4	-67	0	-21.00168576	55.17881629	310704.8139	7676587.332	40	K	1424.445	382.28	310704.9124	7676589.333	310704.7155	7676585.33	-177.1840982	Jul-22nd-2024-08-59AM-Flight-Airdata	4.007996238	NA	4.007996238	NA	adult
20240722005A	08:24.2	14690	119.6	29.6	-90	0	-21.00158064	55.17784071	310603.2538	7676597.814	40	K	563.28	568.345	310604.8391	7676597.723	310601.6685	7676597.904	-86.73858277	Jul-22nd-2024-08-59AM-Flight-Airdata	NA	3.175780833	NA	NA	adult
20240722005A	08:44.8	15309	119.9	60.9	-89.9	0	-21.00091006	55.17801261	310620.2793	7676672.261	40	K	530.7	626.27	310621.6232	7676670.973	310618.9353	7676673.549	-46.22436371	Jul-22nd-2024-08-59AM-Flight-Airdata	NA	3.722530872	NA	NA	adult
20240722005A	22/07/2024 05:09	15764	119.7	24.2	-89.9	0	-21.00072263	55.17786554	310604.7519	7676692.838	40	K	459.015	682.74	310606.2796	7676691.721	310603.2241	7676693.955	-53.82453254	Jul-22nd-2024-08-59AM-Flight-Airdata	NA	3.785276224	NA	NA	adult
20240722005A	09:17.6	16293	119.9	342.4	-89.9	0	-21.00089021	55.17755278	310572.4469	7676673.913	40	K	145.52	519.11	310572.1943	7676675.962	310572.6994	7676671.865	172.9711928	Jul-22nd-2024-08-59AM-Flight-Airdata	NA	4.128378907	NA	NA	adult
20240722005A	09:13.2	16159	119.8	7.4	-90	0	-21.00074768	55.17752363	310569.2355	7676689.659	40	K	158.555	689.255	310570.2446	7676691.541	310568.2264	7676687.777	-151.8043132	Jul-22nd-2024-08-59AM-Flight-Airdata	NA	4.271613921	NA	NA	adult
20240722005A	09:25.6	16531	119.9	302.2	-89.9	0	-21.00107447	55.17758383	310575.9074	7676653.549	40	K	207.79	193.31	310576.6195	7676655.596	310575.1952	7676651.502	-160.8177598	Jul-22nd-2024-08-59AM-Flight-Airdata	NA	4.334607812	NA	NA	adult
20240722005A	08:08.2	14214	106.2	358.5	-90	0	-21.00188499	55.17855952	310678.3705	7676564.969	40	K	1404.58	721.025	310679.1404	7676570.75	310677.6007	7676559.189	-172.414138	Jul-22nd-2024-08-59AM-Flight-Airdata	11.66281806	NA	NA	11.66281806	adult
20240722005A	08:11.8	14318	106.2	19	-89.9	0	-21.00196447	55.17855266	310677.757	7676556.162	40	K	1471.67	655.755	310679.0597	7676561.852	310676.4542	7676550.472	-167.1047214	Jul-22nd-2024-08-59AM-Flight-Airdata	11.67483427	NA	NA	11.67483427	adult
20240722005A	08:15.2	14420	106.2	29.6	-90	0	-21.00197387	55.17855529	310678.0427	7676555.125	40	K	1493.425	572.95	310679.106	7676560.876	310676.9793	7676549.373	-169.5258162	Jul-22nd-2024-08-59AM-Flight-Airdata	11.69845842	NA	NA	11.69845842	adult
20240722005A	08:23.2	14662	119.3	29.6	-90	0	-21.00186776	55.17868116	310690.9951	7676567.022	40	K	1487.38	415.815	310693.6791	7676572.306	310688.3111	7676561.737	-153.0735392	Jul-22nd-2024-08-59AM-Flight-Airdata	11.85395224	NA	NA	11.85395224	adult
20240722005A	08:35.2	15018	119.8	50.4	-89.9	0	-21.00175099	55.17861568	310684.0396	7676579.872	40	K	1493.42	398.895	310688.8185	7676583.22	310679.2607	7676576.524	-125.0145932	Jul-22nd-2024-08-59AM-Flight-Airdata	11.67003134	NA	NA	11.67003134	adult
20240722005A	08:59.8	15760	119.7	26.1	-89.9	0	-21.00102612	55.17853	310674.217	7676660.025	40	K	1239.58	687.78	310668.6297	7676660.503	310679.8044	7676659.547	94.8910924	Jul-22nd-2024-08-59AM-Flight-Airdata	11.21553385	NA	NA	11.21553385	adult
20240722005A	09:13.4	16167	119.8	5.5	-89.9	0	-21.00083744	55.17835766	310656.0611	7676680.71	40	K	1015.965	679.925	310650.5854	7676681.387	310661.5369	7676680.033	97.0511625	Jul-22nd-2024-08-59AM-Flight-Airdata	11.03500254	NA	NA	11.03500254	adult
20240722005A	08:13.2	14362	106.2	26.5	-89.9	0	-21.00203914	55.17852789	310675.2762	7676547.866	40	K	1499.51	681.31	310673.5101	7676548.378	310677.0423	7676547.355	106.1557656	Jul-22nd-2024-08-59AM-Flight-Airdata	3.67738685	NA	3.67738685	NA	adult
20240722005A	22/07/2024 05:08	14415	106.2	29.6	-89.9	0	-21.00202906	55.17853881	310676.3991	7676548.995	40	K	1511.115	638.02	310674.601	7676549.435	310678.1972	7676548.555	103.7539014	Jul-22nd-2024-08-59AM-Flight-Airdata	3.702392367	NA	3.702392367	NA	adult
20240722005A	08:24.6	14702	119.6	29.6	-90	0	-21.00189745	55.17866311	310689.1557	7676563.713	40	K	1486.11	451.43	310687.5497	7676564.723	310690.7617	7676562.704	122.1557535	Jul-22nd-2024-08-59AM-Flight-Airdata	3.793929783	NA	3.793929783	NA	adult
20240722005A	08:28.2	14811	119.9	29.6	-89.9	0	-21.00183141	55.17870908	310693.8519	7676571.079	40	K	1494.665	381.725	310692.3082	7676572.187	310695.3956	7676569.972	125.6579434	Jul-22nd-2024-08-59AM-Flight-Airdata	3.799851947	NA	3.799851947	NA	adult
20240722005A	09:03.2	15862	119.7	10.2	-89.9	0	-21.00090144	55.17858156	310679.4205	7676673.889	40	K	1212.76	620.33	310680.0927	7676675.774	310678.7483	7676672.004	-160.3750889	Jul-22nd-2024-08-59AM-Flight-Airdata	4.002898538	NA	4.002898538	NA	adult
20240722005A	09:04.6	15904	119.7	10.2	-90	0	-21.0008931	55.17856285	310677.4642	7676674.79	40	K	1191.58	612.8	310678.0297	7676676.76	310676.8987	7676672.821	-163.9816989	Jul-22nd-2024-08-59AM-Flight-Airdata	4.098718722	NA	4.098718722	NA	adult
20240722005A	22/07/2024 05:09	16211	119.9	354.6	-89.9	0	-21.00074739	55.17839487	310659.8163	7676690.724	40	K	1036.195	598.34	310660.2272	7676692.72	310659.4055	7676688.728	-168.3669569	Jul-22nd-2024-08-59AM-Flight-Airdata	4.075079418	NA	4.075079418	NA	adult
20240722006A	45:09.5	23813	108.3	45.9	-85.3	0	-20.96054741	55.16349157	309059.2531	7681123.734	40	K	284.295	607.035	309060.2226	7681122.44	309058.2837	7681125.029	-36.83680372	Jul-22nd-2024-11-31AM-Flight-Airdata	NA	3.233948201	NA	NA	adult
20240722006A	45:53.9	25140	111	49.7	-90	0	-20.96030782	55.16316066	309024.5363	7681149.866	40	K	496.075	813.74	309025.3412	7681148.435	309023.7314	7681151.296	-29.36318612	Jul-22nd-2024-11-31AM-Flight-Airdata	NA	3.282985414	NA	NA	adult
20240722006A	45:04.5	23662	108.1	81.5	-85.3	0	-20.96058629	55.16373572	309084.6936	7681119.721	40	K	324.19	676.67	309085.7278	7681118.248	309083.6593	7681121.194	-35.07457397	Jul-22nd-2024-11-31AM-Flight-Airdata	NA	3.599580456	NA	NA	adult
20240722006A	45:13.1	23921	108.3	45.9	-89.9	0	-20.96097408	55.16399636	309112.2911	7681077.097	40	K	1291.645	529.18	309116.5526	7681080.738	309108.0297	7681073.457	-130.509077	Jul-22nd-2024-11-31AM-Flight-Airdata	11.20990394	NA	NA	11.20990394	adult
20240722006A	45:05.9	23705	108.2	81.5	-85.3	0	-20.96122463	55.16395236	309108.034	7681049.306	40	K	1211.21	568.355	309112.4732	7681052.717	309103.5949	7681045.894	-127.5451648	Jul-22nd-2024-11-31AM-Flight-Airdata	11.19770683	NA	NA	11.19770683	adult
20240722006A	45:08.5	23782	108.3	45.9	-85.3	0	-20.9610447	55.16418813	309132.324	7681069.507	40	K	1280.81	457.48	309136.7119	7681073.109	309127.9362	7681065.905	-129.3814462	Jul-22nd-2024-11-31AM-Flight-Airdata	11.35368032	NA	NA	11.35368032	adult
20240722006A	45:08.5	23782	108.3	45.9	-85.3	0	-20.96108083	55.16414215	309127.5885	7681065.453	40	K	1278.355	519.845	309126.3299	7681066.651	309128.8471	7681064.254	133.5972334	Jul-22nd-2024-11-31AM-Flight-Airdata	3.475772167	NA	3.475772167	NA	adult
20240722006A	45:13.1	23921	108.3	45.9	-89.9	0	-20.96100987	55.16395417	309107.9498	7681073.085	40	K	1290.13	589.41	309106.6904	7681074.277	309109.2092	7681071.892	133.4378198	Jul-22nd-2024-11-31AM-Flight-Airdata	3.468807164	NA	3.468807164	NA	adult
20240722006A	45:07.3	23748	108.3	66.9	-85.3	0	-20.96116408	55.16400734	309113.6741	7681056.074	40	K	1246.62	588.795	309112.5896	7681057.469	309114.7586	7681054.679	142.1381988	Jul-22nd-2024-11-31AM-Flight-Airdata	3.533914502	NA	3.533914502	NA	adult
20240722007A	45:11.1	23861	108.3	45.9	-89.9	0	-20.96055342	55.16350218	309060.3641	7681123.082	40	K	382.935	541.765	309061.2807	7681121.623	309059.4475	7681124.541	-32.13282822	Jul-22nd-2024-11-31AM-Flight-Airdata	NA	3.446683674	NA	NA	adult
20240722007A	46:01.5	25372	110.8	73.2	-89.9	0	-20.96005291	55.16334436	309043.316	7681178.307	40	K	642.575	725.98	309044.7936	7681177.214	309041.8383	7681179.399	-53.52228821	Jul-22nd-2024-11-31AM-Flight-Airdata	NA	3.675444567	NA	NA	adult
20240722007A	45:04.9	23672	108.1	81.5	-85.3	0	-20.96073604	55.16363471	309074.3792	7681103.021	40	K	496.075	808.66	309075.818	7681101.717	309072.9403	7681104.324	-47.81964593	Jul-22nd-2024-11-31AM-Flight-Airdata	NA	3.883358029	NA	NA	adult
20240722007A	45:09.1	23797	108.3	45.9	-85.3	0	-20.96063264	55.16351346	309061.6383	7681114.325	40	K	371.33	655.63	309062.9026	7681112.836	309060.3741	7681115.813	-40.34396591	Jul-22nd-2024-11-31AM-Flight-Airdata	NA	3.90574287	NA	NA	adult
20240722007A	45:04.9	23672	108.1	81.5	-85.3	0	-20.9607022	55.16367378	309078.3988	7681106.814	40	K	461.99	762.965	309079.7888	7681105.308	309077.0088	7681108.321	-42.69897861	Jul-22nd-2024-11-31AM-Flight-Airdata	NA	4.099302338	NA	NA	adult
20240722007A	45:04.7	23668	108.1	81.5	-85.3	0	-20.96134831	55.16401954	309115.1772	7681035.693	40	K	1309.46	497.635	309119.9055	7681039.391	309110.4489	7681031.994	-128.0328332	Jul-22nd-2024-11-31AM-Flight-Airdata	12.00601091	NA	NA	12.00601091	adult
20240722007A	45:09.7	23815	108.3	45.9	-85.3	0	-20.96110593	55.16421746	309135.4522	7681062.764	40	K	1369.26	484.97	309140.1593	7681066.427	309130.745	7681059.101	-127.8894746	Jul-22nd-2024-11-31AM-Flight-Airdata	11.92897145	NA	NA	11.92897145	adult
20240722007A	45:01.9	23581	108.1	81.5	-73.2	0	-20.96150126	55.16409293	309123.0038	7681018.846	40	K	1323.645	623.815	309127.9524	7681021.942	309118.0552	7681015.75	-122.0306176	Jul-22nd-2024-11-31AM-Flight-Airdata	11.67453142	NA	NA	11.67453142	adult
20240722007A	45:14.5	23964	108.3	45.9	-90	0	-20.96099192	55.16385943	309098.0739	7681074.959	40	K	1382.94	703.89	309102.6542	7681078.888	309093.4937	7681071.03	-130.6225409	Jul-22nd-2024-11-31AM-Flight-Airdata	12.06894093	NA	NA	12.06894093	adult
20240722007A	45:01.9	23581	108.1	81.5	-73.2	0	-20.9615281	55.16404288	309117.8327	7681015.815	40	K	1353.11	678.165	309116.7495	7681017.452	309118.9159	7681014.179	146.4977913	Jul-22nd-2024-11-31AM-Flight-Airdata	3.924881626	NA	3.924881626	NA	adult
20240722007A	45:01.7	23575	108.1	81.5	-73.2	0	-20.961551	55.16405919	309119.5575	7681013.299	40	K	1354.385	656.42	309118.4874	7681014.88	309120.6276	7681011.719	145.8981733	Jul-22nd-2024-11-31AM-Flight-Airdata	3.817207417	NA	3.817207417	NA	adult
20240722007A	45:05.9	23701	108.2	81.5	-85.3	0	-20.96132965	55.16394342	309107.2378	7681037.667	40	K	1339.965	593.61	309106.042	7681039.043	309108.4335	7681036.291	139.0092114	Jul-22nd-2024-11-31AM-Flight-Airdata	3.645933541	NA	3.645933541	NA	adult
20240722012A	00:18.4	13676	93.5	77.6	-35.4	0	-21.01159922	55.18218932	311067.9847	7675493.761	40	K	1394.215	581.88	311069.4474	7675493.085	311066.522	7675494.437	-65.18792957	Jul-24th-2024-11-52AM-Flight-Airdata	3.22287473	NA	3.22287473	NA	adult
20240722013A	00:18.6	13687	93.6	77.6	-36.9	0	-21.01153728	55.18205755	311054.2079	7675500.463	40	K	1343.87	612.185	311056.0311	7675499.64	311052.3846	7675501.285	-65.72109625	Jul-24th-2024-11-52AM-Flight-Airdata	4.000335877	NA	4.000335877	NA	adult
20240722013A	00:18.6	13685	93.6	77.6	-36.9	0	-21.01153704	55.18205177	311053.6068	7675500.483	40	K	1343.87	615.115	311055.4185	7675499.663	311051.7952	7675501.302	-65.66302982	Jul-24th-2024-11-52AM-Flight-Airdata	3.976698489	NA	3.976698489	NA	adult
20240722014A	03:09.8	18818	92.3	328.5	-36.3	0	-21.00282367	55.18061821	310893.5888	7676463.483	40	K	1294.695	610.87	310893.8798	7676464.985	310893.2977	7676461.98	-169.0390641	Jul-24th-2024-11-52AM-Flight-Airdata	3.061417869	NA	3.061417869	NA	adult
20240722014A	03:09.4	18802	92.3	329.6	-36.3	0	-21.00282802	55.18063945	310895.8026	7676463.026	40	K	1301.015	615.23	310896.1216	7676464.477	310895.4836	7676461.575	-167.6011821	Jul-24th-2024-11-52AM-Flight-Airdata	2.971562414	NA	2.971562414	NA	adult
20240723002A	58:45.4	312	90	166.5	-90	0	-21.07422267	55.20978992	314015.1347	7668592.893	40	K	428.39	625.945	314013.4052	7668593.003	314016.8641	7668592.782	93.65064727	Jul-23rd-2024-04-42PM-Flight-Airdata	NA	3.465958206	NA	NA	adult
20240723002A	23/07/2024 13:03	9438	1.7	357	-1.3	0	-21.07241712	55.21139779	314179.973	7668794.669	40	K	378.35	603.175	314179.5491	7668796.208	314180.3968	7668793.13	164.6044776	Jul-23rd-2024-04-42PM-Flight-Airdata	NA	3.52279157	NA	NA	adult
20240723002A	04:16.2	10225	-4.5	152.7	-1.3	0	-21.07163988	55.2105305	314088.8801	7668879.708	40	K	352.235	561.53	314105.6833	7668869.734	314072.077	7668889.683	-59.30541779	Jul-23rd-2024-04-42PM-Flight-Airdata	NA	3.661643169	NA	NA	adult
20240723002A	04:07.6	9968	-2	152.7	-1.3	0	-21.07290146	55.21233879	314278.3594	7668742.144	40	K	350.825	493.055	314279.9089	7668738.735	314276.8099	7668745.553	-24.44083036	Jul-23rd-2024-04-42PM-Flight-Airdata	NA	3.709962964	NA	NA	adult
20240723002A	01:48.4	5794	89.6	136	-89.9	0	-21.07740843	55.21081164	314125.2688	7668241.378	40	K	550.235	858	314125.0535	7668239.471	314125.484	7668243.285	6.439265575	Jul-23rd-2024-04-42PM-Flight-Airdata	NA	3.838344623	NA	NA	adult
20240723002A	02:05.4	6308	89.6	130.3	-70.6	0	-21.0776064	55.21102407	314147.5895	7668219.707	40	K	398.465	791.645	314147.2266	7668217.81	314147.9523	7668221.604	10.82863303	Jul-23rd-2024-04-42PM-Flight-Airdata	NA	3.862846673	NA	NA	adult
20240723002A	59:29.8	1645	90	172	-65.4	0	-21.07553778	55.20970082	314007.5125	7668447.187	40	K	661.32	709.66	314005.965	7668446.003	314009.06	7668448.372	52.57015181	Jul-23rd-2024-04-42PM-Flight-Airdata	NA	3.897503616	NA	NA	adult
20240723002A	23/07/2024 12:59	931	90	166.5	-90	0	-21.07464037	55.20986069	314023.009	7668546.73	40	K	409.12	331.36	314021.0543	7668546.528	314024.9636	7668546.932	84.10443509	Jul-23rd-2024-04-42PM-Flight-Airdata	NA	3.930097398	NA	NA	adult
20240723002A	00:22.2	3212	89.8	155	-35.2	0	-21.07643064	55.21027844	314068.6459	7668349.01	40	K	776.735	481.625	314066.9487	7668347.971	314070.3432	7668350.048	58.54839368	Jul-23rd-2024-04-42PM-Flight-Airdata	NA	3.979132129	NA	NA	adult
20240723002A	01:48.4	5794	89.6	136	-89.9	0	-21.07742137	55.21086085	314130.3985	7668240.002	40	K	514.24	805.77	314129.3347	7668238.149	314131.4622	7668241.855	29.85457859	Jul-23rd-2024-04-42PM-Flight-Airdata	NA	4.273892598	NA	NA	adult
20240723002A	02:53.8	7755	89.4	130	-41.5	0	-21.07800825	55.21155163	314202.9096	7668175.832	40	K	505.765	699.18	314202.7743	7668173.4	314203.0449	7668178.264	3.184357707	Jul-23rd-2024-04-42PM-Flight-Airdata	NA	4.872106295	NA	NA	adult
20240723002A	02:53.8	7756	89.4	130	-41.5	0	-21.07800671	55.21154075	314201.777	7668175.99	40	K	509.29	706.24	314201.8581	7668173.541	314201.6959	7668178.439	-1.896825269	Jul-23rd-2024-04-42PM-Flight-Airdata	NA	4.900884691	NA	NA	adult
20240723002A	23/07/2024 12:48	9708	90.2	352.7	-60.1	0	-21.07105635	55.20948927	313979.9528	7668943.098	40	K	1343.09	353.225	313981.1758	7668952.474	313978.7297	7668933.721	-172.5684022	Jul-23rd-2024-04-42PM-Flight-Airdata	11.25	NA	NA	11.25	adult
20240723002A	48:37.6	9789	90	352.7	-71.8	0	-21.07113789	55.20949022	313980.1525	7668934.071	40	K	1348.24	332.8	313980.5969	7668941.326	313979.7081	7668926.816	-176.4948826	Jul-23rd-2024-04-42PM-Flight-Airdata	11.4	NA	NA	11.4	adult
20240723002A	48:41.8	9915	90.1	352.7	-89.9	0	-21.0713954	55.20949862	313981.3465	7668905.571	40	K	1341.885	378.185	313980.8247	7668911.266	313981.8684	7668899.876	174.764098	Jul-23rd-2024-04-42PM-Flight-Airdata	11.43735983	NA	NA	11.43735983	adult
20240723002A	48:47.8	10092	89.9	352.7	-90	0	-21.07109741	55.20951902	313983.0949	7668938.587	40	K	1333.96	369.495	313982.3397	7668944.143	313983.8501	7668933.03	172.2604224	Jul-23rd-2024-04-42PM-Flight-Airdata	11.23585126	NA	NA	11.23585126	adult
20240723002A	48:58.8	10425	90	23	-22	0	-21.06887107	55.21143233	314179.1544	7669187.306	40	K	1337.795	432.67	314227.9181	7669245.949	314130.3907	7669128.663	-140.2553142	Jul-23rd-2024-04-42PM-Flight-Airdata	11.3	NA	NA	11.3	adult
20240723002A	23/07/2024 12:48	9708	90.2	352.7	-60.1	0	-21.0711466	55.20947987	313979.0885	7668933.095	40	K	1338.18	427.23	313976.9515	7668932.922	313981.2255	7668933.268	85.3725673	Jul-23rd-2024-04-42PM-Flight-Airdata	3.517932188	NA	3.517932188	NA	adult
20240723002A	23/07/2024 12:48	9953	90.1	352.7	-89.9	0	-21.07140132	55.20950254	313981.7608	7668904.92	40	K	1335.505	437.65	313980.0242	7668904.785	313983.4975	7668905.054	85.58091647	Jul-23rd-2024-04-42PM-Flight-Airdata	3.483685338	NA	3.483685338	NA	adult
20240723002A	23/07/2024 12:48	10100	89.9	352.7	-90	0	-21.07114215	55.20952726	313984.0072	7668933.642	40	K	1334.785	447.595	313982.319	7668933.296	313985.6955	7668933.989	78.40809923	Jul-23rd-2024-04-42PM-Flight-Airdata	3.446777729	NA	3.446777729	NA	adult
20240723002A	48:58.8	10426	90	23	-22	0	-21.06942618	55.21092839	314127.476	7669125.261	40	K	1335.755	508.215	314122.9248	7669127.512	314132.0272	7669123.009	116.3187163	Jul-23rd-2024-04-42PM-Flight-Airdata	3.58	NA	3.58	NA	adult
20240723002A	23/07/2024 12:43	92	28.2	174.4	-13.2	0	-21.07214029	55.20927535	313959.0721	7668822.84	40	K	1348.125	395.505	313898.8958	7668544.15	314019.2483	7669101.531	12.18453075	Jul-23rd-2024-04-42PM-Flight-Airdata	11.2166673	NA	NA	11.2166673	adult
20240723002A	43:12.2	37	21.8	174.4	-0.1	0	-21.06231335	55.21161268	314189.7482	7669913.547	40	K	1332.51	498.745	314205.1951	7669934.698	314174.3012	7669892.395	-143.8592778	Jul-23rd-2024-04-42PM-Flight-Airdata	3.342940836	NA	3.342940836	NA	adult
20240723002A	43:31.8	622	90	174.4	-84.7	0	-21.06985777	55.20978943	314009.654	7669076.147	40	K	1392.725	293.15	314011.4815	7669076.266	314007.8265	7669076.029	-93.71533886	Jul-23rd-2024-04-42PM-Flight-Airdata	3.572642724	NA	3.572642724	NA	adult
20240724001A	58:08.2	3635	90.1	168.9	-90	0	-21.05529584	55.17149694	310011.8366	7670643.189	40	K	618.735	719.07	310012.5709	7670640.95	310011.1023	7670645.428	-18.15522735	Jul-24th-2024-09-47AM-Flight-Airdata	NA	4.713107727	NA	NA	adult
20240724001A	57:43.4	2889	90.1	211.1	-40.9	0	-21.05544481	55.17126531	309987.9523	7670626.419	40	K	380.44	528.15	309988.6402	7670624.092	309987.2644	7670628.747	-16.46736546	Jul-24th-2024-09-47AM-Flight-Airdata	NA	4.853640919	NA	NA	adult
20240724001A	57:54.4	3217	90.1	188.1	-63.9	0	-21.05525897	55.17138112	309999.7522	7670647.133	40	K	679.565	423.55	309999.4241	7670644.64	310000.0802	7670649.626	7.495853466	Jul-24th-2024-09-47AM-Flight-Airdata	NA	5.029156349	NA	NA	adult
20240724001A	57:49.2	3064	90.1	190.1	-40.9	0	-21.05521382	55.17134038	309995.4606	7670652.084	40	K	675.94	754.265	309995.6249	7670649.524	309995.2963	7670654.643	-3.672653105	Jul-24th-2024-09-47AM-Flight-Airdata	NA	5.12967655	NA	NA	adult
20240724001A	56:50.6	1309	44.4	229.8	-25.7	0	-21.05484791	55.17105866	309965.7166	7670692.259	40	K	1524.945	546.225	309959.8883	7670694.828	309971.5449	7670689.691	113.7826159	Jul-24th-2024-09-47AM-Flight-Airdata	12.73825425	NA	NA	12.73825425	adult
20240724001A	56:55.2	1447	44.3	211.1	-25.7	0	-21.05496079	55.17088588	309947.9032	7670679.556	40	K	1376.42	549.83	309941.6071	7670681.444	309954.1993	7670677.668	106.6937954	Jul-24th-2024-09-47AM-Flight-Airdata	13.14627644	NA	NA	13.14627644	adult
20240724001A	56:46.4	1181	44.5	253	-25.7	0	-21.05469904	55.17127161	309987.6599	7670708.995	40	K	1565.395	533.865	309982.7607	7670713.29	309992.5591	7670704.7	131.2382619	Jul-24th-2024-09-47AM-Flight-Airdata	13.0303254	NA	NA	13.0303254	adult
20240724001A	56:42.6	1067	44.5	260.5	-25.7	0	-21.05478182	55.17142125	310003.3172	7670700.009	40	K	1487.56	554.42	309998.3178	7670703.79	310008.3166	7670696.227	127.1059981	Jul-24th-2024-09-47AM-Flight-Airdata	12.5373602	NA	NA	12.5373602	adult
20240724001A	56:34.4	821	43.3	260.5	-15.7	0	-21.05527378	55.17125199	309986.3512	7670645.339	40	K	859.73	620.995	309987.2649	7670647.155	309985.4375	7670643.524	-153.2877903	Jul-24th-2024-09-47AM-Flight-Airdata	4.065161724	NA	4.065161724	NA	adult
20240724001A	56:47.8	1222	44.4	242.3	-25.7	0	-21.05478873	55.17122901	309983.3462	7670699.015	40	K	1560.885	551.05	309984.724	7670699.939	309981.9684	7670698.09	-123.8581997	Jul-24th-2024-09-47AM-Flight-Airdata	3.318382471	NA	3.318382471	NA	adult
20240724001A	57:27.6	2415	44.8	211.1	-22.7	0	-21.05491991	55.17034627	309891.7692	7670683.438	40	K	1428.985	539.21	309892.2494	7670685.362	309891.289	7670681.513	-165.9909107	Jul-24th-2024-09-47AM-Flight-Airdata	3.96725835	NA	3.96725835	NA	adult
20240724001A	56:24.4	521	45.8	259.8	-15.7	0	-21.05487914	55.1718104	310043.8855	7670689.698	40	K	903.38	478.59	310043.1996	7670691.472	310044.5713	7670687.923	158.8658025	Jul-24th-2024-09-47AM-Flight-Airdata	3.804370281	NA	3.804370281	NA	adult
20240724001A	56:33.4	794	43.2	260.5	-15.7	0	-21.05516189	55.17176164	310039.1767	7670658.335	40	K	844.965	818.89	310040.2358	7670659.785	310038.1175	7670656.886	-143.8505304	Jul-24th-2024-09-47AM-Flight-Airdata	3.590954675	NA	3.590954675	NA	adult
20240724002A	25:53.4	1861	79.9	225.3	-24.9	0	-21.04103301	55.16805139	309635.6004	7672218.197	40	K	403.995	449.605	309633.1124	7672220.159	309638.0883	7672216.235	128.258318	Jul-24th-2024-10-09AM-Flight-Airdata	NA	3.256940928	NA	NA	adult
20240724002A	25:53.4	1861	79.9	225.3	-24.9	0	-21.04122033	55.1679561	309625.934	7672197.344	40	K	408.335	417.03	309622.7925	7672199.153	309629.0756	7672195.534	119.9411543	Jul-24th-2024-10-09AM-Flight-Airdata	NA	3.590802591	NA	NA	adult
20240724002A	25:53.4	1861	79.9	225.3	-24.9	0	-21.04078045	55.16816705	309647.301	7672246.297	40	K	404.715	501.735	309644.6729	7672248.496	309649.9292	7672244.098	129.9183241	Jul-24th-2024-10-09AM-Flight-Airdata	NA	3.783344735	NA	NA	adult
20240724002A	25:56.8	1962	79.9	217.8	-17.8	0	-21.04189326	55.16810677	309642.45	7672123.019	40	K	410.51	488.705	309638.7926	7672126.903	309646.1074	7672119.135	136.7222793	Jul-24th-2024-10-09AM-Flight-Airdata	NA	3.820123999	NA	NA	adult
20240724002A	10:39.4	1690	85.3	331.4	-37.2	0	-21.05010557	55.16448017	309275.9673	7671209.454	40	K	1441.65	694.51	309274.9201	7671208.948	309277.0146	7671209.961	64.19106519	Jul-24th-2024-10-09AM-Flight-Airdata	2.326602134	NA	2.326602134	NA	adult
20240724002A	10:39.4	1693	85.3	331.4	-37.2	0	-21.05009974	55.16447902	309275.8401	7671210.098	40	K	1441.625	690.385	309274.7856	7671209.495	309276.8946	7671210.701	60.24400251	Jul-24th-2024-10-09AM-Flight-Airdata	2.429329725	NA	2.429329725	NA	adult
20240724002A	10:40.4	1718	85.1	331.4	-37.2	0	-21.04966931	55.16428091	309254.7012	7671257.517	40	K	1442.48	503.23	309253.4075	7671256.967	309255.9949	7671258.066	66.98826699	Jul-24th-2024-10-09AM-Flight-Airdata	2.8111152	NA	2.8111152	NA	adult
20240724003A	25:49.4	1739	79.9	142.1	-41	-0.1	-21.03924562	55.16954021	309788.078	7672417.865	40	K	481.46	722.56	309786.9314	7672416.744	309789.2246	7672418.985	45.65540323	Jul-24th-2024-10-09AM-Flight-Airdata	NA	3.616666702	NA	NA	adult
20240724003A	26:01.6	2102	80.3	217.8	-17.8	0	-21.04161183	55.16814389	309645.9507	7672154.223	40	K	440.915	613.235	309642.8697	7672156.101	309649.0316	7672152.345	121.3595061	Jul-24th-2024-10-09AM-Flight-Airdata	NA	3.676049089	NA	NA	adult
20240724003A	24/07/2024 06:10	1951	89.2	334.8	-52.8	0	-21.05010247	55.16425419	309252.476	7671209.527	40	K	1394.59	600.5	309250.6777	7671214.967	309254.2743	7671204.086	161.7103149	Jul-24th-2024-10-09AM-Flight-Airdata	11.46063535	NA	NA	11.46063535	adult
20240724003A	10:48.4	1962	89.7	334.8	-52.8	0	-21.05014902	55.1642734	309254.532	7671204.396	40	K	1402.375	649.865	309253.0511	7671203.424	309256.0128	7671205.369	56.71330087	Jul-24th-2024-10-09AM-Flight-Airdata	3.542990763	NA	3.542990763	NA	adult
20240724003A	10:49.6	1994	90.3	334.8	-52.8	0	-21.05014699	55.16427117	309254.2975	7671204.618	40	K	1398.565	651.04	309252.7688	7671203.478	309255.8263	7671205.759	53.28192683	Jul-24th-2024-10-09AM-Flight-Airdata	3.814263042	NA	3.814263042	NA	adult
20240724003A	10:14.8	953	77.1	344.9	-32.4	0	-21.05030358	55.16514529	309345.3482	7671188.327	40	K	1377.065	496.835	309343.7737	7671187.201	309346.9227	7671189.452	54.43779923	Jul-24th-2024-10-09AM-Flight-Airdata	3.871064399	NA	3.871064399	NA	adult
20240724003A	10:14.6	950	77.1	344.9	-32.4	0	-21.05024673	55.16514102	309344.8318	7671194.616	40	K	1363.665	470.69	309343.4952	7671200.371	309346.1685	7671188.861	166.924547	Jul-24th-2024-10-09AM-Flight-Airdata	11.81663386	NA	NA	11.81663386	adult
20240724003A	10:44.8	1853	85.7	334.8	-52.8	0	-21.05011313	55.16424504	309251.5388	7671208.336	40	K	1391.985	587.03	309249.9353	7671214.05	309253.1423	7671202.622	164.32344	Jul-24th-2024-10-09AM-Flight-Airdata	11.86861082	NA	NA	11.86861082	adult
20240724003A	10:47.8	1941	89	334.8	-52.8	0	-21.05010349	55.16425456	309252.5161	7671209.414	40	K	1395.27	600.505	309250.7833	7671214.982	309254.2489	7671203.847	162.7122221	Jul-24th-2024-10-09AM-Flight-Airdata	11.66199485	NA	NA	11.66199485	adult
20240724004A	26:31.6	3003	41.6	207.3	-17.8	0	-21.0449356	55.16814875	309650.6819	7671786.235	40	K	322.025	586.995	309650.6266	7671782.315	309650.7372	7671790.154	0.8078064	Jul-24th-2024-10-09AM-Flight-Airdata	NA	3.860095056	NA	NA	adult
20240724004A	26:31.6	3003	41.6	207.3	-17.8	0	-21.04498039	55.16810862	309646.568	7671781.228	40	K	364.92	567.985	309646.3123	7671777.017	309646.8236	7671785.439	3.473814622	Jul-24th-2024-10-09AM-Flight-Airdata	NA	3.89724689	NA	NA	adult
20240724004A	25:35.6	1326	80.5	40.1	-85.1	0	-21.03898135	55.1686047	309690.5038	7672446.007	40	K	353.315	257.025	309691.3846	7672445.143	309689.623	7672446.871	-45.55064087	Jul-24th-2024-10-09AM-Flight-Airdata	NA	3.977635124	NA	NA	adult
20240724004A	26:38.8	3218	40.4	190.7	-17.8	0	-21.04491059	55.16848787	309685.8977	7671789.408	40	K	340.425	568.59	309686.6163	7671785.199	309685.1791	7671793.618	-9.687323391	Jul-24th-2024-10-09AM-Flight-Airdata	NA	4.030956387	NA	NA	adult
20240724004A	11:08.4	2557	90.5	315.7	-51	0	-21.04992008	55.1640636	309232.4343	7671229.492	40	K	1272.465	595.44	309229.5659	7671234.942	309235.3027	7671224.042	152.2403376	Jul-24th-2024-10-09AM-Flight-Airdata	12.31710238	NA	NA	12.31710238	adult
20240724004A	11:09.8	2603	90.5	305.9	-51	0	-21.04981705	55.16396188	309221.7314	7671240.777	40	K	1298.305	550.335	309219.0749	7671246.132	309224.3879	7671235.422	153.6151921	Jul-24th-2024-10-09AM-Flight-Airdata	11.95533576	NA	NA	11.95533576	adult
20240724004A	11:14.6	2745	90.4	281.2	-51	0	-21.04956235	55.16359363	309183.1323	7671268.536	40	K	1360.245	452.6	309180.4472	7671273.897	309185.8174	7671263.175	153.3959031	Jul-24th-2024-10-09AM-Flight-Airdata	11.99163738	NA	NA	11.99163738	adult
20240724004A	24/07/2024 06:11	2848	90.4	260.3	-51	0	-21.04962663	55.16330233	309152.9389	7671261.071	40	K	1365.625	414.235	309151.1868	7671260.589	309154.691	7671261.553	74.62405811	Jul-24th-2024-10-09AM-Flight-Airdata	3.634336756	NA	3.634336756	NA	adult
20240724004A	11:07.6	2536	90.6	322.3	-51	0	-21.04999727	55.1641625	309242.8126	7671221.065	40	K	1293.345	656.075	309241.4281	7671219.911	309244.1971	7671222.218	50.19752041	Jul-24th-2024-10-09AM-Flight-Airdata	3.604216379	NA	3.604216379	NA	adult
20240724004A	10:57.8	2243	90.3	332.3	-56.8	0	-21.05009152	55.16429046	309256.2319	7671210.783	40	K	1465.905	549.46	309255.4352	7671212.404	309257.0286	7671209.162	153.8233421	Jul-24th-2024-10-09AM-Flight-Airdata	3.612002769	NA	3.612002769	NA	adult
20240724004A	11:02.6	2385	90.4	333.7	-51	0	-21.05020684	55.16424299	309251.4448	7671197.958	40	K	1358.985	738.25	309252.5838	7671199.646	309250.3058	7671196.269	-145.9978467	Jul-24th-2024-10-09AM-Flight-Airdata	4.073486704	NA	4.073486704	NA	adult
20240724004A	10:16.8	1015	77	329.7	-32.4	0	-21.05041637	55.16474043	309303.413	7671175.355	40	K	1380.605	600.07	309302.1052	7671173.89	309304.7209	7671176.821	41.7485898	Jul-24th-2024-10-09AM-Flight-Airdata	3.928268343	NA	3.928268343	NA	adult
20240724004A	10:18.4	1058	77.4	329.7	-32.4	0	-21.05034579	55.16495242	309325.3552	7671183.423	40	K	1595.835	632.96	309323.7673	7671182.232	309326.9432	7671184.613	53.14008335	Jul-24th-2024-10-09AM-Flight-Airdata	3.969452547	NA	3.969452547	NA	adult
20240724004A	11:03.8	2420	90.5	333.7	-51	0	-21.05015426	55.16421114	309248.0681	7671203.742	40	K	1332.35	681.165	309245.0332	7671208.83	309251.1031	7671198.654	149.1842242	Jul-24th-2024-10-09AM-Flight-Airdata	11.84880639	NA	NA	11.84880639	adult
20240724004A	11:07.2	2525	90.6	323.7	-51	0	-21.04997132	55.16414515	309240.9756	7671223.917	40	K	1298.985	613.175	309238.5525	7671229.327	309243.3987	7671218.507	155.8744317	Jul-24th-2024-10-09AM-Flight-Airdata	11.85655153	NA	NA	11.85655153	adult
20240724010A	16:22.1	5097	62.3	1.7	-57.1	0	-21.00639395	55.18612797	311470.9032	7676074.713	40	K	279.22	618.64	311472.354	7676073.983	311469.4525	7676075.442	-63.3002263	Jul-24th-2024-11-13AM-Flight-Airdata	NA	3.247731222	NA	NA	adult
20240724010A	16:25.9	5210	62.4	1.7	-71.4	0	-21.00621678	55.18616792	311474.8339	7676094.376	40	K	389.465	410.495	311476.3228	7676093.31	311473.3449	7676095.442	-54.40321961	Jul-24th-2024-11-13AM-Flight-Airdata	NA	3.662298654	NA	NA	adult
20240724010A	16:29.3	5312	62.4	1.7	-85.7	0	-21.0062247	55.18617936	311476.0331	7676093.512	40	K	405.415	319.115	311477.4744	7676092.292	311474.5917	7676094.733	-49.73624254	Jul-24th-2024-11-13AM-Flight-Airdata	NA	3.777735637	NA	NA	adult
20240724010A	16:15.9	4911	62.8	1.7	-25.4	0	-21.00626011	55.18708858	311570.6036	7676090.665	40	K	1360.39	562.5	311574.6553	7676094.658	311566.5519	7676086.672	-134.5803086	Jul-24th-2024-11-13AM-Flight-Airdata	11.3769325	NA	NA	11.3769325	adult
20240724010A	16:16.7	4935	62.7	1.7	-30	0	-21.00646725	55.18693075	311554.4552	7676067.545	40	K	1324.08	628.805	311555.6645	7676066.768	311553.246	7676068.322	-57.27417972	Jul-24th-2024-11-13AM-Flight-Airdata	2.874862691	NA	2.874862691	NA	adult
20240724010A	16:20.5	5044	62.3	1.7	-49.9	0	-21.00642243	55.18677851	311538.5716	7676072.328	40	K	1335.565	563.305	311539.4412	7676071.502	311537.7019	7676073.154	-46.46560961	Jul-24th-2024-11-13AM-Flight-Airdata	2.399105889	NA	2.399105889	NA	adult
20240724010A	16:25.9	5210	62.4	1.7	-71.4	0	-21.0062447	55.18669497	311529.6633	7676091.907	40	K	1359.27	422.3	311530.658	7676090.858	311528.6686	7676092.955	-43.48292841	Jul-24th-2024-11-13AM-Flight-Airdata	2.890948484	NA	2.890948484	NA	adult
20240724011A	16:24.7	5171	62.2	1.7	-71.4	0	-21.00634798	55.18620486	311478.8392	7676079.894	40	K	426.45	524.36	311480.2591	7676079.07	311477.4193	7676080.718	-59.86399797	Jul-24th-2024-11-13AM-Flight-Airdata	NA	3.283731053	NA	NA	adult
20240724011A	16:24.9	5179	62.3	1.7	-71.4	0	-21.00631841	55.18622365	311480.7555	7676083.189	40	K	469.97	487.375	311482.328	7676082.481	311479.1829	7676083.897	-65.766578	Jul-24th-2024-11-13AM-Flight-Airdata	NA	3.449093441	NA	NA	adult
20240724011A	16:21.1	5067	62.3	1.7	-51	0	-21.00657101	55.18612663	311470.9862	7676055.108	40	K	197.995	866.68	311472.6876	7676054.626	311469.2848	7676055.591	-74.16387476	Jul-24th-2024-11-13AM-Flight-Airdata	NA	3.536983618	NA	NA	adult
20240724011A	16:29.5	5319	62.4	1.7	-85.7	0	-21.00630162	55.18619096	311477.3357	7676085.01	40	K	431.525	479.395	311478.5766	7676083.676	311476.0949	7676086.343	-42.9397317	Jul-24th-2024-11-13AM-Flight-Airdata	NA	3.643048744	NA	NA	adult
20240724011A	16:15.9	4911	62.8	1.7	-25.4	0	-21.00628678	55.1871725	311579.3609	7676087.811	40	K	1443.065	571.71	311584.8499	7676092.109	311573.8718	7676083.512	-128.0655365	Jul-24th-2024-11-13AM-Flight-Airdata	12.14388831	NA	NA	12.14388831	adult
20240724011A	16:18.7	4991	62.3	1.7	-41	0	-21.00638103	55.18695484	311556.851	7676077.119	40	K	1447.74	511.255	311557.6236	7676076.274	311556.0784	7676077.964	-42.42972792	Jul-24th-2024-11-13AM-Flight-Airdata	2.290126338	NA	2.290126338	NA	adult
20240724011A	16:19.1	5003	62.3	1.7	-41	0	-21.00632482	55.18695989	311557.3055	7676083.349	40	K	1453.36	499.275	311558.1245	7676082.305	311556.4864	7676084.392	-38.12659818	Jul-24th-2024-11-13AM-Flight-Airdata	2.653155619	NA	2.653155619	NA	adult
20240724011A	16:16.7	4935	62.7	1.7	-30	0	-21.00644959	55.18702147	311563.8645	7676069.607	40	K	1417.43	615.355	311564.5681	7676068.596	311563.1609	7676070.618	-34.83907772	Jul-24th-2024-11-13AM-Flight-Airdata	2.463143534	NA	2.463143534	NA	adult
20240724012A	17:37.7	7360	90.3	344.8	-89.9	0	-21.00577058	55.18602774	311459.6991	7676143.611	40	K	277.045	519.285	311461.365	7676143.435	311458.0331	7676143.788	-83.95060002	Jul-24th-2024-11-13AM-Flight-Airdata	NA	3.350575033	NA	NA	adult
20240724012A	01:15.6	15394	94.1	51.4	-47.3	0	-21.01072454	55.18204917	311052.3131	7675590.435	40	K	418.865	464.84	311054.0351	7675590.166	311050.591	7675590.704	-81.11888663	Jul-24th-2024-11-52AM-Flight-Airdata	NA	3.485891708	NA	NA	adult
20240724012A	01:15.6	15392	94.1	51.4	-47.3	0	-21.01085156	55.18204139	311051.664	7675576.363	40	K	491.835	518.84	311053.3967	7675575.912	311049.9313	7675576.814	-75.41426222	Jul-24th-2024-11-52AM-Flight-Airdata	NA	3.580823922	NA	NA	adult
20240724012A	17:41.9	7488	90.2	344.8	-90	0	-21.00570616	55.18605586	311462.542	7676150.776	40	K	355.38	536.69	311464.3445	7676150.77	311460.7395	7676150.781	-89.82677027	Jul-24th-2024-11-13AM-Flight-Airdata	NA	3.605025191	NA	NA	adult
20240724012A	17:56.1	7914	90.4	17.5	-75.9	0	-21.00550427	55.18612686	311469.6696	7676173.212	40	K	433.71	817.36	311471.4018	7676173.735	311467.9374	7676172.688	-106.8201178	Jul-24th-2024-11-13AM-Flight-Airdata	NA	3.619182164	NA	NA	adult
20240724012A	17:46.3	7617	90.2	348.7	-89.9	0	-21.00560943	55.186058	311462.643	7676161.489	40	K	386.565	447.48	311464.4485	7676161.044	311460.8375	7676161.933	-76.16656316	Jul-24th-2024-11-13AM-Flight-Airdata	NA	3.718835593	NA	NA	adult
20240724012A	17:33.3	7231	90.3	344.8	-90	0	-21.00598089	55.18604496	311461.7538	7676120.347	40	K	214.68	729.61	311463.6117	7676120.525	311459.8958	7676120.168	-95.49131748	Jul-24th-2024-11-13AM-Flight-Airdata	NA	3.733025631	NA	NA	adult
20240724012A	01:15.6	15392	94.1	51.4	-47.3	0	-21.01074444	55.1820434	311051.7384	7675588.224	40	K	426.165	475.055	311053.7963	7675587.912	311049.6806	7675588.536	-81.38231774	Jul-24th-2024-11-52AM-Flight-Airdata	NA	4.162745553	NA	NA	adult
20240724012A	01:15.6	15392	94.1	51.4	-47.3	0	-21.01060398	55.18208287	311055.6643	7675603.822	40	K	376.545	407.915	311057.7885	7675603.735	311053.54	7675603.91	-87.63239392	Jul-24th-2024-11-52AM-Flight-Airdata	NA	4.252047378	NA	NA	adult
20240724012A	17:18.5	6788	90.3	354.3	-89.9	0	-21.00594574	55.18675028	311535.0374	7676125.071	40	K	1128.645	461.55	311533.4724	7676130.583	311536.6023	7676119.558	164.1518106	Jul-24th-2024-11-13AM-Flight-Airdata	11.46107321	NA	NA	11.46107321	adult
20240724012A	17:28.9	7099	90.3	351.4	-90	0	-21.00567644	55.18672128	311531.6837	7676154.852	40	K	1215.605	439.06	311531.9054	7676160.491	311531.462	7676149.214	-177.7479097	Jul-24th-2024-11-13AM-Flight-Airdata	11.28543001	NA	NA	11.28543001	adult
20240724012A	17:35.7	7298	90.3	344.8	-89.9	0	-21.00557553	55.18672197	311531.6293	7676166.025	40	K	1271.555	420.81	311531.4974	7676171.652	311531.7612	7676160.398	178.65735	Jul-24th-2024-11-13AM-Flight-Airdata	11.25691371	NA	NA	11.25691371	adult
20240724012A	17:03.9	6350	90.5	52.8	-90	0	-21.00648342	55.18662677	311522.8729	7676065.396	40	K	1376.15	511.425	311521.1775	7676070.512	311524.5682	7676060.279	161.6676554	Jul-24th-2024-11-13AM-Flight-Airdata	10.78033811	NA	NA	10.78033811	adult
20240724012A	17:28.3	7080	90.3	351.4	-89.9	0	-21.00575241	55.18672337	311531.9964	7676146.443	40	K	1196	507.99	311533.755	7676146.446	311530.2379	7676146.441	-90.07713947	Jul-24th-2024-11-13AM-Flight-Airdata	3.517053846	NA	3.517053846	NA	adult
20240724012A	17:30.1	7133	90.2	346.4	-89.9	0	-21.00568918	55.18670973	311530.4989	7676153.428	40	K	1212.485	550.38	311532.1723	7676153.466	311528.8255	7676153.389	-91.32097881	Jul-24th-2024-11-13AM-Flight-Airdata	3.347612137	NA	3.347612137	NA	adult
20240724012A	17:04.7	6374	90.5	52.8	-90	0	-21.00652192	55.18664393	311524.7052	7676061.154	40	K	1435.255	524.635	311526.4082	7676061.844	311523.0022	7676060.465	-112.043541	Jul-24th-2024-11-13AM-Flight-Airdata	3.674561907	NA	3.674561907	NA	adult
20240724012A	17:03.9	6349	90.5	52.8	-90	0	-21.00653502	55.18664542	311524.8765	7676059.705	40	K	1452.055	533.945	311526.5339	7676060.457	311523.2191	7676058.954	-114.3953821	Jul-24th-2024-11-13AM-Flight-Airdata	3.639805746	NA	3.639805746	NA	adult
20240724012A	17:38.1	7371	90.3	344.8	-90	0	-21.00554516	55.18670851	311530.1913	7676169.372	40	K	1283.655	463.71	311531.9081	7676169.351	311528.4746	7676169.393	-89.29461694	Jul-24th-2024-11-13AM-Flight-Airdata	3.433743791	NA	3.433743791	NA	adult
20240724012A	17:43.7	7542	90.2	344.8	-89.9	0	-21.00546503	55.18673318	311532.6552	7676178.272	40	K	1360.57	438.61	311534.296	7676177.782	311531.0144	7676178.762	-73.37570438	Jul-24th-2024-11-13AM-Flight-Airdata	3.424803216	NA	3.424803216	NA	adult
20240724012A	00:17.6	13654	93.4	77.6	-32	0	-21.01166213	55.18236521	311086.3496	7675487.004	40	K	1429.18	565.315	311085.5706	7675482.246	311087.1286	7675491.762	9.298003144	Jul-24th-2024-11-52AM-Flight-Airdata	9.643066044	NA	NA	9.643066044	adult
20240724013A	26:25.9	23189	90.3	136.1	-90	0	-21.00933158	55.18874373	311746.5329	7675752.56	40	K	93.555	619.37	311748.1143	7675751.5	311744.9515	7675753.621	-56.15251175	Jul-24th-2024-11-13AM-Flight-Airdata	NA	3.808220386	NA	NA	adult
20240724013A	00:58.6	14886	94	55.1	-35.4	0	-21.01076655	55.18175669	311021.9593	7675585.438	40	K	424.705	517.38	311023.7052	7675584.641	311020.2133	7675586.234	-65.47500025	Jul-24th-2024-11-52AM-Flight-Airdata	NA	3.838087518	NA	NA	adult
20240724013A	26:18.3	22962	90.4	134.4	-83.5	0	-21.00938512	55.18877535	311749.888	7675746.671	40	K	97.905	518.56	311751.6184	7675745.814	311748.1576	7675747.528	-63.65503463	Jul-24th-2024-11-13AM-Flight-Airdata	NA	3.861913612	NA	NA	adult
20240724013A	01:27.2	15743	93.9	42.3	-58.3	0	-21.0108217	55.18204934	311052.4525	7675579.677	40	K	455.355	540.725	311054.4642	7675579.811	311050.4407	7675579.544	-93.80603462	Jul-24th-2024-11-52AM-Flight-Airdata	NA	4.032452725	NA	NA	adult
20240724013A	01:13.6	15335	93.8	51.4	-41.1	0	-21.01083249	55.18187101	311033.9271	7675578.272	40	K	337.865	701.265	311035.9925	7675578.322	311031.8617	7675578.222	-91.37767632	Jul-24th-2024-11-52AM-Flight-Airdata	NA	4.131923474	NA	NA	adult
20240724013A	01:15.8	15399	94.1	51.4	-47.3	0	-21.01076272	55.18197226	311044.3658	7675586.117	40	K	377.275	519.565	311046.5554	7675586.044	311042.1762	7675586.19	-88.09172223	Jul-24th-2024-11-52AM-Flight-Airdata	NA	4.381629828	NA	NA	adult
20240724013A	25:48.3	22061	89.7	131.3	-21.9	0	-21.01136871	55.18791235	311662.6603	7675526.042	40	K	1454.6	442.72	311656.8995	7675524.132	311668.4211	7675527.951	71.66523031	Jul-24th-2024-11-13AM-Flight-Airdata	12.13778157	NA	NA	12.13778157	adult
20240724013A	25:54.5	22249	89.8	133.9	-31.4	0	-21.01031426	55.18774562	311644.0029	7675642.587	40	K	1400.04	561.68	311644.6247	7675641.169	311643.381	7675644.005	-23.67504679	Jul-24th-2024-11-13AM-Flight-Airdata	3.097297359	NA	3.097297359	NA	adult
20240724013A	25:50.1	22119	89.6	131.3	-31.4	0	-21.01034519	55.18740058	311608.1714	7675638.756	40	K	1528.165	522.035	311608.52	7675637.109	311607.8229	7675640.403	-11.94841592	Jul-24th-2024-11-13AM-Flight-Airdata	3.367007822	NA	3.367007822	NA	adult
20240724013A	00:18.4	13676	93.5	77.6	-35.4	0	-21.0115817	55.18209104	311057.7456	7675495.584	40	K	1385.06	626.24	311056.9039	7675491.11	311058.5874	7675500.058	10.65494997	Jul-24th-2024-11-52AM-Flight-Airdata	9.104987043	NA	NA	9.104987043	adult
20240724014A	03:45.8	19895	92.3	267.6	-34.7	0	-21.00338509	55.1803401	310865.3824	7676400.995	40	K	586.73	734.69	310864.0195	7676402.081	310866.7452	7676399.909	128.545583	Jul-24th-2024-11-52AM-Flight-Airdata	NA	3.485118318	NA	NA	adult
20240724014A	24/07/2024 08:03	19572	92.3	272.3	-36.1	0	-21.00352577	55.1802826	310859.5813	7676385.353	40	K	432.255	612.835	310858.6079	7676386.914	310860.5547	7676383.792	148.057727	Jul-24th-2024-11-52AM-Flight-Airdata	NA	3.679682943	NA	NA	adult
20240724014A	24/07/2024 08:03	19572	92.3	272.3	-36.1	0	-21.00341066	55.18057635	310889.9765	7676398.444	40	K	472.14	786.9	310888.1973	7676399.303	310891.7557	7676397.586	115.761233	Jul-24th-2024-11-52AM-Flight-Airdata	NA	3.951128461	NA	NA	adult
20240724015A	56:40.2	994	44.6	260.5	-25.7	0	-21.0554649	55.17154738	310017.2931	7670624.531	40	K	559.17	561.35	310017.8794	7670626.262	310016.7068	7670622.8	-161.2851579	Jul-24th-2024-09-47AM-Flight-Airdata	NA	3.654504126	NA	NA	adult
20240724015A	56:32.6	770	43.2	260.5	-15.7	0	-21.05505523	55.17176368	310039.2535	7670670.146	40	K	989.03	767.375	310039.6193	7670671.545	310038.8877	7670668.747	-165.3475992	Jul-24th-2024-09-47AM-Flight-Airdata	2.891957931	NA	2.891957931	NA	adult
20240724015A	56:32.8	774	43.2	260.5	-15.7	0	-21.05506199	55.17174619	310037.4444	7670669.377	40	K	990.495	770.54	310038.2031	7670670.648	310036.6857	7670668.106	-149.1721148	Jul-24th-2024-09-47AM-Flight-Airdata	2.960956763	NA	2.960956763	NA	adult
20240724015A	56:35.6	860	43.9	260.5	-25.1	0	-21.05511744	55.1714534	310007.0844	7670662.889	40	K	1032.525	545.96	310007.9016	7670664.274	310006.2672	7670661.504	-149.462488	Jul-24th-2024-09-47AM-Flight-Airdata	3.216721926	NA	3.216721926	NA	adult
20240724015A	56:33.6	798	43.3	260.5	-15.7	0	-21.05509048	55.17159346	310021.6066	7670666.04	40	K	1007.11	736.09	310022.9296	7670667.305	310020.2836	7670664.775	-133.7188652	Jul-24th-2024-09-47AM-Flight-Airdata	3.661157044	NA	3.661157044	NA	adult
20240724015A	24/07/2024 05:56	688	43.4	258.2	-15.7	0	-21.05505861	55.17176478	310039.3722	7670669.773	40	K	942.84	623.67	310033.6495	7670671.781	310045.0948	7670667.765	109.3323959	Jul-24th-2024-09-47AM-Flight-Airdata	12.12920592	NA	NA	12.12920592	adult
20240724015A	56:31.6	739	43.2	260.6	-15.7	0	-21.05504298	55.17177417	310040.3283	7670671.515	40	K	962.39	709.94	310041.3387	7670672.607	310039.318	7670670.423	-137.2276449	Jul-24th-2024-09-47AM-Flight-Airdata	2.975651117	NA	2.975651117	NA	adult
20240724015A	24/07/2024 05:56	687	43.4	258.2	-15.7	0	-21.05505838	55.1717666	310039.5608	7670669.801	40	K	942.595	624.4	310033.3146	7670671.669	310045.807	7670667.933	106.6503803	Jul-24th-2024-09-47AM-Flight-Airdata	13.03914309	NA	NA	13.03914309	adult
20240724015A	56:30.8	713	43.2	262.2	-15.7	0	-21.05498053	55.17174968	310037.7037	7670678.4	40	K	983.89	659.345	310032.6068	7670682.029	310042.8005	7670674.772	125.4488474	Jul-24th-2024-09-47AM-Flight-Airdata	12.51319926	NA	NA	12.51319926	adult
20240725001A	39:31.7	5914	92.4	110.1	-70.8	0	-21.29094697	55.35975768	329846.8675	7644767.389	40	K	443.815	312.77	329846.6069	7644766.221	329847.1281	7644768.557	12.57390937	Jul-25th-2024-03-34PM-Flight-Airdata	NA	2.393840144	NA	NA	adult
20240725001A	39:24.1	5691	91.5	110.2	-65.3	0	-21.29092709	55.35969392	329840.2291	7644769.521	40	K	435.12	479.29	329839.8913	7644768.17	329840.567	7644770.873	14.03277067	Jul-25th-2024-03-34PM-Flight-Airdata	NA	2.786752253	NA	NA	adult
20240725001A	39:12.9	5352	91.4	110.1	-60.4	0	-21.29092752	55.35966723	329837.46	7644769.445	40	K	443.26	599.17	329837.0907	7644768.097	329837.8292	7644770.793	15.31778163	Jul-25th-2024-03-34PM-Flight-Airdata	NA	2.795687386	NA	NA	adult
20240725001A	39:09.7	5255	91.5	110.1	-60.4	0	-21.29163391	55.3594216	329812.7876	7644690.976	40	K	1408.075	565.31	329816.3229	7644688.821	329809.2524	7644693.13	-58.63544588	Jul-25th-2024-03-34PM-Flight-Airdata	8.280519768	NA	NA	8.280519768	adult
20240725001A	39:13.9	5384	91.4	110.1	-60.4	0	-21.29165096	55.35944482	329815.2155	7644689.113	40	K	1413.175	536.255	329818.757	7644687.616	329811.674	7644690.61	-67.08575365	Jul-25th-2024-03-34PM-Flight-Airdata	7.689851326	NA	NA	7.689851326	adult
20240725001A	39:14.7	5409	91.4	110.2	-60.4	0	-21.29165543	55.35944636	329815.3809	7644688.619	40	K	1416.17	532.585	329818.9982	7644686.963	329811.7637	7644690.275	-65.39551712	Jul-25th-2024-03-34PM-Flight-Airdata	7.956973399	NA	NA	7.956973399	adult
20240725001A	39:14.5	5399	91.4	110.2	-60.4	0	-21.29163826	55.35941184	329811.7798	7644690.483	40	K	1419.105	568.785	329812.1653	7644691.63	329811.3943	7644689.336	-161.4195831	Jul-25th-2024-03-34PM-Flight-Airdata	2.419843894	NA	2.419843894	NA	adult
20240725001A	39:19.1	5537	91.5	110.2	-58.7	0	-21.2916573	55.35944269	329815.0025	7644688.409	40	K	1419.445	567.105	329815.2661	7644689.553	329814.7389	7644687.264	-167.031313	Jul-25th-2024-03-34PM-Flight-Airdata	2.348977576	NA	2.348977576	NA	adult
20240725001A	39:19.3	5543	91.6	110.2	-58.7	0	-21.2916605	55.35944596	329815.3449	7644688.058	40	K	1420.455	563.54	329815.5549	7644689.212	329815.135	7644686.904	-169.6899086	Jul-25th-2024-03-34PM-Flight-Airdata	2.346010605	NA	2.346010605	NA	adult
20240726001A	57:36.5	16782	90.1	197.6	-90	0	-21.06101259	55.1969497	312664.2873	7670040.391	40	K	382.93	544.35	312664.5968	7670038.651	312663.9778	7670042.131	-10.08316612	Jul-26th-2024-08-45AM-Flight-Airdata	NA	3.535166426	NA	NA	adult
20240726001A	57:46.9	17095	90.1	175.5	-90	0	-21.06094646	55.1970202	312671.531	7670047.795	40	K	338.225	499.065	312672.12	7670045.973	312670.9419	7670049.617	-17.91891605	Jul-26th-2024-08-45AM-Flight-Airdata	NA	3.829089584	NA	NA	adult
20240726001A	59:26.3	20074	90	153	-90	0	-21.06088881	55.19758595	312730.2545	7670054.843	40	K	550.105	565.085	312729.4713	7670052.98	312731.0377	7670056.705	22.80336383	Jul-26th-2024-08-45AM-Flight-Airdata	NA	4.041663292	NA	NA	adult
20240726001A	57:30.7	16612	90.1	197.6	-89.9	0	-21.06098572	55.19691842	312661.0024	7670043.329	40	K	389.325	497.32	312660.5417	7670041.28	312661.4631	7670045.378	12.67329377	Jul-26th-2024-08-45AM-Flight-Airdata	NA	4.200007347	NA	NA	adult
20240726001A	57:23.3	16386	90.1	197.6	-90	0	-21.06073281	55.19631361	312597.8314	7670070.619	40	K	1301.94	571.575	312603.1613	7670071.538	312592.5015	7670069.699	-99.78983928	Jul-26th-2024-08-45AM-Flight-Airdata	10.81728448	NA	NA	10.81728448	adult
20240726001A	57:37.3	16810	90.1	197.6	-89.9	0	-21.06079277	55.19640861	312607.7789	7670064.092	40	K	1203.23	615.495	312613.0476	7670065.922	312602.5101	7670062.262	-109.1524484	Jul-26th-2024-08-45AM-Flight-Airdata	11.15489533	NA	NA	11.15489533	adult
20240726001A	57:41.5	16931	90.1	197	-89.9	0	-21.06080641	55.19645485	312612.6022	7670062.637	40	K	1163.88	665.73	312617.8262	7670064.638	312607.3781	7670060.635	-110.9628718	Jul-26th-2024-08-45AM-Flight-Airdata	11.18863129	NA	NA	11.18863129	adult
20240726001A	57:46.7	17086	90.1	176.1	-90	0	-21.06091884	55.19646646	312613.9493	7670050.202	40	K	1101.7	580.71	312618.7848	7670052.698	312609.1137	7670047.706	-117.3016758	Jul-26th-2024-08-45AM-Flight-Airdata	10.88346424	NA	NA	10.88346424	adult
20240726001A	58:06.9	17692	89.9	153	-89.9	0	-21.06107712	55.19664865	312633.0819	7670032.893	40	K	1086.94	463.375	312638.2813	7670034.487	312627.8826	7670031.298	-107.0506967	Jul-26th-2024-08-45AM-Flight-Airdata	10.87686831	NA	NA	10.87686831	adult
20240726001A	58:12.5	17862	89.9	153	-89.9	0	-21.06108356	55.19668971	312637.357	7670032.228	40	K	1109.43	476.375	312642.5042	7670034.006	312632.2098	7670030.451	-109.048441	Jul-26th-2024-08-45AM-Flight-Airdata	10.89077454	NA	NA	10.89077454	adult
20240726001A	57:23.3	16386	90.1	197.6	-90	0	-21.06074221	55.19625837	312592.1021	7670069.512	40	K	1370.875	537.36	312592.2723	7670067.778	312591.932	7670071.247	-5.603625545	Jul-26th-2024-08-45AM-Flight-Airdata	3.485534374	NA	3.485534374	NA	adult
20240726001A	57:37.3	16810	90.1	197.6	-89.9	0	-21.0608118	55.19635387	312602.1136	7670061.921	40	K	1268.41	568.56	312602.5794	7670060.293	312601.6478	7670063.549	-15.96793864	Jul-26th-2024-08-45AM-Flight-Airdata	3.386189027	NA	3.386189027	NA	adult
20240726001A	57:42.1	16949	90.1	195.7	-89.9	0	-21.06082598	55.19640289	312607.2265	7670060.408	40	K	1224.555	624.93	312607.7677	7670058.732	312606.6853	7670062.084	-17.89653663	Jul-26th-2024-08-45AM-Flight-Airdata	3.522046151	NA	3.522046151	NA	adult
20240726001A	57:49.5	17170	90.1	171.1	-89.9	0	-21.06100839	55.19644424	312611.7521	7670040.261	40	K	1176.18	513.905	312612.3236	7670038.576	312611.1806	7670041.947	-18.72951057	Jul-26th-2024-08-45AM-Flight-Airdata	3.559743781	NA	3.559743781	NA	adult
20240726001A	58:06.9	17692	89.9	153	-89.9	0	-21.06109354	55.19659554	312627.583	7670031.012	40	K	1168.29	474.23	312628.2273	7670029.341	312626.9386	7670032.684	-21.07671095	Jul-26th-2024-08-45AM-Flight-Airdata	3.583649489	NA	3.583649489	NA	adult
20240726001A	58:17.1	18002	89.9	153	-89.9	0	-21.0610908	55.19665803	312634.0737	7670031.39	40	K	1182.455	522.615	312634.7052	7670029.69	312633.4421	7670033.089	-20.38471124	Jul-26th-2024-08-45AM-Flight-Airdata	3.626364945	NA	3.626364945	NA	adult
20240726002A	35:19.5	18091	90.7	223.1	-70.1	0	-21.07188645	55.20176039	313177.8241	7668842.147	40	K	324.54	501.51	313179.1919	7668840.944	313176.4563	7668843.349	-48.67821361	Jul-26th-2024-09-21AM-Flight-Airdata	NA	3.642442861	NA	NA	adult
20240726002A	35:25.3	18263	90.6	223.1	-90	0	-21.07192053	55.20173133	313174.8461	7668838.34	40	K	259.5	348.33	313173.4841	7668839.865	313176.2081	7668836.816	138.2245466	Jul-26th-2024-09-21AM-Flight-Airdata	NA	4.088786523	NA	NA	adult
20240726002A	35:29.3	18383	90.7	223.1	-82.7	0	-21.07205376	55.20162154	313163.6043	7668823.461	40	K	254.6	337.83	313165.0202	7668821.952	313162.1884	7668824.97	-43.17804596	Jul-26th-2024-09-21AM-Flight-Airdata	NA	4.138451354	NA	NA	adult
20240726002A	35:42.7	18788	90.7	159.5	-89.9	0	-21.07154568	55.20197596	313199.7991	7668880.128	40	K	283.98	349.725	313201.3987	7668878.769	313198.1994	7668881.488	-49.64059427	Jul-26th-2024-09-21AM-Flight-Airdata	NA	4.198573541	NA	NA	adult
20240726002A	35:23.9	18221	90.7	223.1	-89.9	0	-21.07191693	55.20172484	313174.1679	7668838.731	40	K	279.78	234.32	313175.5226	7668837.072	313172.8132	7668840.389	-39.24066532	Jul-26th-2024-09-21AM-Flight-Airdata	NA	4.283006918	NA	NA	adult
20240726002A	35:09.7	17798	90.7	233.8	-56.3	0	-21.07121653	55.2012498	313123.9266	7668915.718	40	K	1295.775	499.66	313129.0273	7668918.6	313118.8259	7668912.836	-119.4681888	Jul-26th-2024-09-21AM-Flight-Airdata	11.71731732	NA	NA	11.71731732	adult
20240726002A	35:13.9	17925	90.7	227.8	-67.2	0	-21.07126549	55.20130529	313129.7551	7668910.363	40	K	1305.91	501.18	313134.3883	7668914.353	313125.1218	7668906.373	-130.7353484	Jul-26th-2024-09-21AM-Flight-Airdata	12.22932665	NA	NA	12.22932665	adult
20240726002A	35:28.1	18348	90.7	223.1	-89.9	0	-21.07127668	55.20138665	313138.223	7668909.219	40	K	1254.405	736.295	313141.0631	7668914.484	313135.3828	7668903.955	-151.6547989	Jul-26th-2024-09-21AM-Flight-Airdata	11.96403073	NA	NA	11.96403073	adult
20240726002A	35:07.3	17727	90.7	233.8	-56.3	0	-21.0711914	55.20128027	313127.0616	7668918.536	40	K	1296.515	472.74	313132.2671	7668921.417	313121.8562	7668915.656	-118.9564557	Jul-26th-2024-09-21AM-Flight-Airdata	11.89842343	NA	NA	11.89842343	adult
20240726002A	35:09.7	17798	90.7	233.8	-56.3	0	-21.07124361	55.20119916	313118.6985	7668912.66	40	K	1292.16	451.47	313117.6673	7668913.921	313119.7298	7668911.398	140.7354244	Jul-26th-2024-09-21AM-Flight-Airdata	3.258670239	NA	3.258670239	NA	adult
20240726002A	35:14.7	17949	90.7	227	-67.2	0	-21.0713248	55.20125001	313124.084	7668903.731	40	K	1291.885	446	313122.819	7668904.707	313125.3489	7668902.755	127.6482419	Jul-26th-2024-09-21AM-Flight-Airdata	3.19522888	NA	3.19522888	NA	adult
20240726002A	35:29.3	18383	90.7	223.1	-82.7	0	-21.07139617	55.201294	313128.7446	7668895.881	40	K	1227.55	677.415	313127.2144	7668896.45	313130.2748	7668895.312	110.399748	Jul-26th-2024-09-21AM-Flight-Airdata	3.265144523	NA	3.265144523	NA	adult
20240726002A	35:07.3	17727	90.7	233.8	-56.3	0	-21.07121918	55.20122467	313121.3189	7668915.395	40	K	1294.55	422.695	313120.2867	7668916.62	313122.3512	7668914.169	139.8924653	Jul-26th-2024-09-21AM-Flight-Airdata	3.204670354	NA	3.204670354	NA	adult
20240726003A	35:43.1	18799	90.7	158	-90	0	-21.07152648	55.20179679	313181.156	7668882.044	40	K	502.91	450.45	313183.0343	7668880.308	313179.2777	7668883.78	-47.25136644	Jul-26th-2024-09-21AM-Flight-Airdata	NA	5.115615195	NA	NA	adult
20240726003A	35:28.7	18368	90.7	223.1	-90	0	-21.07193116	55.20152179	313153.0848	7668836.918	40	K	452.555	224.365	313151.1397	7668838.592	313155.0299	7668835.244	130.7169079	Jul-26th-2024-09-21AM-Flight-Airdata	NA	5.13253071	NA	NA	adult
20240726003A	35:08.5	17759	90.7	233.8	-56.3	0	-21.07108251	55.20118464	313116.9879	7668930.48	40	K	1461.995	479.895	313122.3535	7668934.55	313111.6222	7668926.41	-127.1791609	Jul-26th-2024-09-21AM-Flight-Airdata	13.46884474	NA	NA	13.46884474	adult
20240726003A	35:14.3	17936	90.7	227.7	-67.2	0	-21.07115156	55.20122289	313121.0494	7668922.879	40	K	1493.875	534.32	313125.8457	7668927.192	313116.2532	7668918.566	-131.9636424	Jul-26th-2024-09-21AM-Flight-Airdata	12.90062609	NA	NA	12.90062609	adult
20240726003A	35:15.7	17974	90.7	224.8	-67.2	0	-21.07119961	55.20119887	313118.6131	7668917.532	40	K	1491.825	571.565	313123.0797	7668922.209	313114.1465	7668912.854	-136.3227823	Jul-26th-2024-09-21AM-Flight-Airdata	12.93552816	NA	NA	12.93552816	adult
20240726003A	35:07.3	17727	90.7	233.8	-56.3	0	-21.0710836	55.20119578	313118.147	7668930.372	40	K	1452.52	472.15	313123.5758	7668934.46	313112.7182	7668926.283	-126.9821448	Jul-26th-2024-09-21AM-Flight-Airdata	13.59203116	NA	NA	13.59203116	adult
20240726003A	35:10.5	17823	90.7	228.2	-56.3	0	-21.07118552	55.20116776	313115.3633	7668919.055	40	K	1456.045	536.08	313120.4505	7668923.754	313110.2761	7668914.356	-132.7290255	Jul-26th-2024-09-21AM-Flight-Airdata	13.85072583	NA	NA	13.85072583	adult
20240726003A	35:10.1	17809	90.7	231.9	-56.3	0	-21.07117521	55.20110879	313109.2223	7668920.127	40	K	1439.34	457.84	313107.6058	7668921.492	313110.8387	7668918.762	130.1860213	Jul-26th-2024-09-21AM-Flight-Airdata	4.231833372	NA	4.231833372	NA	adult
20240726003A	35:15.5	17968	90.7	226	-67.2	0	-21.07123232	55.2011558	313114.1787	7668913.859	40	K	1473.11	491.11	313112.4697	7668914.983	313115.8878	7668912.735	123.3309892	Jul-26th-2024-09-21AM-Flight-Airdata	4.09103398	NA	4.09103398	NA	adult
20240726003A	35:08.3	17756	90.7	233.8	-56.3	0	-21.07111662	55.20113592	313111.9677	7668926.646	40	K	1443.965	426.455	313110.4083	7668927.964	313113.5271	7668925.327	130.2138339	Jul-26th-2024-09-21AM-Flight-Airdata	4.084124962	NA	4.084124962	NA	adult
20240726003A	35:15.9	17983	90.7	223.6	-67.2	0	-21.07125183	55.20115737	313114.3663	7668911.701	40	K	1476.95	516.745	313112.5777	7668912.65	313116.155	7668910.751	117.961602	Jul-26th-2024-09-21AM-Flight-Airdata	4.050118933	NA	4.050118933	NA	adult
20240726003A	35:11.1	17837	90.6	227.8	-56.3	0	-21.07124532	55.20111356	313109.8053	7668912.371	40	K	1433.645	500.755	313108.0635	7668913.453	313111.5471	7668911.289	121.8430854	Jul-26th-2024-09-21AM-Flight-Airdata	4.100669029	NA	4.100669029	NA	adult
20240726004A	15:10.8	24000	90.2	148.5	-90	0	-21.08693976	55.20423969	313454.2585	7667178.435	40	K	474.325	612.365	313452.9117	7667176.851	313455.6054	7667180.02	40.37027849	Jul-26th-2024-10-01AM-Flight-Airdata	NA	4.158716452	NA	NA	adult
20240726004A	15:38.6	24836	90.1	148.5	-89.9	0	-21.08715694	55.20443357	313474.6754	7667154.619	40	K	423.855	440.27	313475.6677	7667152.758	313473.683	7667156.48	-28.07093177	Jul-26th-2024-10-01AM-Flight-Airdata	NA	4.217707541	NA	NA	adult
20240726004A	13:30.6	20995	90.2	7.1	-90	0	-21.08644682	55.20335571	313361.7914	7667231.976	40	K	456.69	802.705	313362.7657	7667234.178	313360.8171	7667229.773	-156.1410044	Jul-26th-2024-10-01AM-Flight-Airdata	NA	4.817424681	NA	NA	adult
20240726004A	13:58.4	21832	90.5	330.5	-89.9	0	-21.08650435	55.20413563	313442.9021	7667226.52	40	K	1387.825	692.56	313448.7411	7667223.58	313437.0631	7667229.46	-63.27418135	Jul-26th-2024-10-01AM-Flight-Airdata	13.07479311	NA	NA	13.07479311	adult
20240726004A	14:09.2	22154	90.4	272.7	-90	0	-21.0863972	55.20384691	313412.7688	7667238.044	40	K	1221.235	635.145	313418.6937	7667235.157	313406.8439	7667240.932	-64.01584703	Jul-26th-2024-10-01AM-Flight-Airdata	13.182407	NA	NA	13.182407	adult
20240726004A	14:33.6	22886	90.4	169.9	-89.9	0	-21.08698397	55.20351961	313379.4931	7667172.697	40	K	1206.905	280.29	313385.1063	7667169.494	313373.8799	7667175.9	-60.28955858	Jul-26th-2024-10-01AM-Flight-Airdata	12.92563067	NA	NA	12.92563067	adult
20240726004A	14:04.4	22008	90.4	278	-89.9	0	-21.08632917	55.20383254	313411.1899	7667245.56	40	K	1327.915	578.845	313410.2386	7667243.973	313412.1412	7667247.148	30.93207324	Jul-26th-2024-10-01AM-Flight-Airdata	3.701426734	NA	3.701426734	NA	adult
20240726004A	26/07/2024 06:14	22417	90.3	216.8	-89.9	0	-21.08657525	55.2035007	313377.0168	7667217.926	40	K	1261.59	528.285	313375.9144	7667216.232	313378.1192	7667219.62	33.06002681	Jul-26th-2024-10-01AM-Flight-Airdata	4.041595675	NA	4.041595675	NA	adult
20240726004A	14:32.4	22848	90.4	169.9	-90	0	-21.08694514	55.2034621	313373.4683	7667176.928	40	K	1280.105	344.505	313372.4184	7667175.019	313374.5182	7667178.838	28.80235707	Jul-26th-2024-10-01AM-Flight-Airdata	4.358379002	NA	4.358379002	NA	adult
20240726004A	15:06.2	23862	90.3	148.5	-90	0	-21.08727394	55.20364035	313392.4002	7667140.735	40	K	1432.955	528.48	313393.8752	7667141.742	313390.9252	7667139.728	-124.3231845	Jul-26th-2024-10-01AM-Flight-Airdata	3.571932365	NA	3.571932365	NA	adult
20240726005A	53:30.6	18301	90.3	53	-84.3	0	-21.06815158	55.1955374	312526.4642	7669248.34	40	K	718.005	873.93	312527.9466	7669247.824	312524.9818	7669248.855	-70.83917088	Jul-26th-2024-10-38AM-Flight-Airdata	NA	3.13869357	NA	NA	adult
20240726005A	53:22.6	18058	90.2	6.8	-84.3	0	-21.06826553	55.19542951	312515.395	7669235.597	40	K	518.555	855.8	312517.0378	7669235.267	312513.7522	7669235.927	-78.64090675	Jul-26th-2024-10-38AM-Flight-Airdata	NA	3.351287185	NA	NA	adult
20240726005A	54:59.2	20957	93.9	318.1	-89.9	0	-21.06837901	55.19536932	312509.282	7669222.962	40	K	237.16	797.785	312507.528	7669223.281	312511.036	7669222.643	100.3018675	Jul-26th-2024-10-38AM-Flight-Airdata	NA	3.565469724	NA	NA	adult
20240726005A	53:22.6	18058	90.2	6.8	-84.3	0	-21.06831468	55.195416	312514.0519	7669230.139	40	K	506.23	921.07	312515.8869	7669230.038	312512.217	7669230.24	-86.83960832	Jul-26th-2024-10-38AM-Flight-Airdata	NA	3.675458796	NA	NA	adult
20240726005A	53:12.8	17769	90.2	21.1	-84.3	0	-21.06839345	55.19611384	312586.6709	7669222.24	40	K	1485.25	625.83	312588.6908	7669227.101	312584.6511	7669217.379	-157.4365231	Jul-26th-2024-10-38AM-Flight-Airdata	10.52793614	NA	NA	10.52793614	adult
20240726005A	26/07/2024 06:53	17865	90.2	6.8	-84.3	0	-21.06829154	55.19614743	312590.0339	7669233.562	40	K	1500.725	607.29	312591.6807	7669238.737	312588.3872	7669228.388	-162.3464764	Jul-26th-2024-10-38AM-Flight-Airdata	10.86013809	NA	NA	10.86013809	adult
20240726005A	58:32.8	27359	93.6	144.4	-90	0	-21.06796901	55.1947148	312440.7504	7669267.585	40	K	1472.83	617.685	312437.0872	7669271.673	312444.4136	7669263.497	138.1378897	Jul-26th-2024-10-38AM-Flight-Airdata	10.97852687	NA	NA	10.97852687	adult
20240726005A	58:49.4	27854	93.3	218.8	-70	0	-21.0674987	55.19457288	312425.4121	7669319.487	40	K	1492.465	799.875	312422.9628	7669323.93	312427.8615	7669315.045	151.1312002	Jul-26th-2024-10-38AM-Flight-Airdata	10.14615942	NA	NA	10.14615942	adult
20240726005A	53:14.8	17825	90.2	7	-84.3	0	-21.06834853	55.19612353	312587.6213	7669227.224	40	K	1482.615	682.375	312586.2941	7669227.825	312588.9486	7669226.624	114.3449499	Jul-26th-2024-10-38AM-Flight-Airdata	2.91348392	NA	2.91348392	NA	adult
20240726005A	53:21.8	18034	90.2	6.8	-84.3	0	-21.06831404	55.1961247	312587.6997	7669231.044	40	K	1506.4	810.385	312586.3887	7669230.633	312589.0107	7669231.456	72.5776562	Jul-26th-2024-10-38AM-Flight-Airdata	2.748022382	NA	2.748022382	NA	adult
20240726005A	58:33.6	27379	93.6	144.4	-89.9	0	-21.06800531	55.19474695	312444.1369	7669263.603	40	K	1467.81	558.375	312445.2064	7669264.596	312443.0674	7669262.611	-132.8600353	Jul-26th-2024-10-38AM-Flight-Airdata	2.91811423	NA	2.91811423	NA	adult
20240726005A	58:41.8	27629	93.7	257.3	-89.9	0	-21.06744064	55.19491812	312461.2162	7669326.322	40	K	1508.26	465.36	312459.6679	7669325.759	312462.7644	7669326.885	70.004302	Jul-26th-2024-10-38AM-Flight-Airdata	3.295063356	NA	3.295063356	NA	adult
20240726005A	58:44.2	27698	93.6	258.1	-71	0	-21.06745212	55.19476091	312444.8938	7669324.866	40	K	1517.235	633.935	312443.3183	7669324.344	312446.4693	7669325.388	71.67019936	Jul-26th-2024-10-38AM-Flight-Airdata	3.319364191	NA	3.319364191	NA	adult
20240726005A	58:49.2	27848	93.4	224.2	-70	0	-21.06750996	55.194613	312429.5955	7669318.289	40	K	1439.345	776.755	312428.0191	7669317.654	312431.172	7669318.923	68.08570811	Jul-26th-2024-10-38AM-Flight-Airdata	3.39847858	NA	3.39847858	NA	adult
20240726006A	22:49.8	11443	89.7	158.3	-89.9	0	-21.06151299	55.19394206	312352.3458	7669981.45	40	K	436.605	699.87	312351.6252	7669980.063	312353.0664	7669982.838	27.43974525	Jul-26th-2024-11-16AM-Flight-Airdata	NA	3.127493624	NA	NA	adult
20240726006A	23:55.6	13412	89.4	142	-90	0	-21.0625923	55.19416364	312376.7275	7669862.215	40	K	374.595	718.785	312376.2897	7669860.702	312377.1653	7669863.729	16.13040844	Jul-26th-2024-11-16AM-Flight-Airdata	NA	3.151600711	NA	NA	adult
20240726006A	23:11.4	12090	89.5	133	-89.9	0	-21.06164848	55.19393094	312351.3606	7669966.436	40	K	287.835	563.515	312350.0201	7669965.482	312352.7011	7669967.39	54.55999554	Jul-26th-2024-11-16AM-Flight-Airdata	NA	3.290657083	NA	NA	adult
20240726006A	22:49.8	11443	89.7	158.3	-89.9	0	-21.06152547	55.19397118	312355.3884	7669980.103	40	K	405.015	670.835	312354.2485	7669978.898	312356.5284	7669981.308	43.40914076	Jul-26th-2024-11-16AM-Flight-Airdata	NA	3.317744785	NA	NA	adult
20240726006A	22:49.8	11443	89.7	158.3	-89.9	0	-21.06155151	55.19398494	312356.8509	7669977.237	40	K	400.825	631.665	312355.6425	7669976.073	312358.0593	7669978.4	46.08318783	Jul-26th-2024-11-16AM-Flight-Airdata	NA	3.355119383	NA	NA	adult
20240726006A	22:38.8	11113	89.7	127.3	-89.9	0	-21.06192884	55.1934814	312304.9936	7669934.868	40	K	1439.035	613.51	312308.7099	7669931.745	312301.2773	7669937.991	-49.95863643	Jul-26th-2024-11-16AM-Flight-Airdata	9.708431526	NA	NA	9.708431526	adult
20240726006A	22:58.2	11697	89.7	158.3	-90	0	-21.06198005	55.19343116	312299.8369	7669929.139	40	K	1294.465	453.965	312301.7583	7669924.832	312297.9155	7669933.445	-24.04328956	Jul-26th-2024-11-16AM-Flight-Airdata	9.431924287	NA	NA	9.431924287	adult
20240726006A	22:59.6	11739	89.7	158.3	-89.9	0	-21.06199656	55.1934144	312298.1161	7669927.291	40	K	1294.165	497.67	312300.1976	7669923.017	312296.0345	7669931.565	-25.96652915	Jul-26th-2024-11-16AM-Flight-Airdata	9.508208092	NA	NA	9.508208092	adult
20240726006A	26/07/2024 07:23	12137	89.5	133	-89.9	0	-21.06230411	55.19359928	312317.7157	7669893.459	40	K	1312.5	259.72	312321.1188	7669889.831	312314.3125	7669897.086	-43.17467101	Jul-26th-2024-11-16AM-Flight-Airdata	9.947590135	NA	NA	9.947590135	adult
20240726006A	22:38.8	11113	89.7	127.3	-89.9	0	-21.06190075	55.19344649	312301.3303	7669937.936	40	K	1435.94	671.825	312302.3234	7669939.026	312300.3373	7669936.845	-137.6836941	Jul-26th-2024-11-16AM-Flight-Airdata	2.950170938	NA	2.950170938	NA	adult
20240726006A	22:58.2	11697	89.7	158.3	-90	0	-21.06193877	55.19341289	312297.8867	7669933.687	40	K	1296.525	514.92	312299.2601	7669934.024	312296.5132	7669933.35	-103.78963	Jul-26th-2024-11-16AM-Flight-Airdata	2.828480082	NA	2.828480082	NA	adult
20240726006A	22:59.6	11739	89.7	158.3	-89.9	0	-21.06195657	55.19339504	312296.0536	7669931.695	40	K	1298.23	557.425	312297.3656	7669932.237	312294.7416	7669931.153	-112.4544338	Jul-26th-2024-11-16AM-Flight-Airdata	2.839346188	NA	2.839346188	NA	adult
20240726006A	26/07/2024 07:23	12137	89.5	133	-89.9	0	-21.06226959	55.19356588	312314.2013	7669897.241	40	K	1308.61	324.105	312315.3055	7669898.194	312313.0971	7669896.288	-130.7866992	Jul-26th-2024-11-16AM-Flight-Airdata	2.916793137	NA	2.916793137	NA	adult
20240726007A	26/07/2024 07:23	12467	89.5	136.2	-90	0	-21.06188113	55.19392571	312351.1087	7669940.672	40	K	396.48	629.395	312349.7081	7669939.8	312352.5094	7669941.545	58.08290804	Jul-26th-2024-11-16AM-Flight-Airdata	NA	3.300157776	NA	NA	adult
20240726007A	26/07/2024 07:23	13128	89.4	142.2	-90	0	-21.06228337	55.19397992	312357.2469	7669896.203	40	K	510.2	715.14	312355.5364	7669895.264	312358.9574	7669897.143	61.22203831	Jul-26th-2024-11-16AM-Flight-Airdata	NA	3.903096289	NA	NA	adult
20240726007A	26/07/2024 07:23	12467	89.5	136.2	-90	0	-21.06182701	55.19388946	312347.2738	7669946.622	40	K	378.85	713.915	312345.6065	7669945.552	312348.9411	7669947.692	57.31617376	Jul-26th-2024-11-16AM-Flight-Airdata	NA	3.961976259	NA	NA	adult
20240726007A	26/07/2024 07:22	11628	89.7	158.3	-89.9	0	-21.06193178	55.19330124	312286.2749	7669934.329	40	K	1488.6	481.53	312290.7771	7669930.95	312281.7728	7669937.709	-53.10804326	Jul-26th-2024-11-16AM-Flight-Airdata	11.25861815	NA	NA	11.25861815	adult
20240726007A	26/07/2024 07:23	12227	89.5	133	-89.9	0	-21.0622877	55.19349488	312306.8449	7669895.152	40	K	1384.2	396.2	312309.7338	7669890.301	312303.956	7669900.004	-30.77207044	Jul-26th-2024-11-16AM-Flight-Airdata	11.293044	NA	NA	11.293044	adult
20240726007A	26/07/2024 07:23	12978	89.5	142.2	-90	0	-21.06266916	55.19347186	312304.9314	7669852.891	40	K	1473.82	602.19	312307.9173	7669848.124	312301.9454	7669857.659	-32.05915838	Jul-26th-2024-11-16AM-Flight-Airdata	11.25097754	NA	NA	11.25097754	adult
20240726007A	26/07/2024 07:22	11628	89.7	158.3	-89.9	0	-21.0618997	55.1932586	312281.8026	7669937.831	40	K	1526.34	541.435	312282.7053	7669939.211	312280.8999	7669936.45	-146.8189701	Jul-26th-2024-11-16AM-Flight-Airdata	3.298951248	NA	3.298951248	NA	adult
20240726007A	26/07/2024 07:23	13004	89.4	142.2	-90	0	-21.0626197	55.19343597	312301.1401	7669858.326	40	K	1466.835	688.185	312302.5117	7669859.083	312299.7684	7669857.568	-118.918128	Jul-26th-2024-11-16AM-Flight-Airdata	3.134052576	NA	3.134052576	NA	adult
20240726007A	23:15.2	12201	89.6	133	-89.9	0	-21.06223417	55.19346661	312303.84	7669901.045	40	K	1355.595	470.715	312305.3354	7669901.579	312302.3447	7669900.511	-109.6491061	Jul-26th-2024-11-16AM-Flight-Airdata	3.175641454	NA	3.175641454	NA	adult
20240726007A	23:39.8	12943	89.4	142.2	-89.9	0	-21.06260525	55.19345097	312302.6803	7669859.943	40	K	1464.31	648.215	312304.1395	7669860.583	312301.2211	7669859.304	-113.677061	Jul-26th-2024-11-16AM-Flight-Airdata	3.186640414	NA	3.186640414	NA	adult
20240726008A	23:23.6	12457	89.5	136.2	-90	0	-21.06185767	55.19381247	312339.3109	7669943.137	40	K	488.92	750.89	312337.7611	7669942.412	312340.8607	7669943.862	64.93665561	Jul-26th-2024-11-16AM-Flight-Airdata	NA	3.421756568	NA	NA	adult
20240726008A	23:06.6	11944	89.7	152.9	-89.9	0	-21.06171877	55.19375554	312333.22	7669958.448	40	K	602.755	780.085	312332.7442	7669956.764	312333.6958	7669960.132	15.778378	Jul-26th-2024-11-16AM-Flight-Airdata	NA	3.499424105	NA	NA	adult
20240726008A	23:26.4	12538	89.5	136.2	-90	0	-21.061879	55.19381877	312339.9927	7669940.783	40	K	499.13	734.84	312338.3733	7669939.822	312341.612	7669941.743	59.3232312	Jul-26th-2024-11-16AM-Flight-Airdata	NA	3.765672269	NA	NA	adult
20240726008A	26/07/2024 07:23	11779	89.7	158.3	-90	0	-21.06200268	55.19320135	312275.983	7669926.362	40	K	1548.56	627.955	312280.3751	7669922.981	312271.5908	7669929.743	-52.41009294	Jul-26th-2024-11-16AM-Flight-Airdata	11.08572308	NA	NA	11.08572308	adult
20240726008A	26/07/2024 07:23	11870	89.7	158.3	-89.9	0	-21.0620262	55.19319584	312275.4396	7669923.751	40	K	1526.92	673.775	312279.8453	7669920.206	312271.034	7669927.296	-51.17839808	Jul-26th-2024-11-16AM-Flight-Airdata	11.30956673	NA	NA	11.30956673	adult
20240726008A	23:17.2	12264	89.6	133	-89.9	0	-21.06226568	55.1933799	312294.8681	7669897.455	40	K	1458.74	544.495	312298.2746	7669893.184	312291.4616	7669901.725	-38.57711487	Jul-26th-2024-11-16AM-Flight-Airdata	10.92579075	NA	NA	10.92579075	adult
20240726008A	23:19.8	12339	89.5	136.2	-90	0	-21.06231951	55.19337421	312294.3442	7669891.488	40	K	1463.375	583.59	312297.6344	7669887.055	312291.054	7669895.922	-36.57885717	Jul-26th-2024-11-16AM-Flight-Airdata	11.04216816	NA	NA	11.04216816	adult
20240726008A	23:25.6	12513	89.5	136.2	-90	0	-21.06237591	55.19336294	312293.2443	7669885.23	40	K	1478.53	629.045	312296.3497	7669880.733	312290.1389	7669889.727	-34.62743469	Jul-26th-2024-11-16AM-Flight-Airdata	10.9299715	NA	NA	10.9299715	adult
20240726008A	23:30.6	12663	89.4	123.1	-90	0	-21.0625241	55.19340898	312298.2149	7669868.878	40	K	1443.58	747.82	312301.485	7669864.493	312294.9449	7669873.264	-36.70801544	Jul-26th-2024-11-16AM-Flight-Airdata	10.94142831	NA	NA	10.94142831	adult
20240726008A	26/07/2024 07:23	11779	89.7	158.3	-90	0	-21.06196913	55.19315799	312271.4346	7669930.026	40	K	1585.795	689.72	312272.4712	7669931.482	312270.398	7669928.569	-144.5619544	Jul-26th-2024-11-16AM-Flight-Airdata	3.575523091	NA	3.575523091	NA	adult
20240726008A	26/07/2024 07:23	12049	89.5	134.8	-90	0	-21.0621441	55.19326991	312283.2849	7669910.786	40	K	1469.675	691.47	312284.4213	7669912.196	312282.1486	7669909.376	-141.1288733	Jul-26th-2024-11-16AM-Flight-Airdata	3.62133708	NA	3.62133708	NA	adult
20240726008A	26/07/2024 07:23	12260	89.6	133	-89.9	0	-21.06222124	55.19334562	312291.2505	7669902.334	40	K	1446.945	612.075	312292.8	7669903.315	312289.7009	7669901.353	-122.337357	Jul-26th-2024-11-16AM-Flight-Airdata	3.668040125	NA	3.668040125	NA	adult
20240726008A	23:18.8	12314	89.5	133	-90	0	-21.06226475	55.19335156	312291.9215	7669897.524	40	K	1450.795	632.71	312293.2649	7669898.66	312290.5781	7669896.389	-130.2032825	Jul-26th-2024-11-16AM-Flight-Airdata	3.517834508	NA	3.517834508	NA	adult
20240726008A	23:26.6	12547	89.5	136.2	-89.9	0	-21.06235448	55.19334511	312291.3644	7669887.582	40	K	1465.835	684.475	312292.9516	7669888.494	312289.7772	7669886.67	-119.8801802	Jul-26th-2024-11-16AM-Flight-Airdata	3.661023322	NA	3.661023322	NA	adult
20240805006J	56:21.9	15973	81.4	156.9	-89.9	0	-21.20722807	55.27905455	321372.2479	7653946.955	40	K	383.66	773.845	321373.2599	7653947.222	321371.236	7653946.688	-104.7559802	Aug-5th-2024-04-46PM-Flight-Airdata	NA	2.092968357	NA	NA	calf
20240805006J	56:42.7	16593	81.6	185.2	-90	0	-21.2076018	55.27927857	321395.9555	7653905.83	40	K	372.14	715.95	321396.8117	7653905.789	321395.0993	7653905.871	-87.25191956	Aug-5th-2024-04-46PM-Flight-Airdata	NA	1.714318508	NA	NA	calf
20240805006J	56:52.5	16888	81.6	182.7	-89.9	0	-21.20769686	55.27931084	321399.4198	7653895.343	40	K	375.725	673.385	321400.3075	7653895.346	321398.532	7653895.34	-90.21357523	Aug-5th-2024-04-46PM-Flight-Airdata	NA	1.775511346	NA	NA	calf
20240805006J	55:55.9	15191	81.8	171.9	-90	0	-21.20710301	55.27884392	321350.2309	7653960.563	40	K	470.91	664.82	321351.0924	7653960.99	321349.3694	7653960.135	-116.3919209	Aug-5th-2024-04-46PM-Flight-Airdata	NA	1.923475206	NA	NA	calf
20240805006J	59:25.3	21466	80.1	165.4	-90	0	-21.20935715	55.28066617	321542.1257	7653713.057	40	K	441.195	572.955	321543.058	7653712.938	321541.1934	7653713.175	-82.75436163	Aug-5th-2024-04-46PM-Flight-Airdata	NA	1.879605832	NA	NA	calf
20240805006J	59:57.7	22436	81.2	149.4	-89.9	0	-21.20961632	55.28087991	321564.6269	7653684.604	40	K	450.26	693.22	321565.4698	7653684.844	321563.784	7653684.364	-105.8867272	Aug-5th-2024-04-46PM-Flight-Airdata	NA	1.752706449	NA	NA	calf
20240726008A	26/07/2024 07:23	12738	89.4	123.1	-89.9	0	-21.06253908	55.19339425	312296.7032	7669867.202	40	K	1437.505	818.085	312298.2619	7669868.264	312295.1445	7669866.14	-124.2627292	Jul-26th-2024-11-16AM-Flight-Airdata	3.772047822	NA	3.772047822	NA	adult
20240726009A	30:40.6	25553	89.7	173.9	-90	0	-21.06470515	55.1917534	312128.9004	7669625.452	40	K	494.39	624.525	312128.2982	7669623.945	312129.5027	7669626.959	21.77910885	Jul-26th-2024-11-16AM-Flight-Airdata	NA	3.246371796	NA	NA	adult
20240726009A	30:25.6	25103	89.7	195.5	-64	0	-21.06511866	55.19209269	312164.6795	7669580.071	40	K	375.2	412.3	312163.1991	7669578.9	312166.16	7669581.242	51.66315642	Jul-26th-2024-11-16AM-Flight-Airdata	NA	3.774881636	NA	NA	adult
20240726009A	30:36.8	25438	89.7	204.3	-90	0	-21.06458655	55.19110677	312061.5515	7669637.821	40	K	1498.085	621.715	312058.5416	7669641.133	312064.5613	7669634.508	137.7391808	Jul-26th-2024-11-16AM-Flight-Airdata	8.951111346	NA	NA	8.951111346	adult
20240726009A	26/07/2024 07:30	25265	89.8	204.3	-85.2	0	-21.06469404	55.19112823	312063.9172	7669625.945	40	K	1475.575	456.43	312062.2164	7669630.219	312065.618	7669621.67	158.3022228	Jul-26th-2024-11-16AM-Flight-Airdata	9.20084755	NA	NA	9.20084755	adult
20240726009A	30:33.8	25347	89.7	204.3	-89.9	0	-21.06454626	55.19113882	312064.8314	7669642.319	40	K	1482.265	691.16	312062.2875	7669646.339	312067.3753	7669638.298	147.6769428	Jul-26th-2024-11-16AM-Flight-Airdata	9.515291382	NA	NA	9.515291382	adult
20240726009A	30:44.8	25678	89.6	63.6	-89.9	0	-21.0650756	55.1914825	312101.2129	7669584.119	40	K	1361.56	648.23	312097.378	7669581.399	312105.0477	7669586.838	54.65859669	Jul-26th-2024-11-16AM-Flight-Airdata	9.402302626	NA	NA	9.402302626	adult
20240726009A	30:37.4	25455	89.7	204.3	-89.9	0	-21.06461796	55.19113387	312064.4074	7669634.375	40	K	1445.66	599.835	312063.1566	7669633.423	312065.6581	7669635.327	52.71614924	Jul-26th-2024-11-16AM-Flight-Airdata	3.144100413	NA	3.144100413	NA	adult
20240726009A	30:18.8	24901	89.7	203.2	-47.1	0	-21.06483915	55.19131557	312083.5678	7669610.1	40	K	1377.18	419.06	312082.0596	7669609.803	312085.0759	7669610.398	78.84767004	Jul-26th-2024-11-16AM-Flight-Airdata	3.074329433	NA	3.074329433	NA	adult
20240726009A	30:32.2	25303	89.7	204.3	-85.2	0	-21.06471755	55.1911122	312062.2804	7669623.323	40	K	1422.935	529.5	312060.8321	7669622.721	312063.7288	7669623.924	67.44628421	Jul-26th-2024-11-16AM-Flight-Airdata	3.136527786	NA	3.136527786	NA	adult
20240726011A	06:10.1	8606	45.7	21.1	-90	0	-21.04547704	55.20901812	313899.1734	7671774.532	40	K	392.365	422.095	313900.56	7671774.705	313897.7867	7671774.358	-97.12835636	Jul-26th-2024-12-52PM-Flight-Airdata	NA	2.794819863	NA	NA	adult
20240726011A	06:31.9	9256	46.3	21.1	-84.9	0	-21.04545196	55.20916637	313914.5504	7671777.482	40	K	445.31	174.79	313915.9353	7671777.688	313913.1656	7671777.277	-98.43657634	Jul-26th-2024-12-52PM-Flight-Airdata	NA	2.800006052	NA	NA	adult
20240726011A	06:49.1	9775	72.9	21.1	-89.9	0	-21.0455088	55.20912033	313909.8365	7671771.135	40	K	580.935	345.95	313911.3217	7671771.168	313908.3513	7671771.103	-91.2581044	Jul-26th-2024-12-52PM-Flight-Airdata	NA	2.971048683	NA	NA	adult
20240726011A	06:40.3	9511	57.4	21.1	-90	0	-21.04549554	55.20916911	313914.89	7671772.66	40	K	567.15	234.26	313916.4068	7671773.028	313913.3733	7671772.292	-103.6261843	Jul-26th-2024-12-52PM-Flight-Airdata	NA	3.121439882	NA	NA	adult
20240726011A	06:43.5	9606	62.7	21.1	-89.9	0	-21.04547444	55.20915369	313913.2609	7671774.978	40	K	554.1	234.985	313914.9063	7671774.948	313911.6155	7671775.009	-88.92900347	Jul-26th-2024-12-52PM-Flight-Airdata	NA	3.291340801	NA	NA	adult
20240726011A	06:54.7	9941	85.3	21.1	-89.9	0	-21.04561284	55.2090844	313906.2312	7671759.574	40	K	647.655	528.705	313907.913	7671759.474	313904.5494	7671759.675	-86.57384939	Jul-26th-2024-12-52PM-Flight-Airdata	NA	3.369626708	NA	NA	adult
20240726011A	05:14.3	6932	93.8	21.1	-90	0	-21.04576316	55.20946615	313946.0956	7671743.377	40	K	1359.505	680.98	313946.6796	7671737.737	313945.5116	7671749.018	-5.911475895	Jul-26th-2024-12-52PM-Flight-Airdata	11.34066305	NA	NA	11.34066305	adult
20240726011A	05:47.3	7921	82.7	21.1	-90	0	-21.04571193	55.20948336	313947.8204	7671749.069	40	K	1442.845	556.725	313949.591	7671743.825	313946.0499	7671754.314	-18.65501207	Jul-26th-2024-12-52PM-Flight-Airdata	11.07047461	NA	NA	11.07047461	adult
20240726011A	06:28.1	9141	46.1	21.1	-84.9	0	-21.04565871	55.20950216	313949.7077	7671754.984	40	K	1486.465	346.96	313949.9539	7671749.399	313949.4615	7671760.569	-2.524285625	Jul-26th-2024-12-52PM-Flight-Airdata	11.18117908	NA	NA	11.18117908	adult
20240726011A	05:16.3	6994	93.9	21.1	-90	0	-21.04577928	55.20947137	313946.6582	7671741.599	40	K	1370.415	544.88	313947.0876	7671736.007	313946.2287	7671747.19	-4.392236203	Jul-26th-2024-12-52PM-Flight-Airdata	11.2155218	NA	NA	11.2155218	adult
20240726011A	06:35.3	9359	49.9	21.1	-84.9	0	-21.0457008	55.20953745	313953.4277	7671750.365	40	K	1564.38	432.975	313952.8832	7671744.72	313953.9723	7671756.01	5.509952345	Jul-26th-2024-12-52PM-Flight-Airdata	11.34227861	NA	NA	11.34227861	adult
20240726011A	06:32.1	9265	46.5	21.1	-84.9	0	-21.04568239	55.20951592	313951.1673	7671752.378	40	K	1538.265	393.82	313950.8814	7671746.747	313951.4532	7671758.008	2.907064944	Jul-26th-2024-12-52PM-Flight-Airdata	11.27530489	NA	NA	11.27530489	adult
20240726011A	05:13.9	6918	93.7	21.1	-90	0	-21.04571629	55.20946194	313945.5996	7671748.562	40	K	1330.98	653.6	313947.3202	7671748.701	313943.879	7671748.423	-94.62724014	Jul-26th-2024-12-52PM-Flight-Airdata	3.45245868	NA	3.45245868	NA	adult
20240726011A	05:17.1	7014	93.9	21.1	-89.9	0	-21.04574975	55.209463	313945.7509	7671744.859	40	K	1343.865	482.36	313947.5827	7671744.951	313943.9191	7671744.766	-92.89104532	Jul-26th-2024-12-52PM-Flight-Airdata	3.668236222	NA	3.668236222	NA	adult
20240726011A	05:36.9	7611	92.9	21.1	-90	0	-21.04570069	55.20948323	313947.7927	7671750.314	40	K	1378.18	435.035	313949.4148	7671751.134	313946.1707	7671749.494	-116.8144318	Jul-26th-2024-12-52PM-Flight-Airdata	3.634932716	NA	3.634932716	NA	adult
20240726011A	05:38.7	7664	91.5	21.1	-89.9	0	-21.0457144	55.20947173	313946.6146	7671748.783	40	K	1378.885	473.545	313948.0972	7671749.683	313945.1319	7671747.882	-121.2684239	Jul-26th-2024-12-52PM-Flight-Airdata	3.469195427	NA	3.469195427	NA	adult
20240726011A	05:40.3	7711	90.5	21.1	-89.9	0	-21.04568813	55.20947683	313947.1118	7671751.697	40	K	1378.185	486.475	313948.4725	7671752.875	313945.751	7671750.519	-130.8852498	Jul-26th-2024-12-52PM-Flight-Airdata	3.599805308	NA	3.599805308	NA	adult
20240726011A	05:46.1	7884	84.6	21.1	-90	0	-21.04566685	55.20947746	313947.1512	7671754.054	40	K	1398.99	499.97	313948.8925	7671754.048	313945.4099	7671754.059	-89.81652013	Jul-26th-2024-12-52PM-Flight-Airdata	3.482661649	NA	3.482661649	NA	adult
20240726011A	05:52.9	8090	74	21.1	-89.9	0	-21.04564004	55.20944775	313944.0293	7671756.987	40	K	1396.6	472.9	313945.8209	7671757.268	313942.2378	7671756.707	-98.90178368	Jul-26th-2024-12-52PM-Flight-Airdata	3.626826265	NA	3.626826265	NA	adult
20240726011A	05:57.3	8218	66.1	21.1	-90	0	-21.04562585	55.20942077	313941.2084	7671758.527	40	K	1391.01	456.38	313942.9672	7671758.78	313939.4497	7671758.273	-98.20662805	Jul-26th-2024-12-52PM-Flight-Airdata	3.553872611	NA	3.553872611	NA	adult
20240726011A	06:00.7	8324	60.2	21.1	-90	0	-21.04562867	55.20938627	313937.6253	7671758.174	40	K	1369.4	477.27	313938.8051	7671759.589	313936.4456	7671756.76	-140.1669957	Jul-26th-2024-12-52PM-Flight-Airdata	3.683647846	NA	3.683647846	NA	adult
20240726011A	06:09.9	8601	46.1	21.1	-89.9	0	-21.04559577	55.20937262	313936.1657	7671761.801	40	K	1422.345	390.56	313936.9796	7671763.453	313935.3518	7671760.149	-153.7716311	Jul-26th-2024-12-52PM-Flight-Airdata	3.683121477	NA	3.683121477	NA	adult
20240726011A	06:17.3	8821	44.3	21.1	-89.9	0	-21.04558565	55.20941811	313940.8815	7671762.974	40	K	1379.795	320.725	313942.2206	7671764.132	313939.5423	7671761.815	-130.8666087	Jul-26th-2024-12-52PM-Flight-Airdata	3.541662646	NA	3.541662646	NA	adult
20240726011A	06:42.3	9571	60.8	21.1	-89.9	0	-21.04577217	55.2095773	313957.6591	7671742.51	40	K	1594.465	476.515	313956.5983	7671736.942	313958.7199	7671748.077	10.78728476	Jul-26th-2024-12-52PM-Flight-Airdata	11.33552056	NA	NA	11.33552056	adult
20240726012A	06:30.9	9226	46.2	21.1	-84.9	0	-21.04565297	55.20910143	313908.0511	7671755.151	40	K	472.87	696.965	313909.172	7671754.882	313906.9301	7671755.42	-76.51768068	Jul-26th-2024-12-52PM-Flight-Airdata	NA	3.112262911	NA	NA	adult
20240726012A	06:35.5	9368	50.3	21.1	-84.9	0	-21.04564001	55.20909938	313907.8221	7671756.584	40	K	491.72	664.335	313909.0404	7671756.466	313906.6038	7671756.702	-84.473533	Jul-26th-2024-12-52PM-Flight-Airdata	NA	3.30468624	NA	NA	adult
20240726012A	06:35.3	9359	49.9	21.1	-84.9	0	-21.04569768	55.20909504	313907.4424	7671750.194	40	K	530.89	798.51	313908.721	7671750.084	313906.1638	7671750.304	-85.08718324	Jul-26th-2024-12-52PM-Flight-Airdata	NA	3.465047077	NA	NA	adult
20240726012A	06:53.9	9919	83.3	21.1	-89.9	0	-21.04546732	55.20902357	313899.7274	7671775.615	40	K	467.79	362.63	313901.0126	7671775.479	313898.4422	7671775.751	-83.94540505	Jul-26th-2024-12-52PM-Flight-Airdata	NA	3.489467027	NA	NA	adult
20240726012A	06:49.5	9783	73.6	21.1	-89.9	0	-21.04549965	55.2090494	313902.4526	7671772.065	40	K	466.345	373.505	313903.851	7671771.895	313901.0542	7671772.236	-83.05026233	Jul-26th-2024-12-52PM-Flight-Airdata	NA	3.803527329	NA	NA	adult
20240726012A	05:17.1	7015	93.9	21.1	-89.9	0	-21.04581802	55.20949967	313949.6471	7671737.343	40	K	1424.665	548.1	313947.1918	7671732.661	313952.1025	7671742.025	27.67386064	Jul-26th-2024-12-52PM-Flight-Airdata	10.57327095	NA	NA	10.57327095	adult
20240726012A	06:12.9	8691	44.8	21.1	-90	0	-21.04571777	55.20937364	313936.4234	7671748.295	40	K	1504.225	695.105	313935.057	7671742.978	313937.7898	7671753.612	14.41160262	Jul-26th-2024-12-52PM-Flight-Airdata	10.97998853	NA	NA	10.97998853	adult
20240726012A	06:19.7	8893	44.1	21.1	-89.9	0	-21.04573695	55.2094078	313939.9975	7671746.211	40	K	1516.62	647.03	313939.2987	7671741.064	313940.6964	7671751.358	7.732989773	Jul-26th-2024-12-52PM-Flight-Airdata	10.38796632	NA	NA	10.38796632	adult
20240726012A	06:23.5	9007	46.2	21.1	-90	0	-21.04578027	55.20942152	313941.4782	7671741.431	40	K	1425.125	616.47	313940.8719	7671736.29	313942.0844	7671746.571	6.725781313	Jul-26th-2024-12-52PM-Flight-Airdata	10.35238559	NA	NA	10.35238559	adult
20240726012A	06:28.5	9155	46.1	21.1	-84.9	0	-21.0458134	55.20941978	313941.3381	7671737.761	40	K	1462.845	802.86	313940.2271	7671732.592	313942.449	7671742.93	12.12981685	Jul-26th-2024-12-52PM-Flight-Airdata	10.57390531	NA	NA	10.57390531	adult
20240726012A	06:17.3	8821	44.3	21.1	-89.9	0	-21.04569541	55.20941726	313940.9295	7671750.821	40	K	1499.41	601.585	313942.4182	7671750.029	313939.4408	7671751.614	-61.97997826	Jul-26th-2024-12-52PM-Flight-Airdata	3.37267609	NA	3.37267609	NA	adult
20240726012A	06:23.9	9016	46.7	21.1	-90	0	-21.04574502	55.20942608	313941.9076	7671745.339	40	K	1394.945	527.26	313943.6734	7671745.098	313940.1418	7671745.58	-82.23226877	Jul-26th-2024-12-52PM-Flight-Airdata	3.564307246	NA	3.564307246	NA	adult
20240726012A	06:24.9	9046	46.7	21.1	-84.9	0	-21.04574055	55.20942948	313942.256	7671745.838	40	K	1401.655	609.455	313943.9476	7671745.775	313940.5643	7671745.901	-87.87857221	Jul-26th-2024-12-52PM-Flight-Airdata	3.385675138	NA	3.385675138	NA	adult
20240726012A	06:31.3	9241	46.2	21.1	-84.9	0	-21.04578817	55.20943249	313942.6279	7671740.569	40	K	1462.63	723.175	313944.2747	7671740.182	313940.9812	7671740.957	-76.76804669	Jul-26th-2024-12-52PM-Flight-Airdata	3.383344432	NA	3.383344432	NA	adult
20240726012A	06:36.7	9401	51.8	21.1	-89.9	0	-21.04585558	55.20945126	313944.6625	7671733.128	40	K	1504.655	747.92	313946.4061	7671732.991	313942.9188	7671733.265	-85.50876637	Jul-26th-2024-12-52PM-Flight-Airdata	3.49805061	NA	3.49805061	NA	adult
20240726012A	06:28.1	9146	46.1	21.1	-84.9	0	-21.04581201	55.20941933	313941.2901	7671737.914	40	K	1460.92	798.32	313940.1786	7671732.798	313942.4017	7671743.03	12.25962471	Jul-26th-2024-12-52PM-Flight-Airdata	10.46988186	NA	NA	10.46988186	adult
20240726012A	05:14.3	6935	93.8	21.1	-90	0	-21.04574323	55.20954285	313954.0423	7671745.674	40	K	1443.71	621.955	313954.8432	7671744.2	313953.2414	7671747.148	-28.52066448	Jul-26th-2024-12-52PM-Flight-Airdata	3.354766939	NA	3.354766939	NA	adult
20240726012A	05:15.5	6966	93.8	21.1	-90	0	-21.04574554	55.2095374	313953.4789	7671745.411	40	K	1436.17	539.27	313954.7258	7671744.257	313952.232	7671746.565	-47.21949146	Jul-26th-2024-12-52PM-Flight-Airdata	3.397829943	NA	3.397829943	NA	adult
20240726012A	06:13.3	8700	44.9	21.1	-90	0	-21.04567348	55.2094004	313939.1505	7671753.23	40	K	1478.215	560.98	313940.6584	7671752.58	313937.6426	7671753.88	-66.66841302	Jul-26th-2024-12-52PM-Flight-Airdata	3.284336305	NA	3.284336305	NA	adult
20240726012A	06:15.5	8764	44.7	21.1	-90	0	-21.04569039	55.20941754	313940.9522	7671751.377	40	K	1489.065	585.745	313942.3987	7671750.506	313939.5057	7671752.248	-58.9524896	Jul-26th-2024-12-52PM-Flight-Airdata	3.376840246	NA	3.376840246	NA	adult
20240726012A	06:23.7	9010	46.5	21.1	-90	0	-21.04573548	55.2094283	313942.1265	7671746.398	40	K	1392.57	501.685	313943.8302	7671746.205	313940.4228	7671746.591	-83.53837464	Jul-26th-2024-12-52PM-Flight-Airdata	3.429128438	NA	3.429128438	NA	adult
20240729001A	00:04.2	5878	90.1	323.9	-89.9	0	-21.0093525	55.20954219	313908.7828	7675774.618	40	K	450.24	691.05	313910.1702	7675775.562	313907.3954	7675773.675	-124.2200892	Jul-29th-2024-03-56PM-Flight-Airdata	NA	3.355710766	NA	NA	adult
20240729001A	59:09.2	4234	90.2	316	-89.9	0	-21.01062526	55.2095301	313909.1058	7675633.692	40	K	541.04	883.36	313910.4986	7675634.645	313907.7131	7675632.739	-124.3866301	Jul-29th-2024-03-56PM-Flight-Airdata	NA	3.375410657	NA	NA	adult
20240729001A	59:13.2	4350	90.3	316	-89.9	0	-21.0104644	55.20947322	313902.9924	7675651.436	40	K	455.46	641.845	313904.4333	7675652.418	313901.5515	7675650.454	-124.2661255	Jul-29th-2024-03-56PM-Flight-Airdata	NA	3.486986103	NA	NA	adult
20240729001A	59:34.4	4990	90.3	316	-90	0	-21.01021278	55.20948026	313903.4122	7675679.301	40	K	439.51	603.41	313904.9756	7675680.154	313901.8487	7675678.447	-118.6310888	Jul-29th-2024-03-56PM-Flight-Airdata	NA	3.562602177	NA	NA	adult
20240729001A	00:04.2	5878	90.1	323.9	-89.9	0	-21.0094889	55.20964676	313919.8231	7675759.638	40	K	452.43	907.05	313921.3747	7675760.541	313918.2715	7675758.735	-120.2033168	Jul-29th-2024-03-56PM-Flight-Airdata	NA	3.590687267	NA	NA	adult
20240729001A	59:46.2	5339	90.2	323.9	-89.9	0	-21.00982775	55.20949386	313904.348	7675721.945	40	K	559.7	685.22	313905.9106	7675722.847	313902.7853	7675721.044	-119.9877879	Jul-29th-2024-03-56PM-Flight-Airdata	NA	3.608290616	NA	NA	adult
20240729001A	58:58.2	3903	90.4	316	-89.9	0	-21.01100992	55.2096123	313918.1285	7675591.202	40	K	532.34	875.385	313919.0966	7675592.744	313917.1603	7675589.659	-147.8811813	Jul-29th-2024-03-56PM-Flight-Airdata	NA	3.641948061	NA	NA	adult
20240729001A	59:52.8	5539	90.1	323.9	-89.9	0	-21.00972667	55.20955163	313910.2287	7675733.203	40	K	423.24	691.05	313911.7478	7675734.249	313908.7096	7675732.158	-124.5391606	Jul-29th-2024-03-56PM-Flight-Airdata	NA	3.688307391	NA	NA	adult
20240729001A	59:05.8	4129	90.2	316	-89.9	0	-21.01075393	55.20954793	313911.1181	7675619.468	40	K	526.54	878.285	313912.2538	7675620.993	313909.9824	7675617.943	-143.317745	Jul-29th-2024-03-56PM-Flight-Airdata	NA	3.802181479	NA	NA	adult
20240729001A	01:00.6	7573	89.9	27.1	-89.9	0	-21.00785164	55.20964778	313917.8984	7675940.906	40	K	683.025	610.05	313919.3008	7675942.208	313916.4959	7675939.604	-132.8728328	Jul-29th-2024-03-56PM-Flight-Airdata	NA	3.827396868	NA	NA	adult
20240729001A	59:39.6	5143	90.1	321.9	-90	0	-21.00998249	55.20945113	313900.0976	7675704.764	40	K	499.13	612.97	313901.7702	7675705.772	313898.4251	7675703.757	-121.0653444	Jul-29th-2024-03-56PM-Flight-Airdata	NA	3.90524026	NA	NA	adult
20240729001A	29/07/2024 11:58	3896	90.4	316	-90	0	-21.0103431	55.20982242	313939.1446	7675665.272	40	K	1428.53	402.66	313934.8883	7675669.708	313943.4009	7675660.835	136.1862448	Jul-29th-2024-03-56PM-Flight-Airdata	12.29587305	NA	NA	12.29587305	adult
20240729001A	58:59.4	3938	90.4	316	-89.9	0	-21.0102617	55.20980418	313937.1474	7675674.263	40	K	1436.685	392.39	313933.0037	7675678.78	313941.2912	7675669.747	137.4631835	Jul-29th-2024-03-56PM-Flight-Airdata	12.25856313	NA	NA	12.25856313	adult
20240729001A	59:08.8	4218	90.2	316	-90	0	-21.00999388	55.20984009	313940.5484	7675703.956	40	K	1509.63	522.47	313936.5798	7675708.913	313944.517	7675698.999	141.3183964	Jul-29th-2024-03-56PM-Flight-Airdata	12.69977106	NA	NA	12.69977106	adult
20240729001A	59:49.2	5432	90.1	323.9	-90	0	-21.00918217	55.20991741	313947.58	7675793.913	40	K	1491.725	245.85	313943.7268	7675799.113	313951.4331	7675788.713	143.4623236	Jul-29th-2024-03-56PM-Flight-Airdata	12.94406296	NA	NA	12.94406296	adult
20240729001A	29/07/2024 11:58	3929	90.4	316	-89.9	0	-21.01032879	55.20984929	313941.9202	7675666.888	40	K	1434.725	467.555	313943.3002	7675668.203	313940.5402	7675665.572	-133.630194	Jul-29th-2024-03-56PM-Flight-Airdata	3.813142068	NA	3.813142068	NA	adult
20240729001A	59:03.2	4049	90.2	316	-90	0	-21.01019822	55.20991353	313948.4371	7675681.418	40	K	1464.7	650.98	313950.0371	7675682.665	313946.8371	7675680.171	-127.9347772	Jul-29th-2024-03-56PM-Flight-Airdata	4.057297139	NA	4.057297139	NA	adult
20240729001A	29/07/2024 11:59	4043	90.2	316	-89.9	0	-21.01019397	55.20990745	313947.7998	7675681.882	40	K	1463.595	641.825	313949.3906	7675683.149	313946.2089	7675680.615	-128.5433336	Jul-29th-2024-03-56PM-Flight-Airdata	4.067911824	NA	4.067911824	NA	adult
20240729001A	59:49.8	5450	90.1	323.9	-90	0	-21.00921424	55.20994765	313950.7629	7675790.398	40	K	1462.385	313.895	313952.407	7675791.538	313949.1187	7675789.258	-124.7274806	Jul-29th-2024-03-56PM-Flight-Airdata	4.001063761	NA	4.001063761	NA	adult
20240729001A	00:09.4	6034	90.1	323.9	-90	0	-21.00870723	55.21000296	313955.8839	7675846.594	40	K	1440.615	451.865	313957.4876	7675847.724	313954.2802	7675845.465	-125.1607857	Jul-29th-2024-03-56PM-Flight-Airdata	3.92312541	NA	3.92312541	NA	adult
20240729008A	35:05.6	5383	88.1	17.4	-68.4	0	-21.00724156	55.22435698	315446.3304	7676025.515	40	K	607.13	862.535	315444.6246	7676025.478	315448.0363	7676025.553	88.74492441	Jul-29th-2024-04-31PM-Flight-Airdata	NA	3.412511686	NA	NA	adult
20240729008A	36:19.2	7587	88.1	86.5	-90	0	-21.00755872	55.22466612	315478.8595	7675990.759	40	K	596.19	570.65	315477.1107	7675990.704	315480.6082	7675990.814	88.19156229	Jul-29th-2024-04-31PM-Flight-Airdata	NA	3.499211141	NA	NA	adult
20240729008A	32:52.4	1390	90.7	70.6	-61.3	0	-21.0060699	55.22437381	315446.6388	7676155.252	40	K	386.76	614.435	315445.0412	7676154.532	315448.2364	7676155.971	65.74991612	Jul-29th-2024-04-31PM-Flight-Airdata	NA	3.504418258	NA	NA	adult
20240729008A	32:56.6	1518	90.7	63.5	-64.1	0	-21.00607564	55.22435982	315445.1917	7676154.6	40	K	455.35	531.245	315443.6273	7676153.73	315446.7561	7676155.471	60.90212861	Jul-29th-2024-04-31PM-Flight-Airdata	NA	3.580697567	NA	NA	adult
20240729008A	39:35.2	13464	89.8	116.6	-90	0	-21.00864536	55.22471594	315485.3758	7675870.511	40	K	180.975	739.945	315483.6215	7675869.988	315487.13	7675871.035	73.38230151	Jul-29th-2024-04-31PM-Flight-Airdata	NA	3.661403636	NA	NA	adult
20240729008A	39:03.2	12504	90.1	116.6	-89.9	0	-21.00856106	55.2247075	315484.3947	7675879.835	40	K	343.705	756.005	315482.575	7675879.47	315486.2143	7675880.201	78.64349934	Jul-29th-2024-04-31PM-Flight-Airdata	NA	3.71204817	NA	NA	adult
20240729008A	35:05.6	5383	88.1	17.4	-68.4	0	-21.00713986	55.22432146	315442.5129	7676036.733	40	K	527.59	745.785	315440.6121	7676036.583	315444.4137	7676036.884	85.47866449	Jul-29th-2024-04-31PM-Flight-Airdata	NA	3.813438839	NA	NA	adult
20240729008A	32:38.4	969	90.7	69.7	-43.4	0	-21.00573998	55.22418522	315426.6272	7676191.56	40	K	227.68	722.435	315425.0623	7676190.277	315428.1922	7676192.843	50.65114129	Jul-29th-2024-04-31PM-Flight-Airdata	NA	4.047455949	NA	NA	adult
20240729008A	32:39.2	996	90.7	69.7	-45.6	0	-21.00670066	55.22457921	315468.7683	7676085.657	40	K	1440.735	660.54	315471.5188	7676080.098	315466.0179	7676091.215	-26.32668538	Jul-29th-2024-04-31PM-Flight-Airdata	12.40368555	NA	NA	12.40368555	adult
20240729008A	34:50.4	4926	88.2	83.5	-84.8	0	-21.00770457	55.22466366	315478.7832	7675974.608	40	K	1461.49	539.7	315480.0066	7675968.61	315477.5598	7675980.605	-11.52893799	Jul-29th-2024-04-31PM-Flight-Airdata	12.24210903	NA	NA	12.24210903	adult
20240729008A	34:54.4	5047	88.1	20.7	-82.8	0	-21.00748634	55.22496907	315510.2658	7675999.122	40	K	1566.89	620.265	315511.084	7675992.954	315509.4475	7676005.29	-7.556484208	Jul-29th-2024-04-31PM-Flight-Airdata	12.44443396	NA	NA	12.44443396	adult
20240729008A	29/07/2024 12:35	5573	88.1	89.4	-82.7	0	-21.00780514	55.22469599	315482.2685	7675963.512	40	K	1586.43	521.025	315483.5407	7675957.426	315480.9963	7675969.598	-11.80652848	Jul-29th-2024-04-31PM-Flight-Airdata	12.43537364	NA	NA	12.43537364	adult
20240729008A	29/07/2024 12:36	7252	88.1	89.4	-90	0	-21.00821665	55.22463142	315476.0616	7675917.878	40	K	1553.6	494.025	315476.9033	7675911.672	315475.2199	7675924.084	-7.724034742	Jul-29th-2024-04-31PM-Flight-Airdata	12.52549185	NA	NA	12.52549185	adult
20240729008A	36:10.8	7334	88.1	94.4	-90	0	-21.00823843	55.22464714	315477.7221	7675915.485	40	K	1678.635	471.28	315478.7678	7675909.471	315476.6765	7675921.498	-9.864141319	Jul-29th-2024-04-31PM-Flight-Airdata	12.20730496	NA	NA	12.20730496	adult
20240729008A	32:45.2	1172	90.6	73.2	-49.8	0	-21.00672621	55.22455621	315466.4086	7676082.801	40	K	1368.95	717.555	315468.2398	7676083.254	315464.5775	7676082.349	-103.8741915	Jul-29th-2024-04-31PM-Flight-Airdata	3.772308699	NA	3.772308699	NA	adult
20240729008A	29/07/2024 12:34	5127	88.1	10.5	-68.4	0	-21.00740548	55.22495411	315508.6105	7676008.056	40	K	1550.695	905.935	315506.8297	7676007.775	315510.3913	7676008.338	81.02382025	Jul-29th-2024-04-31PM-Flight-Airdata	3.605826355	NA	3.605826355	NA	adult
20240729008A	35:11.2	5550	88.1	89.4	-82.7	0	-21.00773552	55.22466984	315479.4642	7675971.189	40	K	1497.88	533.705	315481.3118	7675971.408	315477.6166	7675970.97	-96.76391516	Jul-29th-2024-04-31PM-Flight-Airdata	3.721107477	NA	3.721107477	NA	adult
20240729008A	29/07/2024 12:35	5844	88.1	89.4	-90	0	-21.00790395	55.22469128	315481.8998	7675952.567	40	K	1573.64	654.835	315483.7503	7675952.959	315480.0494	7675952.175	-101.9676588	Jul-29th-2024-04-31PM-Flight-Airdata	3.783173647	NA	3.783173647	NA	adult
20240729008A	36:07.8	7245	88.1	89.4	-90	0	-21.0081616	55.22461802	315474.6008	7675923.956	40	K	1465.31	507.65	315476.5146	7675924.235	315472.687	7675923.678	-98.27273498	Jul-29th-2024-04-31PM-Flight-Airdata	3.867888676	NA	3.867888676	NA	adult
20240729010A	41:05.2	16161	89.2	304.5	-54.5	0	-21.00678366	55.22113984	315111.3089	7676072.49	40	K	427.62	634.86	315113.5237	7676071.793	315109.0941	7676073.186	-72.54521356	Jul-29th-2024-04-31PM-Flight-Airdata	NA	4.643483558	NA	NA	adult
20240729010A	29/07/2024 12:40	15912	89.4	282.8	-54.4	0	-21.00724482	55.22109278	315106.9844	7676021.379	40	K	408.645	373.625	315109.0633	7676020.159	315104.9055	7676022.599	-59.59621923	Jul-29th-2024-04-31PM-Flight-Airdata	NA	4.820757579	NA	NA	adult
20240729010A	29/07/2024 12:40	15912	89.4	282.8	-54.4	0	-21.00717114	55.22112667	315110.4176	7676029.576	40	K	491.105	383.105	315112.6155	7676028.487	315108.2197	7676030.664	-63.65346943	Jul-29th-2024-04-31PM-Flight-Airdata	NA	4.905362714	NA	NA	adult
20240729010A	41:12.4	16374	89.7	304.5	-90	0	-21.00652736	55.22135772	315133.6439	7676101.117	40	K	423.24	617.35	315135.8187	7676099.877	315131.469	7676102.357	-60.31207434	Jul-29th-2024-04-31PM-Flight-Airdata	NA	5.006911298	NA	NA	adult
20240729010A	29/07/2024 12:40	15496	89.1	282.3	-20.3	0	-21.00639604	55.22135669	315133.3755	7676115.656	40	K	1518.22	707.18	315131.563	7676117.109	315135.188	7676114.203	128.7189145	Jul-29th-2024-04-31PM-Flight-Airdata	4.646062546	NA	4.646062546	NA	adult
20240730001A	11:43.1	5426	80.8	333.7	-89.9	0	-21.13499307	55.26664018	319995.9864	7661930.225	40	K	473.595	520.73	319997.7572	7661930.863	319994.2156	7661929.587	-109.8186696	Jul-30th-2024-03-02PM-Flight-Airdata	NA	3.76458148	NA	NA	adult
20240730001A	48:18.4	14578	87.2	254.9	-90	0	-21.13450803	55.26715603	320048.9824	7661984.51	40	K	399.62	604.14	320050.8778	7661983.884	320047.0871	7661985.135	-71.73922453	Jul-30th-2024-03-39PM-Flight-Airdata	NA	3.991761724	NA	NA	adult
20240730001A	48:28.6	14885	87.2	277.1	-90	0	-21.13441815	55.26703745	320036.5566	7661994.326	40	K	534.52	620.82	320038.5649	7661994.654	320034.5483	7661993.998	-99.27981656	Jul-30th-2024-03-39PM-Flight-Airdata	NA	4.069862743	NA	NA	adult
20240730001A	11:34.5	5167	81.1	333.7	-89.9	0	-21.13517885	55.26680427	320013.2541	7661909.843	40	K	570.775	866.675	320015.0225	7661910.87	320011.4858	7661908.816	-120.1409291	Jul-30th-2024-03-02PM-Flight-Airdata	NA	4.089722817	NA	NA	adult
20240730001A	11:40.1	5338	80.8	333.7	-89.9	0	-21.13487678	55.26656345	319987.8757	7661943.013	40	K	451.11	319.11	319989.5676	7661944.209	319986.1837	7661941.817	-125.2616025	Jul-30th-2024-03-02PM-Flight-Airdata	NA	4.144222945	NA	NA	adult
20240730001A	48:44.8	15370	87	277.1	-90	0	-21.13427842	55.26695382	320027.7004	7662009.701	40	K	471.415	520.73	320029.7284	7662010.281	320025.6724	7662009.121	-105.968479	Jul-30th-2024-03-39PM-Flight-Airdata	NA	4.218765013	NA	NA	adult
20240730001A	49:11.4	16163	86.9	326.8	-83.8	0	-21.1339879	55.26669435	320000.3987	7662041.572	40	K	530.165	481.565	320002.5183	7662041.563	319998.279	7662041.581	-89.75759563	Jul-30th-2024-03-39PM-Flight-Airdata	NA	4.239323914	NA	NA	adult
20240730001A	30/07/2024 11:49	15857	87	304.7	-89.9	0	-21.13413198	55.26680936	320012.5189	7662025.75	40	K	549.75	471.415	320014.6266	7662026.18	320010.4112	7662025.32	-101.5341095	Jul-30th-2024-03-39PM-Flight-Airdata	NA	4.302271713	NA	NA	adult
20240730001A	11:24.9	4883	81.9	333.7	-89.9	0	-21.1347534	55.26716966	320050.6935	7661957.36	40	K	1384.51	525.09	320047.6757	7661960.453	320053.7113	7661954.268	135.6995818	Jul-30th-2024-03-02PM-Flight-Airdata	8.641868852	NA	NA	8.641868852	adult
20240730001A	11:24.5	4868	81.9	333.5	-90	0	-21.13474476	55.26714896	320048.5339	7661958.293	40	K	1362.75	500.43	320045.4751	7661961.23	320051.5928	7661955.356	133.8345076	Jul-30th-2024-03-02PM-Flight-Airdata	8.480986081	NA	NA	8.480986081	adult
20240730001A	11:26.7	4935	81.8	333.7	-90	0	-21.13473883	55.26723008	320056.9528	7661959.041	40	K	1476.625	539.59	320054.3559	7661962.48	320059.5497	7661955.603	142.9390413	Jul-30th-2024-03-02PM-Flight-Airdata	8.618129539	NA	NA	8.618129539	adult
20240730001A	11:26.7	4935	81.8	333.7	-90	0	-21.13477383	55.26725847	320059.943	7661955.198	40	K	1490.665	603.335	320058.7269	7661953.931	320061.159	7661956.466	43.81372389	Jul-30th-2024-03-02PM-Flight-Airdata	3.512989117	NA	3.512989117	NA	adult
20240730001A	11:25.7	4907	81.9	333.7	-90	0	-21.13478633	55.26723574	320057.5979	7661953.789	40	K	1450.795	606.475	320056.3296	7661952.643	320058.8662	7661954.936	47.89338107	Jul-30th-2024-03-02PM-Flight-Airdata	3.418971299	NA	3.418971299	NA	adult
20240730001A	11:28.9	4999	81.7	333.7	-89.9	0	-21.13465072	55.2671837	320052.0279	7661968.744	40	K	1474.92	395.23	320050.4719	7661967.903	320053.5839	7661969.584	61.61479701	Jul-30th-2024-03-02PM-Flight-Airdata	3.537362147	NA	3.537362147	NA	adult
20240730001A	11:32.7	5114	81.4	333.7	-89.9	0	-21.13476662	55.26722506	320056.4643	7661955.959	40	K	1452.43	573.995	320054.8573	7661955.098	320058.0714	7661956.82	61.82002286	Jul-30th-2024-03-02PM-Flight-Airdata	3.646297566	NA	3.646297566	NA	adult
20240730001A	30/07/2024 11:48	15524	90	283.5	-89.9	0	-21.13354975	55.26706606	320038.4791	7662090.501	40	K	1541.675	477.46	320037.0679	7662096.782	320039.8902	7662084.221	167.3370271	Jul-30th-2024-03-39PM-Flight-Airdata	12.87456883	NA	NA	12.87456883	adult
20240730001A	48:05.4	14189	90.3	247.7	-90	0	-21.13385852	55.26692757	320024.467	7662056.16	40	K	1438.185	567.875	320024.2356	7662062.575	320024.6983	7662049.745	177.9347345	Jul-30th-2024-03-39PM-Flight-Airdata	12.83871091	NA	NA	12.83871091	adult
20240730001A	48:23.2	14721	90.1	277	-90	0	-21.13373854	55.2671188	320044.1854	7662069.66	40	K	1604.27	591.815	320044.1399	7662076.108	320044.2309	7662063.212	179.5959622	Jul-30th-2024-03-39PM-Flight-Airdata	12.89649348	NA	NA	12.89649348	adult
20240730001A	49:04.2	15953	89.9	314.9	-90	0	-21.13352989	55.26722075	320054.5237	7662092.876	40	K	1586.855	321.29	320052.9046	7662099.234	320056.1427	7662086.518	165.7130888	Jul-30th-2024-03-39PM-Flight-Airdata	13.12137573	NA	NA	13.12137573	adult
20240730001A	30/07/2024 11:48	15735	90.1	300.2	-89.9	0	-21.13359793	55.26717027	320049.3621	7662085.285	40	K	1508.33	470.79	320047.2027	7662084.752	320051.5215	7662085.819	76.12223403	Jul-30th-2024-03-39PM-Flight-Airdata	4.448661615	NA	4.448661615	NA	adult
20240730001A	30/07/2024 11:48	15524	90	283.5	-89.9	0	-21.13361103	55.26708193	320040.2018	7662083.734	40	K	1461.365	516.745	320037.9818	7662083.257	320042.4219	7662084.212	77.85048003	Jul-30th-2024-03-39PM-Flight-Airdata	4.541783798	NA	4.541783798	NA	adult
20240730001A	48:05.4	14189	90.3	247.7	-90	0	-21.13392188	55.26692725	320024.5109	7662049.145	40	K	1352.675	536.17	320022.3439	7662049.129	320026.678	7662049.161	89.56945759	Jul-30th-2024-03-39PM-Flight-Airdata	4.33419577	NA	4.33419577	NA	adult
20240730001A	49:16.4	16314	89.9	335.4	-75.2	0	-21.13354764	55.26729797	320062.5658	7662090.998	40	K	1521.08	487.6	320060.4393	7662090.602	320064.6922	7662091.394	79.45549326	Jul-30th-2024-03-39PM-Flight-Airdata	4.325948912	NA	4.325948912	NA	adult
20240730004A	36:50.1	19330	72.9	336.9	-74	0	-21.13129503	55.26186903	319495.9243	7662334.23	40	K	483.81	746.51	319497.4894	7662335.056	319494.3592	7662333.404	-117.8199185	Jul-30th-2024-04-25PM-Flight-Airdata	NA	3.7932	NA	NA	adult
20240730004A	32:00.7	10656	73.2	87.6	-13.4	0	-21.12924781	55.26720078	320047.2789	7662566.931	40	K	390.41	772.05	320048.1103	7662562.885	320046.4474	7662570.977	-11.61310869	Jul-30th-2024-04-25PM-Flight-Airdata	NA	4.0875	NA	NA	adult
20240730004A	32:16.3	11127	72.5	85.1	-13.4	0	-21.12882138	55.26809021	320139.1534	7662615.149	40	K	361.22	842.11	320138.9065	7662610.814	320139.4002	7662619.484	3.259369243	Jul-30th-2024-04-25PM-Flight-Airdata	NA	4.3491	NA	NA	adult
20240730004A	33:41.7	13685	72.3	267.9	-44.6	0	-21.12990041	55.2663582	319960.5442	7662493.726	40	K	448.785	739.22	319959.949	7662496.021	319961.1393	7662491.431	165.4620858	Jul-30th-2024-04-25PM-Flight-Airdata	NA	4.43085	NA	NA	adult
20240730004A	37:30.9	20551	72.7	337	-18.3	0	-21.13027493	55.26098502	319402.8639	7662446.162	40	K	429.805	699.08	319407.5641	7662447.696	319398.1636	7662444.628	-108.0764867	Jul-30th-2024-04-25PM-Flight-Airdata	NA	4.6107	NA	NA	adult
20240730004A	40:36.9	10032	47.6	329.3	-89.9	0	-21.12847541	55.25890262	319184.3727	7662643.023	40	K	1391.47	273.08	319182.5534	7662646.35	319186.1919	7662639.695	151.3317901	Jul-30th-2024-04-25PM-Flight-Airdata	7.584268537	NA	NA	12.40027906	adult
20240730004A	40:42.3	10194	47.6	329.3	-90	0	-21.12843651	55.25883182	319176.9713	7662647.249	40	K	1384.075	329.385	319175.276	7662650.535	319178.6666	7662643.963	152.7101324	Jul-30th-2024-04-25PM-Flight-Airdata	7.395149153	NA	NA	12.09106887	adult
20240730004A	40:47.3	10345	47.6	329.3	-90	0	-21.12841913	55.25880296	319173.9523	7662649.14	40	K	1373.875	332.205	319172.2456	7662652.419	319175.659	7662645.862	152.49643	Jul-30th-2024-04-25PM-Flight-Airdata	7.391474592	NA	NA	12.08506096	adult
20240730004A	40:06.1	9113	47.4	330.6	-90	0	-21.12864332	55.25910782	319205.8923	7662624.667	40	K	1427.365	396.61	319204.4113	7662628.03	319207.3734	7662621.304	156.2330457	Jul-30th-2024-04-25PM-Flight-Airdata	7.349652149	NA	NA	12.01668126	adult
20240730004A	40:24.7	9669	47.7	0.5	-89.9	0	-21.1286236	55.25899129	319193.7638	7662626.718	40	K	1320.735	358.245	319191.981	7662629.922	319195.5465	7662623.514	150.9076088	Jul-30th-2024-04-25PM-Flight-Airdata	7.333093191	NA	NA	11.98960737	adult
20240730004A	40:31.3	9866	47.6	329.3	-89.9	0	-21.12854674	55.25895178	319189.5665	7662635.182	40	K	1388.54	448.495	319190.4241	7662635.869	319188.7089	7662634.496	-128.6845744	Jul-30th-2024-04-25PM-Flight-Airdata	2.197271069	NA	3.592538198	NA	adult
20240730004A	42:25.3	13285	47	2.2	-89.9	0	-21.12793666	55.25803657	319093.7581	7662701.683	40	K	1361.865	637.625	319094.7609	7662702.132	319092.7553	7662701.235	-114.0946969	Jul-30th-2024-04-25PM-Flight-Airdata	2.196992069	NA	3.592082033	NA	adult
20240730004A	42:46.3	13912	47.8	332.3	-90	0	-21.12788285	55.25797827	319087.6367	7662707.574	40	K	1387.13	502.25	319088.5842	7662708.178	319086.6891	7662706.97	-122.5022326	Jul-30th-2024-04-25PM-Flight-Airdata	2.247056994	NA	3.673938186	NA	adult
20240730010A	27:48.7	3102	51.5	324.6	-89.9	0	-21.13123112	55.26243958	319555.1124	7662341.954	40	K	511.3	501.88	319556.6651	7662343.309	319553.5598	7662340.599	-131.1075813	Jul-30th-2024-04-25PM-Flight-Airdata	NA	4.12135283	NA	NA	adult
20240730010A	28:22.7	4126	72.9	326.8	-89.1	0	-21.13125503	55.26224488	319534.9167	7662339.085	40	K	424.28	625.9	319536.422	7662340.822	319533.4114	7662337.347	-139.0897659	Jul-30th-2024-04-25PM-Flight-Airdata	NA	4.59712898	NA	NA	adult
20240730010A	27:46.3	3031	51.5	324.6	-89.9	0	-21.13128726	55.26249481	319560.9169	7662335.801	40	K	538.14	681.015	319562.7289	7662337.287	319559.1048	7662334.315	-129.3531612	Jul-30th-2024-04-25PM-Flight-Airdata	NA	4.686848068	NA	NA	adult
20240730010A	36:34.9	2781	47.7	344.8	-37.9	0	-21.130391	55.26246992	319557.2462	7662434.999	40	K	1514.98	430.62	319564.2977	7662450.394	319550.1947	7662419.604	-155.3908657	Jul-30th-2024-04-25PM-Flight-Airdata	11.68	NA	NA	11.68	adult
20240730010A	36:39.3	2911	47.8	340.1	-68.3	0	-21.13084422	55.26241025	319551.5967	7662384.755	40	K	1532.105	373.705	319554.2103	7662391.485	319548.9831	7662378.026	-158.7743555	Jul-30th-2024-04-25PM-Flight-Airdata	11.53	NA	NA	11.53	adult
20240730010A	37:10.3	3842	47.8	352.5	-18.1	0	-21.11664586	55.26575932	319882.325	7663960.487	40	K	1407.04	289.765	320173.935	7665295.094	319590.715	7662625.879	-167.6746567	Jul-30th-2024-04-25PM-Flight-Airdata	11.88	NA	NA	11.88	adult
20240730010A	37:09.1	3806	47.8	352.5	-18.1	0	-21.12872859	55.26280507	319590.0472	7662619.429	40	K	1406.805	384.97	319581.4836	7662610.78	319598.6108	7662628.079	44.71373196	Jul-30th-2024-04-25PM-Flight-Airdata	3.81	NA	3.81	NA	adult
20240730010A	36:41.3	2976	47.8	340.1	-74.8	0	-21.13101373	55.26240574	319551.3335	7662365.983	40	K	1443.78	590.82	319549.6469	7662366.134	319553.02	7662365.831	95.11745228	Jul-30th-2024-04-25PM-Flight-Airdata	3.676561631	NA	3.676561631	NA	adult
20240730010A	36:45.9	3113	47.9	340.1	-74.8	0	-21.13096795	55.26241887	319552.642	7662371.066	40	K	1436.915	517.25	319551.0103	7662370.549	319554.2736	7662371.583	72.41868719	Jul-30th-2024-04-25PM-Flight-Airdata	3.553194365	NA	3.553194365	NA	adult
20240731002A	22:04.1	18434	85.8	170.3	-89.9	0	-21.05142729	55.21520572	314549.6549	7671122.968	40	K	682.465	768.77	314547.9249	7671123.2	314551.3849	7671122.736	97.63726202	Jul-31st-2024-08-11AM-Flight-Airdata	NA	3.490952919	NA	NA	adult
20240731002A	23:09.5	20390	85.6	120.1	-89.9	0	-21.05093845	55.21503401	314531.2036	7671176.889	40	K	459.815	593.255	314529.3801	7671176.654	314533.027	7671177.125	82.64137151	Jul-31st-2024-08-11AM-Flight-Airdata	NA	3.677236386	NA	NA	adult
20240731002A	23:37.7	21237	85.6	130.7	-90	0	-21.05096057	55.215016	314529.3591	7671174.419	40	K	623.725	621.545	314527.6161	7671175.09	314531.102	7671173.749	111.0371288	Jul-31st-2024-08-11AM-Flight-Airdata	NA	3.734819994	NA	NA	adult
20240731002A	19:19.5	13501	85.6	19	-71.1	0	-21.05197616	55.21484627	314512.977	7671061.782	40	K	423.545	469.24	314513.887	7671060.138	314512.067	7671063.427	-28.96327696	Jul-31st-2024-08-11AM-Flight-Airdata	NA	3.758496419	NA	NA	adult
20240731002A	17:18.5	9872	85.6	81.7	-75.3	0	-21.05283338	55.21519315	314550.0916	7670967.28	40	K	1326.185	748.99	314544.2625	7670965.586	314555.9206	7670968.974	73.79482174	Jul-31st-2024-08-11AM-Flight-Airdata	12.14037134	NA	NA	12.14037134	adult
20240731002A	15:37.3	6842	85.4	257.3	-89.9	0	-21.05250076	55.21506624	314536.4888	7671003.958	40	K	1471.71	568.69	314530.6842	7671001.707	314542.2933	7671006.208	68.81084226	Jul-31st-2024-08-11AM-Flight-Airdata	12.45081843	NA	NA	12.45081843	adult
20240731002A	16:06.1	7705	85.8	27.1	-89.9	0	-21.05286081	55.21543803	314575.576	7670964.528	40	K	1422.445	439.54	314570.2657	7670961.57	314580.8863	7670967.486	60.87884444	Jul-31st-2024-08-11AM-Flight-Airdata	12.1574059	NA	NA	12.1574059	adult
20240731002A	16:39.7	8712	85.6	82.9	-90	0	-21.05294777	55.21519021	314549.9271	7670954.613	40	K	1412.76	469.945	314544.5851	7670951.535	314555.269	7670957.69	60.0514363	Jul-31st-2024-08-11AM-Flight-Airdata	12.33028936	NA	NA	12.33028936	adult
20240731002A	22:13.5	18716	85.7	140.2	-89.9	0	-21.05166577	55.2146544	314492.6513	7671095.924	40	K	1454.29	771.835	314494.4725	7671094.944	314490.8301	7671096.904	-61.71351596	Jul-31st-2024-08-11AM-Flight-Airdata	4.136264207	NA	4.136264207	NA	adult
20240731002A	17:19.9	9913	85.6	81.7	-75.3	0	-21.0528152	55.21525343	314556.3339	7670969.363	40	K	1302.985	662.71	314557.2036	7670967.599	314555.4642	7670971.127	-26.24368207	Jul-31st-2024-08-11AM-Flight-Airdata	3.933662656	NA	3.933662656	NA	adult
20240731002A	17:25.7	10087	85.6	55.1	-74.6	0	-21.05273863	55.21541007	314572.5183	7670978.023	40	K	1369.105	602.16	314573.2321	7670976.27	314571.8044	7670979.776	-22.15528219	Jul-31st-2024-08-11AM-Flight-Airdata	3.785590945	NA	3.785590945	NA	adult
20240731002A	16:08.7	7783	85.6	35.2	-89.9	0	-21.05287673	55.21548267	314580.235	7670962.818	40	K	1465.25	363.99	314580.8051	7670960.953	314579.6649	7670964.683	-16.99869416	Jul-31st-2024-08-11AM-Flight-Airdata	3.900276311	NA	3.900276311	NA	adult
20240731002A	16:42.1	8784	85.6	82.9	-90	0	-21.05291567	55.21524456	314555.536	7670958.23	40	K	1369.95	394.525	314556.7898	7670956.655	314554.2823	7670959.804	-38.52765901	Jul-31st-2024-08-11AM-Flight-Airdata	4.025678559	NA	4.025678559	NA	adult
20240731004A	31/07/2024 04:55	14718	83.8	307.3	-89.9	0	-21.04661237	55.19506502	312450.3734	7671632.487	40	K	789.8	414.12	312448.7111	7671632.634	312452.0357	7671632.34	95.04961225	Jul-31st-2024-08-40AM-Flight-Airdata	NA	3.337602054	NA	NA	adult
20240731004A	31/07/2024 04:55	14718	83.8	307.3	-89.9	0	-21.04688987	55.19501455	312445.4756	7671601.704	40	K	399.62	604.14	312443.7791	7671601.929	312447.1722	7671601.478	97.56998249	Jul-31st-2024-08-40AM-Flight-Airdata	NA	3.422992697	NA	NA	adult
20240731004A	00:29.8	23733	84	51.1	-76.8	0	-21.04994975	55.19494659	312442.2461	7671262.852	40	K	389.46	633.875	312443.9935	7671262.668	312440.4988	7671263.035	-84.00160211	Jul-31st-2024-08-40AM-Flight-Airdata	NA	3.513968176	NA	NA	adult
20240731004A	55:05.2	13999	83.7	351	-89.9	0	-21.04628852	55.19501799	312445.079	7671668.286	40	K	565.7	395.995	312443.2909	7671668.671	312446.8672	7671667.901	102.1594461	Jul-31st-2024-08-40AM-Flight-Airdata	NA	3.658344133	NA	NA	adult
20240731004A	55:18.8	14410	83.8	351	-90	0	-21.04664574	55.19492116	312435.4627	7671628.623	40	K	512.03	619.375	312433.588	7671628.997	312437.3374	7671628.248	101.2983208	Jul-31st-2024-08-40AM-Flight-Airdata	NA	3.823486364	NA	NA	adult
20240731004A	55:36.2	14934	83.7	306.8	-89.9	0	-21.0469794	55.19499314	312443.3618	7671591.767	40	K	357.55	604.87	312441.2874	7671591.75	312445.4362	7671591.783	89.55305094	Jul-31st-2024-08-40AM-Flight-Airdata	NA	4.148925504	NA	NA	adult
20240731004A	31/07/2024 04:54	13487	83.8	312.2	-90	0	-21.04612378	55.19556031	312501.2386	7671687.163	40	K	1417.395	605.07	312500.1573	7671682.417	312502.32	7671691.909	12.83546497	Jul-31st-2024-08-40AM-Flight-Airdata	9.735382021	NA	NA	9.735382021	adult
20240720003J	35:29.7	1158	70.5	12.1	-66.9	0	-21.07250053	55.20692115	313714.8803	7668780.205	40	K	390.04	673.495	313715.6189	7668779.528	313714.1416	7668780.882	-47.47897722	Jul-20th-2024-08-34AM-Flight-Airdata	NA	2.004360274	NA	NA	calf
20240720003J	37:14.9	4312	74	351.4	-17.9	0	-21.07022204	55.20619005	313636.0656	7669031.61	40	K	246.9	748.6	313636.2971	7669029.491	313635.8341	7669033.729	-6.234632019	Jul-20th-2024-08-34AM-Flight-Airdata	NA	2	NA	NA	calf
20240720003J	37:14.9	4312	74	351.4	-17.9	0	-21.07021522	55.20608228	313624.8583	7669032.24	40	K	175.115	738.47	313626.8552	7669032.073	313622.8614	7669032.407	-85.20564226	Jul-20th-2024-08-34AM-Flight-Airdata	NA	1.99	NA	NA	calf
20240731004A	54:51.8	13601	83.8	321	-89.9	0	-21.04620085	55.19557214	312502.5649	7671678.644	40	K	1369.765	683.61	312501.3164	7671673.857	312503.8135	7671683.432	14.61720889	Jul-31st-2024-08-40AM-Flight-Airdata	9.894849683	NA	NA	9.894849683	adult
20240731004A	31/07/2024 04:55	14057	83.7	351	-89.9	0	-21.04652335	55.19558007	312503.7934	7671642.948	40	K	1374.81	844.295	312503.0304	7671637.83	312504.5564	7671648.067	8.478885938	Jul-31st-2024-08-40AM-Flight-Airdata	10.35017501	NA	NA	10.35017501	adult
20240731004A	55:08.8	14108	83.7	351	-90	0	-21.04655479	55.19557278	312503.0745	7671639.459	40	K	1363.13	818.025	312502.296	7671634.426	312503.8531	7671644.492	8.793346004	Jul-31st-2024-08-40AM-Flight-Airdata	10.18571604	NA	NA	10.18571604	adult
20240731004A	48:35.6	2326	84.6	311.6	-74.5	0	-21.04155475	55.19602346	312543.6559	7672193.564	40	K	1155.89	494.755	312543.0286	7672188.232	312544.2831	7672198.896	6.709232468	Jul-31st-2024-08-40AM-Flight-Airdata	10.73790966	NA	NA	10.73790966	adult
20240731004A	31/07/2024 04:48	2395	84.5	301.3	-74.5	0	-21.04155888	55.19593804	312534.7826	7672193.007	40	K	1161.99	620.27	312534.2733	7672187.937	312535.292	7672198.077	5.736983644	Jul-31st-2024-08-40AM-Flight-Airdata	10.19111468	NA	NA	10.19111468	adult
20240731004A	31/07/2024 04:54	13487	83.8	312.2	-90	0	-21.04607263	55.19557217	312502.4075	7671692.841	40	K	1488.215	566.315	312500.6669	7671693.352	312504.1481	7671692.329	106.3806349	Jul-31st-2024-08-40AM-Flight-Airdata	3.628571985	NA	3.628571985	NA	adult
20240731004A	54:51.2	13582	83.8	317.3	-89.9	0	-21.0461312	55.19557569	312502.8471	7671686.36	40	K	1436.625	635.685	312501.1774	7671686.977	312504.5169	7671685.743	110.2846748	Jul-31st-2024-08-40AM-Flight-Airdata	3.560286305	NA	3.560286305	NA	adult
20240731004A	54:55.6	13714	83.7	332.4	-90	0	-21.04624784	55.19559976	312505.4942	7671673.475	40	K	1395.82	681.44	312503.7605	7671674.081	312507.2279	7671672.868	109.2842882	Jul-31st-2024-08-40AM-Flight-Airdata	3.673507778	NA	3.673507778	NA	adult
20240731004A	55:08.2	14094	83.7	351	-90	0	-21.046491	55.19558376	312504.1362	7671646.534	40	K	1393.81	758.81	312502.4636	7671646.85	312505.8089	7671646.217	100.7157903	Jul-31st-2024-08-40AM-Flight-Airdata	3.404711988	NA	3.404711988	NA	adult
20240731004A	48:41.4	2498	84.6	301.3	-85.4	0	-21.04155497	55.19592771	312533.7042	7672193.427	40	K	1161.805	446.49	312531.9094	7672193.777	312535.499	7672193.078	101.0171856	Jul-31st-2024-08-40AM-Flight-Airdata	3.656948875	NA	3.656948875	NA	adult
20240720003J	35:17.3	790	45.8	12.1	-36.1	0	-21.07224704	55.20754618	313779.5152	7668809.001	40	K	1320.99	548.285	313779.5121	7668806.223	313779.5183	7668811.779	0.064247445	Jul-20th-2024-08-34AM-Flight-Airdata	3.816553974	NA	NA	3.816553974	calf
20240720003J	36:58.3	3818	73.8	0.6	-9.9	0	-21.06992203	55.20783576	313806.7117	7669066.75	40	K	1225.675	718.46	313804.9301	7669075.796	313808.4932	7669057.705	168.8579788	Jul-20th-2024-08-34AM-Flight-Airdata	3.968675272	NA	NA	3.968675272	calf
20240720003J	36:59.9	3863	73.8	0.6	-17.9	0	-21.07038686	55.20765268	313788.2654	7669015.074	40	K	1215.945	715.08	313786.2712	7669019.264	313790.2597	7669010.883	154.5484292	Jul-20th-2024-08-34AM-Flight-Airdata	3.901124108	NA	NA	3.901124108	calf
20240720003J	37:16.3	4357	73.7	351.4	-17.9	0	-21.07006212	55.20728147	313749.2852	7669050.593	40	K	1159.41	747.26	313751.9008	7669047.307	313746.6696	7669053.878	-38.5235097	Jul-20th-2024-08-34AM-Flight-Airdata	3.829090811	NA	NA	3.829090811	calf
20240731004A	31/07/2024 04:48	2698	84.1	269.7	-85.4	0	-21.04157804	55.19572408	312512.5673	7672190.635	40	K	1137.61	393.46	312510.7126	7672191.017	312514.422	7672190.252	101.6614981	Jul-31st-2024-08-40AM-Flight-Airdata	3.787561819	NA	3.787561819	NA	adult
20240731006A	27:07.8	24719	77.1	266.2	-90	0	-21.05530091	55.19500168	312454.6784	7670670.466	40	K	361.18	411.22	312455.3423	7670668.739	312454.0144	7670672.192	-21.0354217	Jul-31st-2024-10-12AM-Flight-Airdata	NA	3.699583495	NA	NA	adult
20240731006A	26:53.2	24280	77.7	264.9	-89.9	0	-21.05526155	55.19522194	312477.521	7670675.083	40	K	401.79	490.995	312477.9349	7670673.256	312477.1072	7670676.909	-12.7648424	Jul-31st-2024-10-12AM-Flight-Airdata	NA	3.745879492	NA	NA	adult
20240731006A	31/07/2024 06:26	24334	77.7	264.9	-89.9	0	-21.05527044	55.19516031	312471.1265	7670674.026	40	K	395.265	403.24	312471.6949	7670672.156	312470.5582	7670675.895	-16.90726358	Jul-31st-2024-10-12AM-Flight-Airdata	NA	3.908575828	NA	NA	adult
20240731006A	31/07/2024 06:26	23646	77.5	275.4	-90	0	-21.05473812	55.19526303	312481.1348	7670733.082	40	K	1369.335	540.375	312476.5926	7670732.524	312485.6769	7670733.64	82.99510296	Jul-31st-2024-10-12AM-Flight-Airdata	9.152624314	NA	NA	NA	adult
20240720003J	35:12.7	653	37.8	12.1	-22.8	0	-21.07192756	55.20768366	313793.4038	7668844.533	40	K	1289.49	501.8	313794.521	7668846.179	313792.2866	7668842.887	-145.8327764	Jul-20th-2024-08-34AM-Flight-Airdata	1.178544777	NA	1.178544777	NA	calf
20240720003J	35:16.1	755	43.5	12.1	-31.4	0	-21.07213061	55.20758614	313783.5221	7668821.938	40	K	1294.105	512.735	313784.5273	7668823.018	313782.5169	7668820.859	-137.0378563	Jul-20th-2024-08-34AM-Flight-Airdata	1.419803121	NA	1.419803121	NA	calf
20240720003J	35:17.3	786	45.8	12.1	-36.1	0	-21.07221692	55.20754857	313779.7261	7668812.338	40	K	1300.66	520.505	313780.587	7668813.184	313778.8653	7668811.491	-134.514825	Jul-20th-2024-08-34AM-Flight-Airdata	1.434424943	NA	1.434424943	NA	calf
20240720003J	35:20.3	881	53.5	12.1	-36.1	0	-21.07228606	55.20754028	313778.9508	7668804.673	40	K	1320.825	671.535	313779.7592	7668805.202	313778.1425	7668804.145	-123.1925993	Jul-20th-2024-08-34AM-Flight-Airdata	1.271938458	NA	1.271938458	NA	calf
20240720003J	35:25.9	1043	66.9	12.1	-45.4	0	-21.07233764	55.20755564	313780.6112	7668798.981	40	K	1331.43	664.695	313780.7061	7668800.006	313780.5163	7668797.955	-174.7120678	Jul-20th-2024-08-34AM-Flight-Airdata	1.459441937	NA	1.459441937	NA	calf
20240720003J	36:58.3	3817	73.8	0.6	-9.9	0	-21.07000514	55.20785262	313808.5667	7669057.569	40	K	1247.335	733.4	313810.4068	7669061.213	313806.7266	7669053.924	-153.2135469	Jul-20th-2024-08-34AM-Flight-Airdata	1.3161001	NA	1.3161001	NA	calf
20240720003J	37:00.9	3893	73.7	0.6	-17.9	0	-21.0703101	55.20765414	313788.3216	7669023.574	40	K	1235.125	723.865	313789.4505	7669025.487	313787.1926	7669021.661	-149.4533676	Jul-20th-2024-08-34AM-Flight-Airdata	1.292584501	NA	1.292584501	NA	calf
20240720003J	37:14.1	4288	74	351.4	-17.9	0	-21.06997665	55.20726237	313747.1938	7669060.033	40	K	1142.505	716.78	313746.1089	7669059.363	313748.2787	7669060.704	58.28987978	Jul-20th-2024-08-34AM-Flight-Airdata	1.260492333	NA	1.260492333	NA	calf
20240720003J	37:22.9	4550	73.7	340.4	-17.9	0	-21.07011061	55.20704693	313724.973	7669044.95	40	K	1186.735	787.165	313724.8302	7669047.106	313725.1158	7669042.795	176.2101837	Jul-20th-2024-08-34AM-Flight-Airdata	1.400511653	NA	1.400511653	NA	calf
20240720003J	57:51.5	6186	92	128.5	-35.4	0	-21.08102933	55.20718404	313752.8277	7667836.253	40	K	364.41	609.51	313751.8348	7667834.754	313753.8207	7667837.751	33.53316218	Jul-20th-2024-08-53AM-Flight-Airdata	NA	2.474871747	NA	NA	calf
20240720003J	58:01.3	6484	92	261.1	-35.4	0	-21.08173051	55.20480322	313506.3098	7667755.835	40	K	359.985	550.965	313506.6883	7667757.683	313505.9313	7667753.987	-168.4244008	Jul-20th-2024-08-53AM-Flight-Airdata	NA	1.882425117	NA	NA	calf
20240720003J	58:08.5	6699	91.9	295.7	-90	0	-21.08122009	55.20556958	313585.3054	7667813.243	40	K	303.135	371.22	313585.9066	7667814.167	313584.7042	7667812.32	-146.9395974	Jul-20th-2024-08-53AM-Flight-Airdata	NA	2.164204838	NA	NA	calf
20240731006A	26:43.2	23982	77.6	275.4	-89.9	0	-21.05472499	55.19518937	312473.4631	7670734.449	40	K	1375.85	435.09	312469.0776	7670733.295	312477.8487	7670735.603	75.25797553	Jul-31st-2024-10-12AM-Flight-Airdata	9.069668269	NA	NA	NA	adult
20240731006A	26:47.4	24106	77.7	275.3	-89.9	0	-21.0547241	55.19516557	312470.9891	7670734.52	40	K	1372.49	400.99	312466.6415	7670733.33	312475.3368	7670735.71	74.69507437	Jul-31st-2024-10-12AM-Flight-Airdata	9.015045788	NA	NA	NA	adult
20240731006A	26:57.8	24417	77.6	264.9	-90	0	-21.05473404	55.19500083	312453.8796	7670733.225	40	K	1341.76	377.46	312449.562	7670731.699	312458.1972	7670734.751	70.5370182	Jul-31st-2024-10-12AM-Flight-Airdata	9.15858861	NA	NA	NA	adult
20240731006A	27:03.6	24596	77.6	264.9	-90	0	-21.0547343	55.19496468	312450.1237	7670733.154	40	K	1347.58	369.9	312450.6392	7670731.92	312449.6082	7670734.388	-22.66562625	Jul-31st-2024-10-12AM-Flight-Airdata	2.675461044	NA	NA	NA	adult
20240731006A	26:25.4	23451	77.5	255.6	-87.9	0	-21.05473123	55.19524958	312479.7286	7670733.829	40	K	1352.305	339.825	312480.1189	7670732.566	312479.3383	7670735.093	-17.16900344	Jul-31st-2024-10-12AM-Flight-Airdata	2.644580655	NA	NA	NA	adult
20240731006A	26:29.6	23573	77.5	260.7	-89.9	0	-21.05473559	55.19523152	312477.8573	7670733.325	40	K	1366.315	586.28	312478.1363	7670732.039	312477.5783	7670734.612	-12.23090266	Jul-31st-2024-10-12AM-Flight-Airdata	2.633537081	NA	NA	NA	adult
20240731006A	31/07/2024 06:26	23826	77.6	275.4	-89.9	0	-21.05472248	55.19526463	312481.2824	7670734.815	40	K	1393.495	544.92	312481.7723	7670733.484	312480.7925	7670736.147	-20.19809813	Jul-31st-2024-10-12AM-Flight-Airdata	2.837908976	NA	NA	NA	adult
20240731006A	26:42.8	23971	77.6	275.4	-90	0	-21.05471461	55.19523631	312478.3287	7670735.654	40	K	1401.83	500.575	312478.6903	7670734.179	312477.967	7670737.128	-13.78081046	Jul-31st-2024-10-12AM-Flight-Airdata	3.036262889	NA	NA	NA	adult
20240720003J	04:16.1	17716	90.2	106.1	-90	0	-21.08368822	55.20979138	314027.0674	7667544.924	40	K	497.525	424.275	314026.9728	7667543.944	314027.162	7667545.904	5.515473163	Jul-20th-2024-08-53AM-Flight-Airdata	NA	1.969100915	NA	NA	calf
20240720003J	03:17.1	15949	90.4	138.9	-90	0	-21.08255076	55.20907989	313951.7211	7667670.026	40	K	396.72	554.815	313951.3061	7667669.27	313952.1361	7667670.782	28.76632705	Jul-20th-2024-08-53AM-Flight-Airdata	NA	1.724739157	NA	NA	calf
20240720003J	03:17.1	15949	90.4	138.9	-90	0	-21.08251049	55.20904821	313948.3783	7667674.448	40	K	391.635	622.27	313947.5722	7667674.056	313949.1843	7667674.839	64.10061107	Jul-20th-2024-08-53AM-Flight-Airdata	NA	1.792072982	NA	NA	calf
20240720003J	03:36.1	16516	90.1	143.4	-54.1	0	-21.08376919	55.21029564	314079.5652	7667536.549	40	K	314.085	260.92	314078.5478	7667536.21	314080.5825	7667536.888	71.5585446	Jul-20th-2024-08-53AM-Flight-Airdata	NA	2.144870106	NA	NA	calf
20240731006A	26:50.2	24194	77.6	264.9	-90	0	-21.05470767	55.1951311	312467.3861	7670736.298	40	K	1422.5	423.2	312467.8588	7670735.07	312466.9135	7670737.525	-21.06202436	Jul-31st-2024-10-12AM-Flight-Airdata	2.63025685	NA	NA	NA	adult
20240731007A	26:53.2	24280	77.7	264.9	-89.9	0	-21.05518418	55.19527169	312482.5941	7670683.707	40	K	529.44	573.675	312482.8245	7670681.688	312482.3637	7670685.725	-6.510875219	Jul-31st-2024-10-12AM-Flight-Airdata	NA	4.063716906	NA	NA	adult
20240731007A	27:16.6	24980	77.5	262.7	-70.2	0	-21.05512231	55.19502269	312456.6389	7670690.264	40	K	564.975	823.89	312456.773	7670688.185	312456.5048	7670692.343	-3.691189442	Jul-31st-2024-10-12AM-Flight-Airdata	NA	4.167008952	NA	NA	adult
20240731007A	31/07/2024 06:27	25687	77.2	272.6	-78.9	0	-21.05513504	55.1949178	312445.7537	7670688.731	40	K	531.615	568.605	312446.2839	7670686.654	312445.2235	7670690.808	-14.31955327	Jul-31st-2024-10-12AM-Flight-Airdata	NA	4.287604568	NA	NA	adult
20240731007A	26:51.2	24219	77.7	264.9	-89.9	0	-21.05460142	55.19502933	312456.676	7670747.941	40	K	1578.575	289.465	312451.6747	7670747.567	312461.6773	7670748.315	85.72579465	Jul-31st-2024-10-12AM-Flight-Airdata	10.03045047	NA	NA	NA	adult
20240731007A	26:54.8	24330	77.7	264.9	-89.9	0	-21.05460809	55.19500778	312454.4441	7670747.178	40	K	1547.065	257.785	312449.625	7670746.629	312459.2631	7670747.726	83.50929952	Jul-31st-2024-10-12AM-Flight-Airdata	9.700313853	NA	NA	NA	adult
20240720003J	03:53.3	17031	90.2	136.2	-76.9	0	-21.08420049	55.20946647	313993.9439	7667487.829	40	K	1323.735	350.62	313995.5112	7667486.136	313992.3765	7667489.523	-42.78122115	Jul-20th-2024-08-53AM-Flight-Airdata	4.615286904	NA	NA	4.615286904	calf
20240720003J	03:53.1	17026	90.2	136.2	-76.9	0	-21.08419226	55.20946081	313993.3455	7667488.734	40	K	1321.71	355.18	313994.9997	7667487	313991.6913	7667490.469	-43.64378037	Jul-20th-2024-08-53AM-Flight-Airdata	4.793609603	NA	NA	4.793609603	calf
20240720003J	04:17.5	17756	90.2	106.1	-89.8	0	-21.08430397	55.20955168	314002.9269	7667476.472	40	K	1467.49	479.75	314004.5914	7667475.447	314001.2624	7667477.497	-58.36416318	Jul-20th-2024-08-53AM-Flight-Airdata	3.91003687	NA	NA	3.91003687	calf
20240731007A	26:58.8	24451	77.7	264.9	-89.9	0	-21.05460992	55.19497818	312451.3699	7670746.94	40	K	1553.405	371.18	312446.705	7670746.061	312456.0348	7670747.819	79.33227001	Jul-31st-2024-10-12AM-Flight-Airdata	9.49378796	NA	NA	NA	adult
20240731007A	27:03.4	24588	77.6	264.9	-90	0	-21.05460287	55.19494904	312448.3332	7670747.687	40	K	1570.74	357.5	312443.6359	7670746.534	312453.0304	7670748.84	76.20775523	Jul-31st-2024-10-12AM-Flight-Airdata	9.673384195	NA	NA	NA	adult
20240731007A	27:10.6	24806	77.5	266.2	-90	0	-21.05460622	55.19492209	312445.5363	7670747.284	40	K	1564.74	354.835	312440.7845	7670746.106	312450.2881	7670748.462	76.07592588	Jul-31st-2024-10-12AM-Flight-Airdata	9.791293155	NA	NA	NA	adult
20240731007A	31/07/2024 06:27	24817	77.4	265.9	-89.9	0	-21.05459647	55.19496213	312449.6858	7670748.41	40	K	1579.245	419.53	312450.1408	7670747.089	312449.2308	7670749.731	-19.0017486	Jul-31st-2024-10-12AM-Flight-Airdata	2.794897386	NA	NA	NA	adult
20240731007A	31/07/2024 06:26	24246	77.7	264.9	-90	0	-21.0546043	55.1950737	312461.2904	7670747.675	40	K	1548.565	352.495	312461.3713	7670746.329	312461.2095	7670749.021	-3.441282692	Jul-31st-2024-10-12AM-Flight-Airdata	2.696530675	NA	NA	NA	adult
20240731007A	31/07/2024 06:26	24363	77.7	264.9	-90	0	-21.05460602	55.19503293	312457.0551	7670747.437	40	K	1550.235	333.825	312457.1428	7670746.026	312456.9675	7670748.848	-3.554071779	Jul-31st-2024-10-12AM-Flight-Airdata	2.827340168	NA	NA	NA	adult
20240720003J	03:56.3	17124	90.2	136.2	-90	0	-21.08407031	55.20935685	313982.3919	7667502.114	40	K	1328.385	327.085	313983.0097	7667502.492	313981.774	7667501.736	-121.4862544	Jul-20th-2024-08-53AM-Flight-Airdata	1.449054478	NA	1.449054478	NA	calf
20240720003J	04:14.9	17677	90.1	106.1	-89.9	0	-21.08433885	55.20963993	314012.1396	7667472.714	40	K	1481.075	357.44	314012.2944	7667473.395	314011.9849	7667472.032	-167.207679	Jul-20th-2024-08-53AM-Flight-Airdata	1.397658712	NA	1.397658712	NA	calf
20240720003J	04:15.9	17707	90.2	106.1	-89.9	0	-21.08431904	55.20960382	314008.3633	7667474.864	40	K	1467.725	409.025	314008.6383	7667475.499	314008.0884	7667474.229	-156.587994	Jul-20th-2024-08-53AM-Flight-Airdata	1.383935465	NA	1.383935465	NA	calf
20240731007A	27:01.4	24529	77.7	264.9	-90	0	-21.05459577	55.19501571	312455.2533	7670748.552	40	K	1572.245	424.865	312455.5501	7670747.152	312454.9565	7670749.951	-11.97093083	Jul-31st-2024-10-12AM-Flight-Airdata	2.861712186	NA	NA	NA	adult
20240731007A	27:09.8	24778	77.5	266.2	-90	0	-21.05459669	55.19497392	312450.9106	7670748.4	40	K	1576.58	431.54	312451.4093	7670747.034	312450.4118	7670749.766	-20.05651363	Jul-31st-2024-10-12AM-Flight-Airdata	2.908478713	NA	NA	NA	adult
20240805001A	58:53.4	8830	80.4	133.8	-58.3	0	-21.21695082	55.28437047	321935.8092	7652876.515	40	K	508.4	366.98	321937.5206	7652877.242	321934.0978	7652875.787	-113.0367231	Aug-5th-2024-03-53PM-Flight-Airdata	NA	3.719419086	NA	NA	adult
20240805001A	59:03.2	9124	80.3	133.8	-65.6	0	-21.21705907	55.28439812	321938.8099	7652864.561	40	K	588.905	388.735	321940.6918	7652864.834	321936.928	7652864.289	-98.24778444	Aug-5th-2024-03-53PM-Flight-Airdata	NA	3.803117034	NA	NA	adult
20240805001A	59:20.8	9650	80.3	151.3	-89.9	0	-21.21707438	55.28446709	321945.9882	7652862.944	40	K	421.375	560.625	321947.8511	7652863.424	321944.1253	7652862.464	-104.4454864	Aug-5th-2024-03-53PM-Flight-Airdata	NA	3.847392114	NA	NA	adult
20240805001A	56:58.8	5395	80.7	145.2	-49.8	0	-21.21564407	55.28367566	321862.1111	7653020.406	40	K	446.755	601.965	321864.1445	7653020.208	321860.0777	7653020.604	-84.42844334	Aug-5th-2024-03-53PM-Flight-Airdata	NA	4.086077275	NA	NA	adult
20240805001A	56:58.8	5395	80.7	145.2	-49.8	0	-21.21553669	55.28364435	321858.7319	7653032.26	40	K	354.65	710.755	321860.773	7653032.108	321856.6908	7653032.411	-85.75749386	Aug-5th-2024-03-53PM-Flight-Airdata	NA	4.093428902	NA	NA	adult
20240720007J	53:34.2	15169	90.7	330.4	-90	0	-21.09277901	55.22105959	315209.1755	7666551.572	40	K	597.765	518.96	315209.9793	7666552.225	315208.3717	7666550.919	-129.0915117	Jul-20th-2024-09-43AM-Flight-Airdata	NA	2.071204702	NA	NA	calf
20240720007J	53:34.2	15169	90.7	330.4	-90	0	-21.09276	55.22102662	315205.7272	7666553.639	40	K	571.215	476.405	315206.2432	7666554.486	315205.2112	7666552.792	-148.6416011	Jul-20th-2024-09-43AM-Flight-Airdata	NA	1.983129072	NA	NA	calf
20240720007J	20/07/2024 05:52	13428	90.4	330.4	-90	0	-21.09285894	55.22095148	315198.0418	7666542.598	40	K	523.03	456.37	315198.3536	7666541.654	315197.73	7666543.541	-18.29086482	Jul-20th-2024-09-43AM-Flight-Airdata	NA	1.986886192	NA	NA	calf
20240805001A	05/08/2024 11:56	5131	80.6	148.6	-43.8	0	-21.21628563	55.2827377	321765.5086	7652948.321	40	K	1490.235	310.82	321764.3669	7652942.539	321766.6502	7652954.103	11.16973484	Aug-5th-2024-03-53PM-Flight-Airdata	11.78704043	NA	NA	11.78704043	adult
20240805001A	58:51.6	8774	80.3	133.8	-52	0	-21.21762613	55.2838145	321878.9033	7652801.124	40	K	1530.455	388.78	321879.5388	7652795.199	321878.2678	7652807.048	-6.122285941	Aug-5th-2024-03-53PM-Flight-Airdata	11.91698691	NA	NA	11.91698691	adult
20240720007J	20/07/2024 05:51	10642	90.3	49.8	-90	0	-21.09316825	55.22139753	315244.7701	7666508.87	40	K	1303.025	402.11	315246.707	7666509.744	315242.8332	7666507.997	-114.2738154	Jul-20th-2024-09-43AM-Flight-Airdata	4.249480004	NA	NA	4.249480004	calf
20240720007J	51:17.8	11083	90.9	49.8	-89.9	0	-21.09311956	55.22143939	315249.0592	7666514.31	40	K	1308.805	453.27	315251.1339	7666514.971	315246.9845	7666513.649	-107.6744065	Jul-20th-2024-09-43AM-Flight-Airdata	4.354948706	NA	NA	4.354948706	calf
20240720007J	51:33.8	11564	90.1	19.2	-89.9	0	-21.09292114	55.22158245	315263.6781	7666536.444	40	K	1360.88	431.645	315265.6265	7666536.807	315261.7297	7666536.082	-100.5489228	Jul-20th-2024-09-43AM-Flight-Airdata	3.963798876	NA	NA	3.963798876	calf
20240720007J	51:35.4	11611	90.1	19.2	-90	0	-21.09291812	55.22158553	315263.9938	7666536.782	40	K	1366.36	440.785	315265.9855	7666537.129	315262.002	7666536.435	-99.88896976	Jul-20th-2024-09-43AM-Flight-Airdata	4.043537208	NA	NA	4.043537208	calf
20240720007J	52:34.4	13377	90.3	330.4	-90	0	-21.09255518	55.22162198	315267.3322	7666577.007	40	K	1516.235	516.515	315269.1854	7666576.048	315265.479	7666577.965	-62.65537455	Jul-20th-2024-09-43AM-Flight-Airdata	4.172640889	NA	NA	4.172640889	calf
20240805001A	58:52.6	8805	80.3	133.8	-58.3	0	-21.21758476	55.28380351	321877.7129	7652805.692	40	K	1536.715	310.69	321878.1857	7652800.29	321877.2402	7652811.094	-5.001480221	Aug-5th-2024-03-53PM-Flight-Airdata	10.84541769	NA	NA	10.84541769	adult
20240805001A	05/08/2024 11:58	8607	80.4	136.4	-45.4	0	-21.21750856	55.2836922	321866.0661	7652814.003	40	K	1460.84	484.55	321866.0146	7652808.955	321866.1176	7652819.051	0.585010956	Aug-5th-2024-03-53PM-Flight-Airdata	10.09644188	NA	NA	10.09644188	adult
20240805001A	58:52.4	8798	80.3	133.8	-58.3	0	-21.2175788	55.2838017	321877.5183	7652806.35	40	K	1534.245	314.24	321877.8601	7652801.203	321877.1765	7652811.497	-3.799278621	Aug-5th-2024-03-53PM-Flight-Airdata	10.31629653	NA	NA	10.31629653	adult
20240805001A	58:53.4	8830	80.4	133.8	-58.3	0	-21.21759304	55.28380634	321878.017	7652804.779	40	K	1539.935	306.19	321878.1847	7652799.72	321877.8494	7652809.837	-1.897680766	Aug-5th-2024-03-53PM-Flight-Airdata	10.12334089	NA	NA	10.12334089	adult
20240805001A	58:52.8	8811	80.3	133.8	-58.3	0	-21.21758481	55.28380396	321877.7601	7652805.686	40	K	1536.825	310.93	321878.1803	7652800.474	321877.3399	7652810.899	-4.609142315	Aug-5th-2024-03-53PM-Flight-Airdata	10.45858505	NA	NA	10.45858505	adult
20240805001A	58:57.6	8953	80.3	133.8	-58.3	0	-21.21758724	55.28383259	321880.7348	7652805.45	40	K	1569.775	401.975	321881.7799	7652805.584	321879.6898	7652805.316	-97.30926066	Aug-5th-2024-03-53PM-Flight-Airdata	2.107248998	NA	2.107248998	NA	adult
20240720007J	51:08.4	10799	90.2	49.8	-89.9	0	-21.09314409	55.22139124	315244.0868	7666511.538	40	K	1299.44	518.08	315244.3545	7666511.007	315243.8191	7666512.069	-26.77525994	Jul-20th-2024-09-43AM-Flight-Airdata	1.188626256	NA	1.188626256	NA	calf
20240720007J	51:12.2	10913	90.2	49.8	-89.9	0	-21.09313157	55.2214044	315245.4385	7666512.94	40	K	1295.8	495.73	315245.6948	7666512.424	315245.1822	7666513.456	-26.42616615	Jul-20th-2024-09-43AM-Flight-Airdata	1.152014673	NA	1.152014673	NA	calf
20240720007J	20/07/2024 05:51	11418	90.2	29.5	-90	0	-21.09300003	55.22152577	315257.886	7666527.644	40	K	1318.87	477.065	315258.1455	7666527.062	315257.6266	7666528.226	-24.03495	Jul-20th-2024-09-43AM-Flight-Airdata	1.274069537	NA	1.274069537	NA	calf
20240720007J	51:30.8	11473	90.1	20.8	-89.9	0	-21.09294693	55.22155333	315260.6845	7666533.555	40	K	1331.22	450.145	315260.8719	7666532.991	315260.4972	7666534.12	-18.36349188	Jul-20th-2024-09-43AM-Flight-Airdata	1.189241735	NA	1.189241735	NA	calf
20240720007J	52:47.8	13779	90.3	330.4	-90	0	-21.09254966	55.22159821	315264.8561	7666577.59	40	K	1608.84	579.945	315265.2261	7666578.175	315264.4861	7666577.005	-147.694353	Jul-20th-2024-09-43AM-Flight-Airdata	1.384596333	NA	1.384596333	NA	calf
20240720007J	52:52.4	13918	90.2	330.4	-89.9	0	-21.09254156	55.22160635	315265.6919	7666578.496	40	K	1625.43	577.135	315266.0315	7666579.091	315265.3522	7666577.901	-150.2619404	Jul-20th-2024-09-43AM-Flight-Airdata	1.369526054	NA	1.369526054	NA	calf
20240720007J	50:40.8	9976	90.5	199.1	-89.9	0	-21.09292619	55.22075763	315177.9842	7666534.927	40	K	1469.54	683.005	315177.4201	7666535.152	315178.5483	7666534.702	111.7712425	Jul-20th-2024-09-43AM-Flight-Airdata	1.214860919	NA	1.214860919	NA	calf
20240805001A	58:53.4	8827	80.4	133.8	-58.3	0	-21.21754515	55.28380192	321877.5005	7652810.075	40	K	1513.915	336.395	321878.8002	7652810.137	321876.2008	7652810.013	-92.7334885	Aug-5th-2024-03-53PM-Flight-Airdata	2.602320878	NA	2.602320878	NA	adult
20240805001A	56:54.2	5256	80.5	148.6	-43.8	0	-21.21624105	55.28292733	321785.1416	7652953.47	40	K	1515.435	550.605	321786.2685	7652953.336	321784.0148	7652953.604	-83.21468147	Aug-5th-2024-03-53PM-Flight-Airdata	2.269653553	NA	2.269653553	NA	adult
20240805001A	56:50.4	5140	80.6	148.6	-43.8	0	-21.21623738	55.28276042	321767.8094	7652953.689	40	K	1473.88	338.725	321766.7013	7652953.794	321768.9175	7652953.584	95.42355753	Aug-5th-2024-03-53PM-Flight-Airdata	2.226099804	NA	2.226099804	NA	adult
20240805002A	42:00.7	15188	70.3	161.7	-58.5	0	-21.20987274	55.2785091	321318.8033	7653653.541	40	K	496.08	406.14	321320.3927	7653653.91	321317.2138	7653653.172	-103.0661595	Aug-5th-2024-03-29PM-Flight-Airdata	NA	3.263382633	NA	NA	adult
20240805002A	42:15.9	15643	70.3	113.4	-50	0	-21.2099831	55.27860892	321329.2994	7653641.436	40	K	498.25	523.635	321330.739	7653642.33	321327.8597	7653640.542	-121.8382682	Aug-5th-2024-03-29PM-Flight-Airdata	NA	3.389231822	NA	NA	adult
20240805002A	42:10.5	15480	70.4	105	-48.6	0	-21.21003906	55.2786005	321328.4927	7653635.23	40	K	670.86	406.87	321329.919	7653636.157	321327.0664	7653634.302	-123.0265347	Aug-5th-2024-03-29PM-Flight-Airdata	NA	3.402359977	NA	NA	adult
20240805002A	42:00.5	15181	70.3	161.7	-58.5	0	-21.21027786	55.27788667	321254.672	7653607.986	40	K	1441.95	202.815	321255.4435	7653602.859	321253.9004	7653613.113	-8.558349193	Aug-5th-2024-03-29PM-Flight-Airdata	10.36895272	NA	NA	10.36895272	adult
20240720007J	01:12.5	6961	90.6	4.7	-90	0	-21.0918147	55.22094417	315195.9903	7666658.201	40	K	598.245	512.865	315196.4771	7666657.42	315195.5035	7666658.981	-31.96128627	Jul-20th-2024-09-56AM-Flight-Airdata	NA	1.839136314	NA	NA	calf
20240720007J	01:12.5	6961	90.6	4.7	-90	0	-21.09185274	55.22090589	315192.0595	7666653.945	40	K	550.445	568.425	315193.1079	7666653.724	315191.011	7666654.166	-78.09230897	Jul-20th-2024-09-56AM-Flight-Airdata	NA	2.143016393	NA	NA	calf
20240720007J	01:18.5	7139	90.5	4.7	-90	0	-21.09178168	55.22093898	315195.4102	7666661.851	40	K	588.065	470.115	315196.3764	7666661.495	315194.4441	7666662.206	-69.78379999	Jul-20th-2024-09-56AM-Flight-Airdata	NA	2.059079314	NA	NA	calf
20240720007J	03:29.7	11068	90.2	4.7	-90	0	-21.0915417	55.22079446	315180.0976	7666688.252	40	K	520.15	507.655	315181.0493	7666687.849	315179.1459	7666688.655	-67.05802405	Jul-20th-2024-09-56AM-Flight-Airdata	NA	2.0668906	NA	NA	calf
20240805002A	42:03.9	15281	70.9	157.9	-58.5	0	-21.21040846	55.27795016	321261.4206	7653593.599	40	K	1309.905	206.625	321262.4266	7653588.491	321260.4146	7653598.708	-11.1411254	Aug-5th-2024-03-29PM-Flight-Airdata	10.41310281	NA	NA	10.41310281	adult
20240720007J	58:06.5	1386	90.2	235.4	-90	0	-21.09191486	55.22104641	315206.7376	7666647.231	40	K	1436.275	792.575	315208.729	7666646.808	315204.7462	7666647.654	-78.00679684	Jul-20th-2024-09-56AM-Flight-Airdata	4.071667436	NA	NA	4.071667436	calf
20240720007J	58:08.1	1434	90.2	235.4	-89.9	0	-21.0919154	55.22104849	315206.9543	7666647.173	40	K	1434.485	795.13	315208.8402	7666646.605	315205.0683	7666647.741	-73.23708074	Jul-20th-2024-09-56AM-Flight-Airdata	3.939287122	NA	NA	3.939287122	calf
20240720007J	58:29.7	2078	90.1	143.4	-90	0	-21.09235545	55.22096825	315199.1618	7666598.36	40	K	1132.945	550.575	315200.655	7666596.95	315197.6687	7666599.771	-46.62402316	Jul-20th-2024-09-56AM-Flight-Airdata	4.108430748	NA	NA	4.108430748	calf
20240720007J	58:54.9	2833	90.2	75.4	-90	0	-21.09238689	55.2213728	315241.2336	7666595.35	40	K	1272.565	493.565	315241.9782	7666593.553	315240.489	7666597.146	-22.51190439	Jul-20th-2024-09-56AM-Flight-Airdata	3.889547895	NA	NA	3.889547895	calf
20240720007J	58:57.9	2927	90.3	42.9	-90	0	-21.09228458	55.22155362	315259.8947	7666606.887	40	K	1326.33	398.01	315260.3877	7666604.964	315259.4018	7666608.81	-14.37884412	Jul-20th-2024-09-56AM-Flight-Airdata	3.970055423	NA	NA	3.970055423	calf
20240805002A	42:04.7	15307	70.8	145.4	-58.5	0	-21.21046877	55.27800918	321267.6208	7653586.989	40	K	1401.41	225.39	321268.8303	7653587.406	321266.4113	7653586.571	-109.0347049	Aug-5th-2024-03-29PM-Flight-Airdata	2.558865361	NA	2.558865361	NA	adult
20240805002A	42:10.5	15479	70.4	105	-48.6	0	-21.21077441	55.2783845	321306.9532	7653553.574	40	K	1634	404.385	321307.8035	7653554.327	321306.1029	7653552.821	-131.5240819	Aug-5th-2024-03-29PM-Flight-Airdata	2.271408871	NA	2.271408871	NA	adult
20240805002A	41:57.7	15096	70.8	161.7	-44.8	0	-21.2102361	55.27777164	321242.6796	7653612.48	40	K	1449.83	441.85	321243.942	7653613.211	321241.4172	7653611.749	-120.0596585	Aug-5th-2024-03-29PM-Flight-Airdata	2.91718114	NA	2.91718114	NA	adult
20240805002A	42:02.9	15253	70.6	161.6	-58.5	0	-21.21028683	55.27793167	321259.3545	7653607.043	40	K	1331.665	256.8	321260.5797	7653607.504	321258.1294	7653606.583	-110.6057989	Aug-5th-2024-03-29PM-Flight-Airdata	2.617787377	NA	2.617787377	NA	adult
20240805002A	41:56.9	15073	70.8	161.7	-41.8	0	-21.21027873	55.2776913	321234.3899	7653607.669	40	K	1447.365	418.135	321235.8141	7653608.258	321232.9657	7653607.079	-112.4803848	Aug-5th-2024-03-29PM-Flight-Airdata	3.082700234	NA	3.082700234	NA	adult
20240720007J	58:14.9	1636	90.2	210	-90	0	-21.09199856	55.22092213	315193.9282	7666637.819	40	K	1357.64	779.43	315193.8624	7666637.108	315193.9939	7666638.53	5.28056767	Jul-20th-2024-09-56AM-Flight-Airdata	1.428155368	NA	1.428155368	NA	calf
20240720007J	58:16.7	1689	90.2	202.4	-89.9	0	-21.09203723	55.2208949	315191.1466	7666633.506	40	K	1332.505	766.61	315191.3421	7666632.841	315190.951	7666634.171	-16.38411476	Jul-20th-2024-09-56AM-Flight-Airdata	1.38643497	NA	1.38643497	NA	calf
20240720007J	58:17.7	1720	90.1	196.7	-89.9	0	-21.09206232	55.22088061	315189.6925	7666630.712	40	K	1314.45	762.055	315189.7623	7666630.002	315189.6228	7666631.422	-5.607945336	Jul-20th-2024-09-56AM-Flight-Airdata	1.42734942	NA	1.42734942	NA	calf
20240720007J	58:30.9	2114	90.1	137.5	-89.9	0	-21.09237025	55.22097941	315200.339	7666596.734	40	K	1134.275	545.48	315199.9668	7666596.194	315200.7111	7666597.275	34.53735037	Jul-20th-2024-09-56AM-Flight-Airdata	1.312727215	NA	1.312727215	NA	calf
20240720007J	58:32.9	2175	90.1	127.4	-90	0	-21.09240887	55.22102838	315205.4756	7666592.516	40	K	1134.085	491.235	315204.9212	7666592.081	315206.03	7666592.951	51.88709403	Jul-20th-2024-09-56AM-Flight-Airdata	1.409232763	NA	1.409232763	NA	calf
20240720007J	58:57.9	2927	90.3	42.9	-90	0	-21.09226724	55.22154912	315259.4054	7666608.801	40	K	1303.995	384.74	315260.0819	7666609.059	315258.7289	7666608.542	-110.8981456	Jul-20th-2024-09-56AM-Flight-Airdata	1.448340094	NA	1.448340094	NA	calf
20240805003A	39:53.1	20413	76.2	36.6	-63.9	0	-21.21165696	55.27220109	320666.0756	7653448.87	40	K	567.145	299.53	320667.7974	7653449.369	320664.3537	7653448.371	-106.1617239	Aug-5th-2024-04-22PM-Flight-Airdata	NA	3.585328754	NA	NA	adult
20240805003A	39:35.7	19889	76.2	39.4	-50.5	0	-21.21184561	55.27228446	320674.9587	7653428.079	40	K	467.79	382.935	320676.7191	7653428.631	320673.1982	7653427.526	-107.4208134	Aug-5th-2024-04-22PM-Flight-Airdata	NA	3.690077275	NA	NA	adult
20240805003A	31:09.1	4710	85	111.2	-61	0	-21.20383802	55.27088938	320520.4447	7654313.042	40	K	114.595	470.69	320518.6972	7654312.449	320522.1922	7654313.634	71.2690928	Aug-5th-2024-04-22PM-Flight-Airdata	NA	3.690431026	NA	NA	adult
20240805003A	30:58.9	4401	84.5	178.9	-61	0	-21.20400018	55.27098066	320530.1173	7654295.192	40	K	523.64	620.095	320528.2851	7654295.495	320531.9495	7654294.888	99.40846612	Aug-5th-2024-04-22PM-Flight-Airdata	NA	3.714323551	NA	NA	adult
20240805003A	31:29.7	5328	84.9	162.6	-66.7	0	-21.20441749	55.27099674	320532.2915	7654249.009	40	K	499.7	174.06	320530.3803	7654248.835	320534.2027	7654249.183	84.80836971	Aug-5th-2024-04-22PM-Flight-Airdata	NA	3.838073528	NA	NA	adult
20240805003A	31:56.1	6117	78.7	188.7	-33.5	0	-21.20488655	55.27104911	320538.2954	7654197.137	40	K	458.04	685.305	320540.2577	7654196.902	320536.333	7654197.372	-83.16234264	Aug-5th-2024-04-22PM-Flight-Airdata	NA	3.952812222	NA	NA	adult
20240805003A	31:08.9	4703	85	111.9	-61	0	-21.20413036	55.27084999	320516.7083	7654280.632	40	K	491.72	398.16	320514.7161	7654280.532	320518.7005	7654280.731	87.12994999	Aug-5th-2024-04-22PM-Flight-Airdata	NA	3.989435892	NA	NA	adult
20240805003A	31:46.1	5815	84.8	188.7	-56.9	0	-21.20483151	55.27105434	320538.7725	7654203.236	40	K	456.905	314.76	320536.8005	7654203.776	320540.7446	7654202.697	105.2986438	Aug-5th-2024-04-22PM-Flight-Airdata	NA	4.089065002	NA	NA	adult
20240805003A	31:09.1	4710	85	111.2	-61	0	-21.20399628	55.27087544	320519.1891	7654295.505	40	K	319.84	422.095	320517.1924	7654295.053	320521.1859	7654295.956	77.2607103	Aug-5th-2024-04-22PM-Flight-Airdata	NA	4.094339341	NA	NA	adult
20240805003A	37:26.5	16017	75.9	179.1	-71.1	0	-21.21052187	55.27159384	320601.6614	7653573.851	40	K	1421.055	617.52	320600.7862	7653568.785	320602.5366	7653578.917	9.802192824	Aug-5th-2024-04-22PM-Flight-Airdata	10.28165524	NA	NA	10.28165524	adult
20240805003A	38:45.5	18389	76	174.1	-71.8	0	-21.21184089	55.27193796	320638.9812	7653428.21	40	K	1449.085	444.75	320638.3885	7653422.761	320639.5739	7653433.658	6.208341666	Aug-5th-2024-04-22PM-Flight-Airdata	10.96105976	NA	NA	10.96105976	adult
20240805003A	38:47.7	18454	76	169.3	-73.9	0	-21.2119628	55.27195262	320640.65	7653414.729	40	K	1481.435	276.61	320640.3235	7653409.253	320640.9765	7653420.204	3.412267414	Aug-5th-2024-04-22PM-Flight-Airdata	10.97092412	NA	NA	10.97092412	adult
20240805003A	39:11.7	19172	75.9	161.7	-57.9	0	-21.21235812	55.27200208	320646.2627	7653371.018	40	K	1512.345	430.5	320645.6075	7653365.165	320646.9179	7653376.87	6.38753323	Aug-5th-2024-04-22PM-Flight-Airdata	11.77815276	NA	NA	11.77815276	adult
20240805003A	39:12.9	19209	75.9	161.7	-57.9	0	-21.21238483	55.27199932	320646.0078	7653368.057	40	K	1518.79	405.945	320645.2909	7653362.236	320646.7246	7653373.879	7.019904056	Aug-5th-2024-04-22PM-Flight-Airdata	11.73085149	NA	NA	11.73085149	adult
20240805003A	31:11.1	4771	85.1	109.2	-56.8	0	-21.20516566	55.2704893	320480.5132	7654165.601	40	K	1862.165	437.535	320479.6347	7654159.782	320481.3918	7654171.42	8.585925378	Aug-5th-2024-04-22PM-Flight-Airdata	11.76946317	NA	NA	11.76946317	adult
20240805003A	31:10.9	4763	85.1	109.2	-56.8	0	-21.20516762	55.27049878	320481.4995	7654165.395	40	K	1856.445	429.96	320480.543	7654159.53	320482.456	7654171.26	9.262485695	Aug-5th-2024-04-22PM-Flight-Airdata	11.88511723	NA	NA	11.88511723	adult
20240805003A	37:16.7	15728	75.9	175.7	-61.1	0	-21.21031525	55.271285	320569.3482	7653596.377	40	K	1441.29	258.24	320567.9273	7653590.76	320570.7691	7653601.994	14.19571359	Aug-5th-2024-04-22PM-Flight-Airdata	11.58793944	NA	NA	11.58793944	adult
20240805003A	37:16.7	15728	75.9	175.7	-61.1	0	-21.21026103	55.27129933	320570.7705	7653602.396	40	K	1433.415	307.2	320572.3313	7653602.336	320569.2098	7653602.456	-87.8108324	Aug-5th-2024-04-22PM-Flight-Airdata	3.123792002	NA	3.123792002	NA	adult
20240805003A	37:27.1	16039	76	178.9	-71.1	0	-21.21049145	55.27159888	320602.1471	7653577.225	40	K	1420.295	667.335	320603.6428	7653576.943	320600.6514	7653577.507	-79.32283776	Aug-5th-2024-04-22PM-Flight-Airdata	3.04412921	NA	3.04412921	NA	adult
20240805003A	38:47.3	18442	76	169.3	-71.9	0	-21.21188123	55.27195673	320640.978	7653423.764	40	K	1467.485	419.765	320642.4809	7653423.704	320639.475	7653423.825	-87.68530268	Aug-5th-2024-04-22PM-Flight-Airdata	3.008425392	NA	3.008425392	NA	adult
20240805003A	39:13.1	19212	75.9	161.7	-57.9	0	-21.21233177	55.27200556	320646.5923	7653373.939	40	K	1506.195	453.68	320648.0888	7653374.144	320645.0957	7653373.734	-97.80534338	Aug-5th-2024-04-22PM-Flight-Airdata	3.021064226	NA	3.021064226	NA	adult
20240805003A	39:16.9	19330	76	161.7	-57	0	-21.21235159	55.2719947	320645.4886	7653371.732	40	K	1521.13	455.34	320646.9539	7653371.656	320644.0232	7653371.809	-87.00331961	Aug-5th-2024-04-22PM-Flight-Airdata	2.934728838	NA	2.934728838	NA	adult
20240805005A	56:43.3	16611	81.6	185.2	-90	0	-21.20757469	55.27921057	321388.8638	7653908.755	40	K	495.59	770.585	321390.3102	7653909.321	321387.4174	7653908.19	-111.3558874	Aug-5th-2024-04-46PM-Flight-Airdata	NA	3.10602415	NA	NA	adult
20240805005A	56:50.7	16833	81.6	182.7	-90	0	-21.20764689	55.2792362	321391.6115	7653900.791	40	K	463.435	691.165	321393.2294	7653900.99	321389.9936	7653900.592	-97.00931854	Aug-5th-2024-04-46PM-Flight-Airdata	NA	3.260145005	NA	NA	adult
20240805005A	48:01.3	971	77.1	259	-41.3	0	-21.20040353	55.27783446	321237.3624	7654701.14	40	K	535.485	651.52	321238.8036	7654700.27	321235.9212	7654702.01	-58.8833731	Aug-5th-2024-04-46PM-Flight-Airdata	NA	3.366798204	NA	NA	adult
20240805005A	51:46.3	7713	56.2	166.2	-56.3	0	-21.20369639	55.27716594	321171.9198	7654335.824	40	K	160.155	549.985	321173.5423	7654335.197	321170.2974	7654336.451	-68.87160285	Aug-5th-2024-04-46PM-Flight-Airdata	NA	3.478770442	NA	NA	adult
20240806001A	32:43.1	10238	91.4	308.7	-44.4	0	-20.99744442	55.17717946	310529.2825	7677054.971	40	K	546.285	658.275	310527.9658	7677053.9	310530.5992	7677056.041	50.90084289	Aug-6th-2024-10-21AM-Flight-Airdata	NA	3.39333685	NA	NA	adult
20240806001A	33:45.7	12115	90.6	307	-41	0	-20.99764936	55.17645911	310454.6467	7677031.426	40	K	500.845	516.05	310454.1843	7677029.686	310455.109	7677033.166	14.8818065	Aug-6th-2024-10-21AM-Flight-Airdata	NA	3.600201285	NA	NA	adult
20240806001A	33:14.1	11165	90.2	311.6	-46.3	0	-20.99735093	55.17687868	310497.8928	7677064.964	40	K	511.415	448.18	310497.112	7677063.226	310498.6735	7677066.703	24.18677725	Aug-6th-2024-10-21AM-Flight-Airdata	NA	3.811039502	NA	NA	adult
20240806001A	34:03.9	12660	90.6	304.9	-42.9	0	-20.99772389	55.1767182	310481.6783	7677023.482	40	K	566.3	624.58	310480.8258	7677021.717	310482.5308	7677025.247	25.77790977	Aug-6th-2024-10-21AM-Flight-Airdata	NA	3.920503519	NA	NA	adult
20240806001A	33:00.5	10760	90.1	311.6	-47.6	0	-20.99740966	55.17698761	310509.292	7677058.591	40	K	507.16	495.61	310508.0437	7677057.034	310510.5402	7677060.148	38.7148211	Aug-6th-2024-10-21AM-Flight-Airdata	NA	3.991426955	NA	NA	adult
20240806001A	33:02.1	10807	90.1	311.6	-47.6	0	-20.99737991	55.17691827	310502.0457	7677061.802	40	K	502.3	450.605	310500.9454	7677060.075	310503.146	7677063.53	32.49820244	Aug-6th-2024-10-21AM-Flight-Airdata	NA	4.095845206	NA	NA	adult
20240806002A	33:00.7	10765	90.1	311.6	-47.6	0	-20.99757164	55.1771781	310529.3015	7677040.884	40	K	432.975	688.38	310528.0229	7677039.872	310530.5801	7677041.896	51.63415639	Aug-6th-2024-10-21AM-Flight-Airdata	NA	3.261471143	NA	NA	adult
20240806002A	33:16.3	11233	90.2	311.6	-46.3	0	-20.99752227	55.1771121	310522.3777	7677046.271	40	K	453.045	645.2	310521.3583	7677044.996	310523.3972	7677047.546	38.64156797	Aug-6th-2024-10-21AM-Flight-Airdata	NA	3.265063633	NA	NA	adult
20240806002A	34:01.5	12590	90.6	303	-42.9	0	-20.99782767	55.17673371	310483.4221	7677012.011	40	K	487.705	668.31	310482.8831	7677010.393	310483.961	7677013.628	18.43188542	Aug-6th-2024-10-21AM-Flight-Airdata	NA	3.409097961	NA	NA	adult
20240806002A	34:01.5	12590	90.6	303	-42.9	0	-20.99780615	55.17662269	310471.8525	7677014.261	40	K	474.935	595.335	310471.1505	7677012.645	310472.5545	7677015.877	23.4806723	Aug-6th-2024-10-21AM-Flight-Airdata	NA	3.523874274	NA	NA	adult
20240806002A	32:58.3	10694	90.1	311.6	-44.4	0	-20.99759554	55.1772507	310536.8798	7677038.324	40	K	438.445	814.255	310535.8802	7677036.865	310537.8795	7677039.782	34.4217592	Aug-6th-2024-10-21AM-Flight-Airdata	NA	3.536882387	NA	NA	adult
20240806002A	34:04.7	12682	90.6	304.9	-42.9	0	-20.99785156	55.17684992	310495.5341	7677009.503	40	K	491.355	769.26	310494.5411	7677007.952	310496.527	7677011.053	32.63101916	Aug-6th-2024-10-21AM-Flight-Airdata	NA	3.682859913	NA	NA	adult
20240806002A	33:16.3	11233	90.2	311.6	-46.3	0	-20.99748481	55.17704264	310515.1082	7677050.336	40	K	458.51	586.215	310514.0051	7677048.827	310516.2113	7677051.845	36.16674016	Aug-6th-2024-10-21AM-Flight-Airdata	NA	3.738383974	NA	NA	adult
20240806003A	37:33.9	18951	90.6	346.7	-55	0	-20.99280829	55.17438866	310233.2609	7677564.946	40	K	481.01	643.985	310231.7894	7677564.395	310234.7323	7677565.497	69.46839555	Aug-6th-2024-10-21AM-Flight-Airdata	NA	3.142516995	NA	NA	adult
20240806003A	37:39.1	19109	90.6	346	-58.9	0	-20.99279189	55.17438821	310233.1943	7677566.761	40	K	500.47	547.29	310231.7336	7677566.119	310234.6549	7677567.403	66.27039352	Aug-6th-2024-10-21AM-Flight-Airdata	NA	3.191120786	NA	NA	adult
20240806004A	37:27.5	18760	90.6	347.8	-57.1	0	-20.99288459	55.17457133	310252.35	7677556.716	40	K	645.815	727.905	310250.9433	7677556.26	310253.7568	7677557.172	72.0350042	Aug-6th-2024-10-21AM-Flight-Airdata	NA	2.957611199	NA	NA	adult
20240806004A	37:25.3	18698	90.6	347.8	-57.1	0	-20.99280167	55.17449321	310244.1233	7677565.804	40	K	592.53	623.725	310243.0221	7677564.785	310245.2244	7677566.823	47.21808291	Aug-6th-2024-10-21AM-Flight-Airdata	NA	3.000575973	NA	NA	adult
20240806005A	20:26.8	2690	78.9	266.3	-74.1	0	-20.99534571	55.17897049	310712.8485	7677289.45	40	K	681.015	406.865	310712.3947	7677291.139	310713.3023	7677287.762	164.9587586	Aug-6th-2024-11-18AM-Flight-Airdata	NA	3.497330999	NA	NA	adult
20240806005A	06/08/2024 07:21	4343	84.8	267.5	-47.3	0	-20.99521604	55.17846868	310660.5112	7677303.212	40	K	520.01	585.285	310660.3347	7677305.098	310660.6878	7677301.326	174.6511518	Aug-6th-2024-11-18AM-Flight-Airdata	NA	3.788061389	NA	NA	adult
20240806005A	20:55.4	3551	84.8	293.4	-59.8	0	-20.99524778	55.17858504	310672.6492	7677299.836	40	K	533.06	505.5	310671.9851	7677301.621	310673.3132	7677298.051	159.5916542	Aug-6th-2024-11-18AM-Flight-Airdata	NA	3.808840609	NA	NA	adult
20240806005A	19:51.8	1644	78.6	250.8	-50.4	0	-20.99482485	55.1789929	310714.5217	7677347.144	40	K	1550.83	713.485	310714.0228	7677345.58	310715.0206	7677348.708	17.69191611	Aug-6th-2024-11-18AM-Flight-Airdata	3.283418314	NA	3.283418314	NA	adult
20240806005A	20:00.8	1912	78.7	251.3	-56	0	-20.99477456	55.17894387	310709.3607	7677352.653	40	K	1613.51	570.275	310708.869	7677351.166	310709.8523	7677354.141	18.28778704	Aug-6th-2024-11-18AM-Flight-Airdata	3.133723717	NA	3.133723717	NA	adult
20240806005A	20:19.6	2477	78.8	263.2	-63.1	0	-20.99474892	55.17891546	310706.3749	7677355.459	40	K	1611.485	554.765	310706.4924	7677353.825	310706.2574	7677357.092	-4.115226775	Aug-6th-2024-11-18AM-Flight-Airdata	3.274751672	NA	3.274751672	NA	adult
20240806005A	20:42.4	3158	84.6	296.1	-66.9	0	-20.99467788	55.17894471	310709.3262	7677363.358	40	K	1439.59	426.755	310703.9149	7677364.782	310714.7374	7677361.933	104.7492795	Aug-6th-2024-11-18AM-Flight-Airdata	11.19128025	NA	NA	11.19128025	adult
20240806005A	20:50.2	3393	84.7	296.1	-59.8	0	-20.99463171	55.17890097	310704.7197	7677368.418	40	K	1448.87	502.195	310699.8258	7677369.498	310709.6135	7677367.337	102.4486705	Aug-6th-2024-11-18AM-Flight-Airdata	10.0232801	NA	NA	10.0232801	adult
20240806005A	06/08/2024 07:20	3447	84.7	295.2	-59.8	0	-20.99463567	55.17892192	310706.9034	7677368.005	40	K	1471.315	527.84	310707.0934	7677369.778	310706.7135	7677366.231	-173.8862574	Aug-6th-2024-11-18AM-Flight-Airdata	3.567438474	NA	3.567438474	NA	adult
20240806005A	21:39.8	4880	84.6	174.2	-47.3	0	-20.99493336	55.17753505	310563.0841	7677333.402	40	K	1485.35	611.515	310557.9532	7677332.419	310568.2151	7677334.386	79.14927072	Aug-6th-2024-11-18AM-Flight-Airdata	10.44866782	NA	NA	10.44866782	adult
20240806005A	21:43.4	4986	84.6	181.8	-51.3	0	-20.99487765	55.17754753	310564.311	7677339.585	40	K	1370.77	538.905	310558.8551	7677338.585	310569.767	7677340.586	79.60863338	Aug-6th-2024-11-18AM-Flight-Airdata	11.09384246	NA	NA	11.09384246	adult
20240806006A	20:36.6	2988	84.5	296.1	-73	0	-20.99534625	55.17886431	310701.8103	7677289.265	40	K	525.09	597.61	310702.7871	7677290.987	310700.8334	7677287.543	-150.4381617	Aug-6th-2024-11-18AM-Flight-Airdata	NA	3.960048121	NA	NA	adult
20240806006A	21:11.4	4027	84.8	262.5	-44.4	0	-20.99526228	55.17861988	310676.2898	7677298.272	40	K	483.02	718	310675.8497	7677300.297	310676.7299	7677296.247	167.7393874	Aug-6th-2024-11-18AM-Flight-Airdata	NA	4.144979961	NA	NA	adult
20240806006A	20:29.6	2777	80.2	266.3	-74.1	0	-20.9947969	55.17893706	310708.6811	7677350.172	40	K	1583.38	537.51	310708.6647	7677348.325	310708.6975	7677352.019	0.509632178	Aug-6th-2024-11-18AM-Flight-Airdata	3.6937941	NA	3.6937941	NA	adult
20240806006A	06/08/2024 07:20	3594	84.8	292	-59.8	0	-20.99462301	55.1789416	310708.9336	7677369.429	40	K	1461.69	580.3	310708.2355	7677367.635	310709.6316	7677371.223	21.2605297	Aug-6th-2024-11-18AM-Flight-Airdata	3.850118999	NA	3.850118999	NA	adult
20240806006A	21:03.4	3787	84.9	272.2	-56.2	0	-20.99449777	55.17859026	310672.2462	7677382.88	40	K	1438.665	473.63	310665.7146	7677384.195	310678.7778	7677381.565	101.3827782	Aug-6th-2024-11-18AM-Flight-Airdata	13.32522238	NA	NA	13.32522238	adult
20240806006A	21:32.6	4664	84.4	207	-47.3	0	-20.99469474	55.1777935	310589.6539	7677360.128	40	K	1377.51	561.585	310583.0749	7677359.997	310596.2329	7677360.259	88.85748005	Aug-6th-2024-11-18AM-Flight-Airdata	13.16061022	NA	NA	13.16061022	adult
20240806006A	20:51.8	3440	84.7	295.2	-59.8	0	-20.99468277	55.1789472	310709.5916	7677362.819	40	K	1440.86	574.995	310703.3649	7677364.567	310715.8184	7677361.072	105.6753016	Aug-6th-2024-11-18AM-Flight-Airdata	12.9345218	NA	NA	12.9345218	adult
20240806006A	06/08/2024 07:20	3535	84.8	293.8	-59.8	0	-20.99464159	55.17891319	310706.0033	7677367.338	40	K	1455.97	538.905	310699.6678	7677368.978	310712.3387	7677365.699	104.5065322	Aug-6th-2024-11-18AM-Flight-Airdata	13.0881884	NA	NA	13.0881884	adult
20240806006A	20:56.2	3575	84.8	292.7	-59.8	0	-20.99463705	55.17895151	310709.9812	7677367.887	40	K	1471.915	585.49	310709.3756	7677365.913	310710.5868	7677369.86	17.06018557	Aug-6th-2024-11-18AM-Flight-Airdata	4.128704891	NA	4.128704891	NA	adult
20240806006A	06/08/2024 07:20	3629	84.8	290.4	-59.8	0	-20.99461139	55.17892259	310706.9425	7677370.693	40	K	1442.535	575.84	310706.5033	7677368.801	310707.3817	7677372.585	13.06923774	Aug-6th-2024-11-18AM-Flight-Airdata	3.88426912	NA	3.88426912	NA	adult
20240806007A	20:55.2	3545	84.8	293.6	-59.8	0	-20.99544184	55.17864166	310678.781	7677278.418	40	K	279.95	647.65	310678.5847	7677280.235	310678.9773	7677276.602	173.8327431	Aug-6th-2024-11-18AM-Flight-Airdata	NA	3.654613099	NA	NA	adult
20240806007A	21:10.8	4009	84.8	262.5	-47.6	0	-20.99540637	55.17874549	310689.5319	7677282.468	40	K	239.34	752.085	310689.4435	7677284.385	310689.6204	7677280.552	177.3580768	Aug-6th-2024-11-18AM-Flight-Airdata	NA	3.837099167	NA	NA	adult
20240806007A	20:49.4	3368	84.7	296.1	-59.8	0	-20.99484298	55.17892863	310707.8623	7677345.06	40	K	1231.84	633.76	310702.6007	7677345.88	310713.1238	7677344.24	98.86209065	Aug-6th-2024-11-18AM-Flight-Airdata	10.65027752	NA	NA	10.65027752	adult
20240806007A	21:04.4	3819	84.9	269.9	-50.4	0	-20.99464677	55.1784881	310661.8123	7677366.262	40	K	1227.645	522.12	310655.9049	7677367.757	310667.7198	7677364.767	104.1976274	Aug-6th-2024-11-18AM-Flight-Airdata	12.18721506	NA	NA	12.18721506	adult
20240806007A	06/08/2024 07:21	3988	84.8	262.5	-50.1	0	-20.99463387	55.17848706	310661.688	7677367.689	40	K	1290.605	564.51	310656.1705	7677369.525	310667.2055	7677365.853	108.4037591	Aug-6th-2024-11-18AM-Flight-Airdata	11.62976202	NA	NA	11.62976202	adult
20240806007A	21:42.8	4970	84.6	181.8	-51.3	0	-20.99503774	55.17751645	310561.2813	7677321.824	40	K	1356.915	410.895	310555.8823	7677320.583	310566.6802	7677323.065	77.05393914	Aug-6th-2024-11-18AM-Flight-Airdata	11.07952527	NA	NA	11.07952527	adult
20240806007A	20:47.6	3315	84.6	296.1	-59.8	0	-20.99484845	55.17893679	310708.7178	7677344.465	40	K	1231.85	644.67	310703.2027	7677345.16	310714.2329	7677343.769	97.18786449	Aug-6th-2024-11-18AM-Flight-Airdata	11.117568	NA	NA	11.117568	adult
20240806007A	20:49.4	3369	84.7	296.1	-59.8	0	-20.99485191	55.17898253	310713.4779	7677344.135	40	K	1261.225	692.515	310713.42	7677342.219	310713.5359	7677346.051	1.732390463	Aug-6th-2024-11-18AM-Flight-Airdata	3.833470492	NA	3.833470492	NA	adult
20240806007A	20:51.8	3442	84.7	295.2	-59.8	0	-20.99484057	55.17895253	310710.3449	7677345.355	40	K	1259.125	658.94	310710.5583	7677343.514	310710.1315	7677347.197	-6.610952184	Aug-6th-2024-11-18AM-Flight-Airdata	3.70695824	NA	3.70695824	NA	adult
20240806007A	21:01.2	3721	84.9	278.3	-59.8	0	-20.99472855	55.17877601	310691.8495	7677357.549	40	K	1212.115	551.5	310691.94	7677355.819	310691.7591	7677359.279	-2.993075299	Aug-6th-2024-11-18AM-Flight-Airdata	3.464828486	NA	3.464828486	NA	adult
20240806007A	21:22.6	4362	84.8	267.5	-47.3	0	-20.99457002	55.17841999	310654.6344	7677374.679	40	K	1297.735	581.3	310654.872	7677372.958	310654.3968	7677376.399	-7.861475602	Aug-6th-2024-11-18AM-Flight-Airdata	3.474229441	NA	3.474229441	NA	adult
20240806008A	06/08/2024 07:20	3535	84.8	293.8	-59.8	0	-20.99509243	55.17885583	310700.6085	7677317.357	40	K	846.37	691.165	310700.8106	7677319.159	310700.4064	7677315.554	-173.6021671	Aug-6th-2024-11-18AM-Flight-Airdata	NA	3.627223544	NA	NA	adult
20240806008A	20:51.4	3428	84.7	295.6	-59.8	0	-20.99510979	55.17879916	310694.7373	7677315.367	40	K	806.49	641.845	310695.0294	7677317.33	310694.4452	7677313.404	-171.5358894	Aug-6th-2024-11-18AM-Flight-Airdata	NA	3.968920368	NA	NA	adult
20240806008A	20:41.2	3121	84.6	296.1	-66.9	0	-20.99456894	55.1791606	310731.6355	7677375.676	40	K	1738.85	580.875	310731.6627	7677374.03	310731.6084	7677377.321	-0.945191485	Aug-6th-2024-11-18AM-Flight-Airdata	3.290729963	NA	3.290729963	NA	adult
20240806008A	20:41.2	3121	84.6	296.1	-66.9	0	-20.9945553	55.17910774	310726.1216	7677377.123	40	K	1707.37	520.86	310720.9442	7677378.413	310731.2989	7677375.834	103.9841734	Aug-6th-2024-11-18AM-Flight-Airdata	10.67097111	NA	NA	10.67097111	adult
20240806008A	06/08/2024 07:20	3327	84.6	296.1	-59.8	0	-20.99450967	55.17908961	310724.1797	7677382.153	40	K	1737.595	612.77	310723.533	7677383.779	310724.8265	7677380.528	158.3021054	Aug-6th-2024-11-18AM-Flight-Airdata	3.498811717	NA	3.498811717	NA	adult
20240806008A	21:36.4	4776	84.6	177.8	-47.3	0	-20.99495901	55.17771822	310582.1603	7677330.78	40	K	1305.29	548.975	310578.3487	7677333.574	310585.9718	7677327.986	126.2399773	Aug-6th-2024-11-18AM-Flight-Airdata	9.451588178	NA	NA	9.451588178	adult
20240806008A	21:43.2	4984	84.6	181.8	-51.3	0	-20.99488545	55.17774698	310585.0576	7677338.958	40	K	1137.41	538.91	310584.6131	7677337.191	310585.5021	7677340.725	14.11971096	Aug-6th-2024-11-18AM-Flight-Airdata	3.644340572	NA	3.644340572	NA	adult
20240806008A	20:39.8	3080	84.6	296.1	-66.9	0	-20.99456821	55.1791219	310727.6102	7677375.711	40	K	1706.955	542.26	310722.5418	7677377.816	310732.6786	7677373.606	112.5545988	Aug-6th-2024-11-18AM-Flight-Airdata	10.97633395	NA	NA	10.97633395	adult
20240806009A	21:02.8	3773	84.9	272.9	-59.3	0	-20.99537681	55.17856918	310671.1638	7677285.532	40	K	338.695	435.875	310671.2035	7677287.485	310671.124	7677283.579	-178.8349557	Aug-6th-2024-11-18AM-Flight-Airdata	NA	3.907249756	NA	NA	adult
20240806009A	21:08.4	3940	84.8	262.5	-50.1	0	-20.99536171	55.17860508	310674.8772	7677287.246	40	K	372.775	584.55	310675.3307	7677289.206	310674.4238	7677285.286	-166.9734176	Aug-6th-2024-11-18AM-Flight-Airdata	NA	4.023505289	NA	NA	adult
20240806009A	20:53.8	3501	84.8	295.1	-59.8	0	-20.99472454	55.17880019	310694.3593	7677358.021	40	K	1284.31	465.04	310688.507	7677360.502	310700.2116	7677355.54	112.9734974	Aug-6th-2024-11-18AM-Flight-Airdata	12.71300419	NA	NA	12.71300419	adult
20240806009A	20:56.4	3579	84.8	292.5	-59.8	0	-20.9946771	55.17876764	310690.9152	7677363.235	40	K	1295.22	440.275	310685.4924	7677365.314	310696.3381	7677361.156	110.9772879	Aug-6th-2024-11-18AM-Flight-Airdata	11.61554096	NA	NA	11.61554096	adult
20240806009A	20:56.4	3579	84.8	292.5	-59.8	0	-20.99469936	55.17882535	310696.9434	7677360.839	40	K	1307.395	497.36	310696.4659	7677359.079	310697.421	7677362.6	15.17731243	Aug-6th-2024-11-18AM-Flight-Airdata	3.648147233	NA	3.648147233	NA	adult
20240806009A	20:58.6	3642	84.8	288.8	-59.8	0	-20.99467152	55.17878244	310692.4461	7677363.87	40	K	1276.755	480.15	310692.2013	7677361.98	310692.691	7677365.76	7.382505253	Aug-6th-2024-11-18AM-Flight-Airdata	3.811018759	NA	3.811018759	NA	adult
20240806009A	21:01.4	3726	84.9	277.3	-59.8	0	-20.99463645	55.17865298	310678.9423	7677367.6	40	K	1293.935	427.13	310678.9116	7677365.691	310678.973	7677369.51	0.920605947	Aug-6th-2024-11-18AM-Flight-Airdata	3.81953171	NA	3.81953171	NA	adult
20240806009A	19:46.8	1490	76.7	250.8	-50.4	0	-20.99487862	55.17886982	310701.7931	7677341.045	40	K	1486.84	565.755	310701.4436	7677339.42	310702.1426	7677342.67	12.13715578	Aug-6th-2024-11-18AM-Flight-Airdata	3.324288445	NA	3.324288445	NA	adult
20240806009A	20:53.4	3487	84.8	295.2	-59.8	0	-20.99475661	55.17886444	310701.0791	7677354.547	40	K	1294.765	532.515	310700.4033	7677352.798	310701.755	7677356.296	21.12581652	Aug-6th-2024-11-18AM-Flight-Airdata	3.750324195	NA	3.750324195	NA	adult
20240806009A	20:53.4	3487	84.8	295.2	-59.8	0	-20.99473033	55.17880493	310694.8592	7677357.385	40	K	1282.515	470.44	310688.9905	7677359.837	310700.7279	7677354.934	112.6717849	Aug-6th-2024-11-18AM-Flight-Airdata	12.7203584	NA	NA	12.7203584	adult
20240806010A	21:06.8	3891	84.9	262.5	-50.1	0	-20.99517765	55.17856371	310670.3438	7677307.576	40	K	613.565	570.775	310670.2133	7677309.281	310670.4742	7677305.87	175.6270564	Aug-6th-2024-11-18AM-Flight-Airdata	NA	3.421245771	NA	NA	adult
20240723001J	23/07/2024 13:01	5365	89.5	136	-75.4	0	-21.07727443	55.21103046	314147.8408	7668256.469	40	K	375.85	433.99	314147.109	7668255.863	314148.5726	7668257.074	50.41138794	Jul-23rd-2024-04-42PM-Flight-Airdata	NA	1.759183161	NA	NA	calf
20240723001J	23/07/2024 13:01	5365	89.5	136	-75.4	0	-21.07721755	55.21095712	314140.1487	7668262.68	40	K	375.85	543.98	314139.5888	7668261.972	314140.7086	7668263.388	38.32988306	Jul-23rd-2024-04-42PM-Flight-Airdata	NA	1.785493333	NA	NA	calf
20240723001J	23/07/2024 13:01	5365	89.5	136	-75.4	0	-21.07714241	55.21072369	314115.7989	7668270.726	40	K	504.75	819.295	314115.6389	7668269.868	314115.959	7668271.585	10.56063794	Jul-23rd-2024-04-42PM-Flight-Airdata	NA	1.746740864	NA	NA	calf
20240723001J	01:36.4	5437	89.5	136	-87.4	0	-21.07728352	55.21095359	314139.8644	7668255.372	40	K	407.245	359.445	314138.9185	7668255.325	314140.8104	7668255.418	87.19061486	Jul-23rd-2024-04-42PM-Flight-Airdata	NA	1.874207282	NA	NA	calf
20240723001J	23/07/2024 13:01	5515	89.5	136	-90	0	-21.07733795	55.21096217	314140.8234	7668249.356	40	K	440.765	294.57	314140.01	7668249.044	314141.6368	7668249.669	68.976091	Jul-23rd-2024-04-42PM-Flight-Airdata	NA	1.792817284	NA	NA	calf
20240723001J	23/07/2024 13:02	7313	89.4	130	-46.4	0	-21.07796523	55.21176554	314225.0836	7668180.845	40	K	371.295	511.41	314226.6381	7668181.438	314223.5292	7668180.252	-110.8809591	Jul-23rd-2024-04-42PM-Flight-Airdata	NA	1.867468417	NA	NA	calf
20240806010A	21:39.6	4874	84.6	174.2	-47.3	0	-20.99478202	55.17856242	310669.7104	7677351.375	40	K	256.01	669.41	310669.2359	7677349.491	310670.1848	7677353.26	14.13043892	Aug-6th-2024-11-18AM-Flight-Airdata	NA	3.887052689	NA	NA	adult
20240806010A	21:01.8	3740	84.9	275.4	-59.8	0	-20.99443675	55.17859345	310672.5009	7677389.639	40	K	1525.34	370.78	310666.3591	7677390.883	310678.6426	7677388.395	101.447355	Aug-6th-2024-11-18AM-Flight-Airdata	12.53284241	NA	NA	12.53284241	adult
20240806010A	21:03.8	3802	84.9	271.7	-53.8	0	-20.99435499	55.17846679	310659.2286	7677398.541	40	K	1555.125	421.03	310659.3254	7677396.779	310659.1317	7677400.304	-3.144562721	Aug-6th-2024-11-18AM-Flight-Airdata	3.530311143	NA	3.530311143	NA	adult
20240806010A	21:10.4	3998	84.8	262.5	-49.7	0	-20.99436834	55.17841298	310653.6505	7677396.999	40	K	1603.575	540	310648.0616	7677399.455	310659.2395	7677394.543	113.7233731	Aug-6th-2024-11-18AM-Flight-Airdata	12.20959197	NA	NA	12.20959197	adult
20240806010A	21:13.8	4102	84.8	262.5	-33.6	0	-20.99430899	55.17819721	310631.1422	7677403.314	40	K	1620.68	704.445	310630.5606	7677401.628	310631.7239	7677405	19.03549826	Aug-6th-2024-11-18AM-Flight-Airdata	3.566595015	NA	3.566595015	NA	adult
20240806010A	21:23.2	4380	84.8	267.5	-47.3	0	-20.99426954	55.17832683	310644.5688	7677407.835	40	K	1614.025	535.645	310638.224	7677409.345	310650.9136	7677406.326	103.378842	Aug-6th-2024-11-18AM-Flight-Airdata	13.04355639	NA	NA	13.04355639	adult
20240806010A	21:28.8	4550	84.8	237.2	-47.3	0	-20.99437826	55.17802957	310613.7992	7677395.446	40	K	1552.86	633.165	310614.6415	7677393.964	310612.9569	7677396.929	-29.60631117	Aug-6th-2024-11-18AM-Flight-Airdata	3.409919304	NA	3.409919304	NA	adult
20240809001A	25:03.2	1354	70.2	262.5	-83.7	0	-21.20483989	55.27654155	321108.4717	7654208.518	40	K	306.78	450.385	321106.5322	7654208.881	321110.4112	7654208.155	100.5976209	Aug-9th-2024-04-17PM-Flight-Airdata	NA	3.946327708	NA	NA	adult
20240809001A	09/08/2024 12:25	1828	70.4	256.6	-83.7	0	-21.20471704	55.27657039	321111.3183	7654222.153	40	K	611.395	619.37	321109.3613	7654221.569	321113.2753	7654222.737	73.3877961	Aug-9th-2024-04-17PM-Flight-Airdata	NA	4.08441089	NA	NA	adult
20240809001A	25:41.8	2509	70.2	310.9	-83.7	0	-21.20461019	55.27633596	321086.8503	7654233.717	40	K	322.735	784.005	321084.6638	7654233.348	321089.0367	7654234.085	80.43287342	Aug-9th-2024-04-17PM-Flight-Airdata	NA	4.434589121	NA	NA	adult
20240809001A	25:05.8	1435	70.4	274.1	-83.7	0	-21.20423463	55.27652695	321106.227	7654275.512	40	K	1498.965	664.63	321106.0376	7654280.638	321106.4163	7654270.386	177.8843337	Aug-9th-2024-04-17PM-Flight-Airdata	10.25855098	NA	NA	10.25855098	adult
20240809001A	25:23.8	1974	70.4	256.6	-83.7	0	-21.20410821	55.2764504	321098.127	7654289.422	40	K	1781.56	665.23	321097.6889	7654294.853	321098.5651	7654283.99	175.3883286	Aug-9th-2024-04-17PM-Flight-Airdata	10.89785384	NA	NA	10.89785384	adult
20240723001J	02:53.6	7749	89.4	130	-41.5	0	-21.07807493	55.21173762	314222.3191	7668168.668	40	K	491.17	572.645	314222.444	7668167.555	314222.1943	7668169.78	-6.403753707	Jul-23rd-2024-04-42PM-Flight-Airdata	NA	2.239264614	NA	NA	calf
20240723001J	01:45.4	5707	89.5	136	-90	0	-21.07746862	55.21092251	314136.8654	7668234.843	40	K	508.825	670.885	314136.6775	7668233.794	314137.0532	7668235.892	10.15262508	Jul-23rd-2024-04-42PM-Flight-Airdata	NA	2.131390858	NA	NA	calf
20240723001J	02:02.8	6225	89.6	130.3	-79.2	0	-21.07750509	55.21085463	314129.8566	7668230.725	40	K	430.59	879.71	314128.9946	7668230.139	314130.7186	7668231.312	55.77859078	Jul-23rd-2024-04-42PM-Flight-Airdata	NA	2.084943331	NA	NA	calf
20240723001J	46:02.4	5135	89.9	182.5	-86.3	0	-21.0716655	55.20937309	313968.638	7668875.521	40	K	1403.205	412.01	313967.6115	7668873.7	313969.6646	7668877.342	29.40960603	Jul-23rd-2024-04-42PM-Flight-Airdata	4.181155399	NA	NA	4.181155399	calf
20240723001J	46:06.4	5256	89.9	182.5	-89.9	0	-21.07173732	55.20934932	313966.2572	7668867.541	40	K	1417.46	319.92	313965.1912	7668865.703	313967.3232	7668869.38	30.10808226	Jul-23rd-2024-04-42PM-Flight-Airdata	4.250223834	NA	NA	4.250223834	calf
20240723001J	46:16.4	5557	95.2	182.5	-90	0	-21.07181518	55.20929031	313960.2218	7668858.851	40	K	1460.46	226.715	313958.5885	7668857.554	313961.855	7668860.149	51.54226572	Jul-23rd-2024-04-42PM-Flight-Airdata	4.171347639	NA	NA	4.171347639	calf
20240723001J	46:32.2	6029	90.8	182.5	-90	0	-21.07192667	55.20921699	313952.7415	7668846.423	40	K	1536.58	230.365	313950.8679	7668847.38	313954.6152	7668845.466	117.0575659	Jul-23rd-2024-04-42PM-Flight-Airdata	4.207898911	NA	NA	4.207898911	calf
20240723001J	23/07/2024 12:46	5156	89.9	182.5	-90	0	-21.07166003	55.209377	313969.0376	7668876.131	40	K	1392.14	389.83	313968.4761	7668876.481	313969.5991	7668875.781	121.9493553	Jul-23rd-2024-04-42PM-Flight-Airdata	1.32342374	NA	1.32342374	NA	calf
20240723001J	46:06.4	5256	89.9	182.5	-89.9	0	-21.07172041	55.20935935	313967.2777	7668869.425	40	K	1405.3	343.48	313966.6677	7668869.726	313967.8877	7668869.125	116.2145682	Jul-23rd-2024-04-42PM-Flight-Airdata	1.359828265	NA	1.359828265	NA	calf
20240723001J	23/07/2024 12:46	5575	95.4	182.5	-90	0	-21.07180547	55.20930103	313961.3232	7668859.94	40	K	1446.825	240.825	313960.9779	7668860.49	313961.6685	7668859.389	147.9044339	Jul-23rd-2024-04-42PM-Flight-Airdata	1.299692516	NA	1.299692516	NA	calf
20240723001J	46:32.2	6029	90.8	182.5	-90	0	-21.07193572	55.20923566	313954.6923	7668845.442	40	K	1510.59	219.135	313954.4724	7668844.754	313954.9121	7668846.13	17.71691096	Jul-23rd-2024-04-42PM-Flight-Airdata	1.444891137	NA	1.444891137	NA	calf
20240723001J	23/07/2024 12:43	692	90.2	174.4	-84.7	0	-21.06976555	55.20975148	314005.5951	7669086.313	40	K	1405.225	593.485	314006.0101	7669084.249	314005.18	7669088.378	-11.369662	Jul-23rd-2024-04-42PM-Flight-Airdata	4.210967503	NA	NA	4.210967503	calf
20240723001J	46:09.4	5344	88	182.5	-89.9	0	-21.07161523	55.20937284	313968.5493	7668881.086	40	K	1405.215	484.215	313968.2718	7668879.052	313968.8268	7668883.12	7.769900459	Jul-23rd-2024-04-42PM-Flight-Airdata	4.25	NA	NA	4.25	calf
20240723001J	48:22.4	9334	90.5	304.2	-47.9	0	-21.07120027	55.20877915	313906.3382	7668926.334	40	K	1320.53	558.745	313903.4521	7668928.539	313909.2243	7668924.129	127.3820233	Jul-23rd-2024-04-42PM-Flight-Airdata	4.17	NA	NA	4.17	calf
20240809001A	25:03.2	1354	70.2	262.5	-83.7	0	-21.20422222	55.27649235	321102.6194	7654276.847	40	K	1469.89	497.375	321103.4542	7654281.839	321101.7845	7654271.854	-170.5068254	Aug-9th-2024-04-17PM-Flight-Airdata	10.1238417	NA	NA	10.1238417	adult
20240809001A	25:08.6	1515	70.4	291	-83.7	0	-21.20422402	55.2765998	321113.7779	7654276.77	40	K	1546.82	638.74	321114.2842	7654282.038	321113.2716	7654271.501	-174.510066	Aug-9th-2024-04-17PM-Flight-Airdata	10.58486772	NA	NA	10.58486772	adult
20240809001A	25:17.6	1787	70.4	256.6	-83.7	0	-21.20415314	55.27646659	321099.8625	7654284.465	40	K	1695.305	669.545	321100.1329	7654289.762	321099.592	7654279.169	-177.0768294	Aug-9th-2024-04-17PM-Flight-Airdata	10.6070583	NA	NA	10.6070583	adult
20240809001A	25:21.6	1907	70.4	256.6	-83.7	0	-21.20411839	55.27646352	321099.5012	7654288.309	40	K	1759.895	680.805	321099.5532	7654293.653	321099.4493	7654282.966	-179.4431036	Aug-9th-2024-04-17PM-Flight-Airdata	10.68754753	NA	NA	10.68754753	adult
20240809001A	25:26.6	2058	70.4	287.1	-83.7	0	-21.20409323	55.2765867	321112.2601	7654291.235	40	K	1758.24	485.915	321111.3958	7654296.574	321113.1244	7654285.895	170.8056921	Aug-9th-2024-04-17PM-Flight-Airdata	10.81825475	NA	NA	10.81825475	adult
20240723001J	43:37.4	790	90.2	174.4	-84.7	0	-21.06990497	55.20976188	314006.8489	7669070.89	40	K	1402.12	413.235	314007.4066	7669071.346	314006.2912	7669070.434	-129.2863869	Jul-23rd-2024-04-42PM-Flight-Airdata	1.39115621	NA	1.39115621	NA	calf
20240723001J	48:23.6	9371	90.4	312.4	-47.9	0	-21.07115608	55.20889381	313918.1985	7668931.36	40	K	1317.81	564.09	313917.7317	7668930.623	313918.6652	7668932.097	32.34484607	Jul-23rd-2024-04-42PM-Flight-Airdata	1.26	NA	1.26	NA	calf
20240723001J	48:27.6	9490	90.3	333.8	-47.9	0	-21.07106707	55.20917371	313947.1735	7668941.543	40	K	1305.955	535.62	313946.344	7668941.162	313948.0029	7668941.923	65.33365392	Jul-23rd-2024-04-42PM-Flight-Airdata	1.345521593	NA	1.345521593	NA	calf
20240809001A	25:03.8	1375	70.3	262.5	-83.7	0	-21.20426925	55.27649189	321102.6283	7654271.639	40	K	1391.725	520.935	321100.9032	7654271.857	321104.3534	7654271.421	97.21094671	Aug-9th-2024-04-17PM-Flight-Airdata	3.477720265	NA	3.477720265	NA	adult
20240809001A	09/08/2024 12:25	1467	70.4	291	-83.7	0	-21.20429126	55.27659527	321113.3883	7654269.32	40	K	1430.835	676.655	321111.6957	7654269.597	321115.0808	7654269.043	99.28039241	Aug-9th-2024-04-17PM-Flight-Airdata	3.430027274	NA	3.430027274	NA	adult
20240809001A	09/08/2024 12:25	1917	70.4	256.6	-83.7	0	-21.20416563	55.27646167	321099.3667	7654283.077	40	K	1673.845	659.905	321097.5526	7654283.193	321101.1809	7654282.961	93.65936649	Aug-9th-2024-04-17PM-Flight-Airdata	3.635745401	NA	3.635745401	NA	adult
20240809001A	25:30.6	2173	70.4	310.9	-83.7	0	-21.20415417	55.27671106	321125.2443	7654284.628	40	K	1668.95	421.085	321123.4958	7654284.607	321126.9929	7654284.65	89.30536025	Aug-9th-2024-04-17PM-Flight-Airdata	3.497388934	NA	3.497388934	NA	adult
20240809001A	25:33.8	2269	70.5	310.9	-83.7	0	-21.20412127	55.27670517	321124.5937	7654288.264	40	K	1718.495	450.085	321122.822	7654287.988	321126.3654	7654288.539	81.15189012	Aug-9th-2024-04-17PM-Flight-Airdata	3.586015755	NA	3.586015755	NA	adult
20240723001J	43:24.8	416	74.4	174.4	-49.3	0	-21.06971974	55.20987034	314017.8902	7669091.524	40	K	1371.375	372.925	314017.5942	7669087.574	314018.1863	7669095.474	4.286044383	Jul-23rd-2024-04-42PM-Flight-Airdata	4.112299889	NA	NA	4.112299889	calf
20240809002A	25:31.6	2206	70.4	310.9	-83.7	0	-21.20482359	55.27624927	321078.1079	7654209.993	40	K	195.82	639.675	321076.3445	7654209.655	321079.8714	7654210.331	79.15521841	Aug-9th-2024-04-17PM-Flight-Airdata	NA	3.591104188	NA	NA	adult
20240809002A	25:34.6	2296	70.5	310.9	-83.7	0	-21.20459761	55.2762557	321078.5029	7654235.019	40	K	542.49	472.14	321076.4809	7654234.792	321080.5249	7654235.246	83.59766811	Aug-9th-2024-04-17PM-Flight-Airdata	NA	4.06941615	NA	NA	adult
20240723001J	23/07/2024 12:43	299	57.8	174.4	-33.4	0	-21.0695183	55.20989282	314019.9756	7669113.853	40	K	1389.175	450.35	314020.8658	7669114.179	314019.0854	7669113.526	-110.1484948	Jul-23rd-2024-04-42PM-Flight-Airdata	1.276473387	NA	1.276473387	NA	calf
20240723001J	43:24.8	411	74.4	174.4	-49.3	0	-21.06968107	55.20987464	314018.2888	7669095.811	40	K	1373.04	400.275	314019.0773	7669095.97	314017.5002	7669095.651	-101.426223	Jul-23rd-2024-04-42PM-Flight-Airdata	1.278977223	NA	1.278977223	NA	calf
20240809002A	25:22.8	1944	70.4	256.6	-83.7	0	-21.20476745	55.27648167	321102.1678	7654216.47	40	K	559.17	464.885	321099.9602	7654216.442	321104.3754	7654216.499	89.26256307	Aug-9th-2024-04-17PM-Flight-Airdata	NA	4.415538221	NA	NA	adult
20240809002A	25:01.8	1314	70.2	262.5	-83.5	0	-21.20424147	55.27639378	321092.4093	7654274.604	40	K	1437.685	321.535	321092.8789	7654279.766	321091.9397	7654269.442	-174.801537	Aug-9th-2024-04-17PM-Flight-Airdata	10.36584153	NA	NA	10.36584153	adult
20240809002A	25:05.6	1429	70.4	270.4	-83.7	0	-21.20425561	55.27643219	321096.414	7654273.082	40	K	1445.955	532.49	321095.8541	7654278.132	321096.974	7654268.033	173.671217	Aug-9th-2024-04-17PM-Flight-Airdata	10.16004777	NA	NA	10.16004777	adult
20240809002A	25:09.6	1544	70.4	291	-83.7	0	-21.20423692	55.27651694	321105.1902	7654275.247	40	K	1466.195	522.19	321105.1923	7654280.428	321105.1881	7654270.067	-179.976844	Aug-9th-2024-04-17PM-Flight-Airdata	10.3608877	NA	NA	10.3608877	adult
20240809002A	25:13.2	1656	70.5	284.8	-83.7	0	-21.20419281	55.27651157	321104.5802	7654280.124	40	K	1547.805	442.125	321105.0742	7654285.285	321104.0862	7654274.964	-174.5323935	Aug-9th-2024-04-17PM-Flight-Airdata	10.36858325	NA	NA	10.36858325	adult
20240809002A	25:17.4	1781	70.4	256.6	-83.7	0	-21.2041731	55.27637518	321090.3959	7654282.153	40	K	1684.105	518.815	321090.5386	7654287.376	321090.2532	7654276.929	-178.4350839	Aug-9th-2024-04-17PM-Flight-Airdata	10.45106648	NA	NA	10.45106648	adult
20240809002A	09/08/2024 12:25	1947	70.4	256.6	-83.7	0	-21.20413033	55.27636889	321089.6909	7654286.881	40	K	1761.88	528.69	321089.6085	7654292.208	321089.7734	7654281.554	179.1131108	Aug-9th-2024-04-17PM-Flight-Airdata	10.65493297	NA	NA	10.65493297	adult
20240809002A	25:27.8	2090	70.4	301.9	-83.7	0	-21.20412932	55.27657272	321110.8525	7654287.223	40	K	1606.345	321.65	321110.3873	7654292.718	321111.3176	7654281.728	175.1611158	Aug-9th-2024-04-17PM-Flight-Airdata	11.02932371	NA	NA	11.02932371	adult
20240809002A	25:13.6	1666	70.5	281.3	-83.7	0	-21.20423636	55.27649059	321102.4536	7654275.28	40	K	1477.62	456.34	321100.5761	7654275.45	321104.3311	7654275.109	95.18944722	Aug-9th-2024-04-17PM-Flight-Airdata	3.770513999	NA	3.770513999	NA	adult
20240809002A	25:15.8	1735	70.4	263.2	-83.7	0	-21.20422343	55.27640826	321093.8908	7654276.618	40	K	1562.805	486.375	321092.0578	7654276.59	321095.7237	7654276.646	89.1311562	Aug-9th-2024-04-17PM-Flight-Airdata	3.666247591	NA	3.666247591	NA	adult
20240809002A	25:27.8	2094	70.4	301.9	-83.7	0	-21.20418204	55.27657315	321110.9606	7654281.387	40	K	1530.335	368.355	321109.178	7654281.309	321112.7431	7654281.464	87.50075384	Aug-9th-2024-04-17PM-Flight-Airdata	3.568485379	NA	3.568485379	NA	adult
20240809002A	25:34.6	2296	70.5	310.9	-83.7	0	-21.20412651	55.27662031	321115.7895	7654287.587	40	K	1615.535	379.88	321113.8658	7654287.515	321117.7131	7654287.659	87.85849436	Aug-9th-2024-04-17PM-Flight-Airdata	3.850002962	NA	3.850002962	NA	adult
20240809003A	38:32.5	2559	73.5	335.8	-69.6	0	-21.19597759	55.27793641	321242.6205	7655191.262	40	K	446.755	551.92	321240.9249	7655191.872	321244.3161	7655190.652	109.790073	Aug-9th-2024-04-36PM-Flight-Airdata	NA	3.604034986	NA	NA	adult
20240809003A	38:24.9	2332	73.8	345.7	-56.9	0	-21.19601391	55.27789199	321238.0524	7655187.19	40	K	282.845	572.955	321236.2089	7655187.686	321239.8958	7655186.694	105.0508679	Aug-9th-2024-04-36PM-Flight-Airdata	NA	3.817819913	NA	NA	adult
20240809003A	38:24.9	2332	73.8	345.7	-56.9	0	-21.19596707	55.27790942	321239.8055	7655192.396	40	K	341.59	524.36	321237.8495	7655192.996	321241.7614	7655191.795	107.0726368	Aug-9th-2024-04-36PM-Flight-Airdata	NA	4.092182932	NA	NA	adult
20240809003A	38:22.7	2268	74.1	345.7	-42.3	0	-21.19561507	55.27884312	321336.3255	7655232.421	40	K	1432.12	413.93	321339.2484	7655236.67	321333.4026	7655228.171	-145.4810626	Aug-9th-2024-04-36PM-Flight-Airdata	10.31582554	NA	NA	10.31582554	adult
20240809003A	38:22.1	2249	74.1	345.7	-40.6	0	-21.19560273	55.27889571	321341.7714	7655233.846	40	K	1430.605	395.2	321344.6393	7655238.34	321338.9035	7655229.353	-147.4524256	Aug-9th-2024-04-36PM-Flight-Airdata	10.66148003	NA	NA	10.66148003	adult
20240809003A	38:28.1	2426	73.3	345.7	-68.6	0	-21.19570325	55.27856374	321307.4242	7655222.342	40	K	1428.76	409.565	321306.3768	7655222.892	321308.4716	7655221.792	117.7089553	Aug-9th-2024-04-36PM-Flight-Airdata	2.366127264	NA	2.366127264	NA	adult
20240809003A	38:23.5	2287	74	345.7	-50	0	-21.19582536	55.27874462	321326.3515	7655209.027	40	K	1406.37	486.515	321325.3394	7655209.531	321327.3637	7655208.523	116.4698263	Aug-9th-2024-04-36PM-Flight-Airdata	2.261348266	NA	2.261348266	NA	adult
20240809003A	38:28.3	2436	73.3	345.7	-68.6	0	-21.19569866	55.2785641	321307.4565	7655222.851	40	K	1431.9	409.215	321306.3947	7655223.306	321308.5182	7655222.396	113.1906801	Aug-9th-2024-04-36PM-Flight-Airdata	2.310176783	NA	2.310176783	NA	adult
20240809003A	38:32.9	2569	73.5	335.8	-72.5	0	-21.19569747	55.27854978	321305.9679	7655222.966	40	K	1533.33	457.48	321304.8542	7655223.475	321307.0816	7655222.458	114.5351062	Aug-9th-2024-04-36PM-Flight-Airdata	2.448520327	NA	2.448520327	NA	adult
20240809004A	50:45.5	24525	70.6	129.9	-90	0	-21.2052766	55.27839362	321301.2823	7654162.261	40	K	372.05	609.94	321302.9033	7654162.392	321299.6613	7654162.13	-94.63103572	Aug-9th-2024-04-36PM-Flight-Airdata	NA	3.252604122	NA	NA	adult
20240809004A	51:04.3	25090	69.3	116.6	-90	0	-21.20544641	55.27840556	321302.7263	7654143.474	40	K	207.425	686.09	321304.3575	7654143.616	321301.0951	7654143.332	-94.97657466	Aug-9th-2024-04-36PM-Flight-Airdata	NA	3.27476139	NA	NA	adult
20240809004A	51:09.9	25257	69.4	122.5	-89.9	0	-21.20560363	55.27845585	321308.1359	7654126.124	40	K	362.625	645.475	321309.8403	7654126.419	321306.4316	7654125.83	-99.79946027	Aug-9th-2024-04-36PM-Flight-Airdata	NA	3.459145807	NA	NA	adult
20240809004A	51:15.1	25416	69.1	113	-90	0	-21.20552725	55.27843004	321305.3651	7654134.552	40	K	147.23	713.65	321307.1931	7654134.768	321303.537	7654134.335	-96.75874039	Aug-9th-2024-04-36PM-Flight-Airdata	NA	3.681733529	NA	NA	adult
20240809004A	50:59.3	24941	69.5	118.8	-90	0	-21.20528161	55.27840781	321302.7616	7654161.722	40	K	60.19	799.955	321304.6299	7654162.009	321300.8933	7654161.436	-98.71247615	Aug-9th-2024-04-36PM-Flight-Airdata	NA	3.7802348	NA	NA	adult
20240809004A	50:55.9	24840	69.6	125.2	-89.9	0	-21.20525423	55.27839613	321301.5153	7654164.741	40	K	102.985	691.175	321303.4495	7654164.953	321299.5811	7654164.529	-96.2496391	Aug-9th-2024-04-36PM-Flight-Airdata	NA	3.891567095	NA	NA	adult
20240809004A	51:08.5	25218	69.4	122.5	-90	0	-21.20557208	55.27845739	321308.2581	7654129.619	40	K	319.84	665.055	321310.2977	7654129.655	321306.2185	7654129.583	-91.00547021	Aug-9th-2024-04-36PM-Flight-Airdata	NA	4.079835501	NA	NA	adult
20240809004A	50:37.3	24284	70.6	131.5	-90	0	-21.20570834	55.27806408	321267.5883	7654114.089	40	K	1276.085	629.07	321267.1711	7654108.722	321268.0054	7654119.457	4.444326251	Aug-9th-2024-04-36PM-Flight-Airdata	10.76713737	NA	NA	10.76713737	adult
20240809004A	50:43.3	24460	70.8	134.1	-89.9	0	-21.20574173	55.27802096	321263.1524	7654110.344	40	K	1470.38	518.35	321263.4371	7654105.014	321262.8676	7654115.674	-3.058311692	Aug-9th-2024-04-36PM-Flight-Airdata	10.67520867	NA	NA	10.67520867	adult
20240809004A	50:47.7	24592	70.5	128.6	-90	0	-21.20584571	55.27805257	321266.559	7654098.869	40	K	1586.345	406.32	321267.1495	7654093.349	321265.9685	7654104.389	-6.106133411	Aug-9th-2024-04-36PM-Flight-Airdata	11.1030947	NA	NA	11.1030947	adult
20240809004A	50:52.9	24752	69.6	125.2	-90	0	-21.20594325	55.27807256	321268.7517	7654088.092	40	K	1706.695	321.37	321269.3792	7654082.562	321268.1243	7654093.622	-6.473934244	Aug-9th-2024-04-36PM-Flight-Airdata	11.13009636	NA	NA	11.13009636	adult
20240809004A	50:57.7	24895	69.6	125.2	-89.9	0	-21.20609148	55.27816321	321278.3417	7654071.783	40	K	1588.175	322.56	321279.4488	7654066.127	321277.2347	7654077.44	-11.07309286	Aug-9th-2024-04-36PM-Flight-Airdata	11.52784927	NA	NA	11.52784927	adult
20240809004A	51:00.1	24964	69.4	116.6	-90	0	-21.20608517	55.27820089	321282.2455	7654072.524	40	K	1564.465	447.275	321284.1229	7654067.553	321280.368	7654077.495	-20.6917423	Aug-9th-2024-04-36PM-Flight-Airdata	10.6271067	NA	NA	10.6271067	adult
20240809004A	50:36.7	24263	70.7	128.8	-90	0	-21.20565715	55.27806935	321268.0744	7654119.763	40	K	1188.615	694.025	321269.6623	7654119.681	321266.4866	7654119.844	-87.05824904	Aug-9th-2024-04-36PM-Flight-Airdata	3.179910318	NA	3.179910318	NA	adult
20240809004A	50:57.7	24895	69.6	125.2	-89.9	0	-21.20603889	55.27815417	321277.3392	7654077.596	40	K	1518.235	388.23	321279.0052	7654077.785	321275.6731	7654077.407	-96.48160311	Aug-9th-2024-04-36PM-Flight-Airdata	3.353487577	NA	3.353487577	NA	adult
20240809004A	51:03.5	25068	69.4	116.6	-89.9	0	-21.20611562	55.27817958	321280.0698	7654069.13	40	K	1572.16	467.805	321281.7166	7654069.231	321278.4231	7654069.028	-93.52289201	Aug-9th-2024-04-36PM-Flight-Airdata	3.2998139	NA	3.2998139	NA	adult
20240809005A	59:55.4	1839	78.5	245.5	-68.4	0	-21.20412823	55.27587808	321038.7315	7654286.558	40	K	347.395	526.535	321037.1872	7654287.626	321040.2758	7654285.491	124.6474139	Aug-9th-2024-04-58PM-Flight-Airdata	NA	3.754391707	NA	NA	adult
20240809005A	59:46.4	1572	78.1	276.8	-64	0	-21.20403196	55.27574035	321024.3167	7654297.061	40	K	261.82	580.935	321022.4167	7654297.391	321026.2167	7654296.73	99.87047964	Aug-9th-2024-04-58PM-Flight-Airdata	NA	3.857109209	NA	NA	adult
20240809005A	59:46.4	1572	78.1	276.8	-64	0	-21.20408386	55.27573465	321023.7874	7654291.308	40	K	183.49	582.385	321021.8727	7654291.712	321025.7021	7654290.905	101.9042709	Aug-9th-2024-04-58PM-Flight-Airdata	NA	3.913576379	NA	NA	adult
20240809005A	59:25.2	937	79.1	268.4	-12.4	0	-21.20187315	55.27570133	321017.6634	7654536.025	40	K	1564.705	598.7	321020.2866	7654540.123	321015.0402	7654531.927	-147.3747157	Aug-9th-2024-04-58PM-Flight-Airdata	9.731000195	NA	NA	9.731000195	adult
20240809005A	59:37.6	1304	77.6	273.8	-33.9	0	-21.20303534	55.27583091	321032.5174	7654407.502	40	K	1389.825	610.535	321031.0022	7654408.221	321034.0327	7654406.783	115.3876328	Aug-9th-2024-04-58PM-Flight-Airdata	3.354411028	NA	3.354411028	NA	adult
20240809006A	59:56.4	1869	78.5	245.5	-68.8	0	-21.20393041	55.27581261	321031.6961	7654308.386	40	K	672.31	586.01	321029.7401	7654308.497	321033.6522	7654308.274	93.25345155	Aug-9th-2024-04-58PM-Flight-Airdata	NA	3.91848033	NA	NA	adult
20240809006A	59:50.6	1699	78.2	275	-64	0	-21.20405365	55.27567526	321017.5853	7654294.587	40	K	265.44	639.68	321015.548	7654294.484	321019.6225	7654294.689	87.1142832	Aug-9th-2024-04-58PM-Flight-Airdata	NA	4.079687081	NA	NA	adult
20240809006A	59:54.2	1804	78.5	245.5	-68.3	0	-21.20399245	55.27586184	321036.8817	7654301.573	40	K	543.945	570.05	321034.8438	7654301.822	321038.9196	7654301.324	96.97285876	Aug-9th-2024-04-58PM-Flight-Airdata	NA	4.10616605	NA	NA	adult
20240809006A	09/08/2024 12:59	1166	78.3	277.3	-25.7	0	-21.2025388	55.27581828	321030.6079	7654462.461	40	K	1457.745	520.91	321031.9547	7654467.388	321029.2612	7654457.535	-164.7106652	Aug-9th-2024-04-58PM-Flight-Airdata	10.21436391	NA	NA	10.21436391	adult
20240809006A	59:34.4	1210	78.2	279.6	-26.9	0	-21.2027094	55.27591167	321040.5089	7654443.679	40	K	1400.285	577.045	321040.9701	7654448.727	321040.0478	7654438.632	-174.7797466	Aug-9th-2024-04-58PM-Flight-Airdata	10.13648255	NA	NA	10.13648255	adult
20240809006A	59:39.6	1364	77.7	273.8	-49.8	0	-21.20305023	55.27575863	321025.0309	7654405.772	40	K	1483.825	395.82	321027.4017	7654410.483	321022.6601	7654401.061	-153.2881407	Aug-9th-2024-04-58PM-Flight-Airdata	10.5486714	NA	NA	10.5486714	adult
20240809006A	59:43.4	1483	77.7	276.8	-49.8	0	-21.20318478	55.27573203	321022.4318	7654390.845	40	K	1477.835	620.955	321020.6023	7654391.206	321024.2612	7654390.485	101.1502691	Aug-9th-2024-04-58PM-Flight-Airdata	3.729223157	NA	3.729223157	NA	adult
20240809006A	09/08/2024 12:59	1501	77.8	276.8	-49.8	0	-21.20320106	55.27573114	321022.3588	7654389.042	40	K	1483.655	661.94	321020.5033	7654389.348	321024.2142	7654388.736	99.36100547	Aug-9th-2024-04-58PM-Flight-Airdata	3.760994754	NA	3.760994754	NA	adult
20240809006A	59:46.2	1563	78.1	276.8	-64	0	-21.20323203	55.27576242	321025.6435	7654385.648	40	K	1481.48	475.72	321023.7938	7654385.862	321027.4931	7654385.435	96.58132882	Aug-9th-2024-04-58PM-Flight-Airdata	3.723820477	NA	3.723820477	NA	adult
20240809006A	59:41.4	1421	77.6	273.8	-49.8	0	-21.20313958	55.27573222	321022.3972	7654395.85	40	K	1476.145	505.545	321020.6062	7654396.614	321024.1883	7654395.086	113.1038739	Aug-9th-2024-04-58PM-Flight-Airdata	3.894423363	NA	3.894423363	NA	adult
20240809007A	37:56.8	917	76.4	269.5	-87	0	-21.20386479	55.27555819	321005.2033	7654315.363	40	K	516.385	516.38	321003.5815	7654316.32	321006.8251	7654314.406	120.5420676	Aug-9th-2024-05-23PM-Flight-Airdata	NA	3.76611323	NA	NA	adult
20240809007A	37:56.4	907	76.4	269.5	-87	0	-21.20403242	55.27539631	320988.5981	7654296.621	40	K	237.545	288.715	320986.9948	7654297.825	320990.2015	7654295.417	126.9006323	Aug-9th-2024-05-23PM-Flight-Airdata	NA	4.010055602	NA	NA	adult
20240809007A	09/08/2024 13:37	713	73.9	262.7	-62.5	0	-21.20306064	55.27557138	321005.6031	7654404.407	40	K	1535.77	408.685	321008.3233	7654408.708	321002.8829	7654400.106	-147.6881154	Aug-9th-2024-05-23PM-Flight-Airdata	10.17787919	NA	NA	10.17787919	adult
20240809007A	37:52.2	779	73.8	269.5	-69.6	0	-21.20324539	55.27558481	321007.2195	7654383.968	40	K	1511.01	684.61	321010.4963	7654388.122	321003.9426	7654379.815	-141.7263256	Aug-9th-2024-05-23PM-Flight-Airdata	10.58038718	NA	NA	10.58038718	adult
20240809007A	37:49.2	690	74	261.8	-56.2	0	-21.20295943	55.27551315	320999.4348	7654415.547	40	K	1543.125	363.77	321002.4779	7654419.715	320996.3917	7654411.379	-143.8659175	Aug-9th-2024-05-23PM-Flight-Airdata	10.32124219	NA	NA	10.32124219	adult
20240809007A	37:53.4	818	73.8	269.5	-86.7	0	-21.20332841	55.27556529	321005.2931	7654374.755	40	K	1449.06	487.23	321003.7964	7654375.633	321006.7898	7654373.878	120.3843585	Aug-9th-2024-05-23PM-Flight-Airdata	3.470044237	NA	3.470044237	NA	adult
20240809007A	37:55.2	867	75.8	269.5	-87	0	-21.2033275	55.27555125	321003.8351	7654374.84	40	K	1456.835	505.445	321002.386	7654375.798	321005.2841	7654373.882	123.4787724	Aug-9th-2024-05-23PM-Flight-Airdata	3.474562369	NA	3.474562369	NA	adult
20240809007A	37:57.4	935	76.3	269.5	-88.3	0	-21.20330234	55.27554952	321003.6248	7654377.623	40	K	1497.395	477.035	321002.3504	7654378.817	321004.8992	7654376.43	133.1241075	Aug-9th-2024-05-23PM-Flight-Airdata	3.492088798	NA	3.492088798	NA	adult
20240809007A	37:58.2	961	76.3	269.5	-89.9	0	-21.203296	55.27557132	321005.8801	7654378.35	40	K	1512.21	479.94	321004.575	7654379.669	321007.1853	7654377.031	135.3046656	Aug-9th-2024-05-23PM-Flight-Airdata	3.711282869	NA	3.711282869	NA	adult
20240809007A	38:00.4	1027	76.2	264.8	-89.9	0	-21.20331708	55.27555924	321004.6517	7654376.003	40	K	1522.9	587.06	321003.684	7654377.5	321005.6195	7654374.506	147.1164234	Aug-9th-2024-05-23PM-Flight-Airdata	3.564744288	NA	3.564744288	NA	adult
20240809008A	37:56.4	907	76.4	269.5	-87	0	-21.20392776	55.27559767	321009.3773	7654308.436	40	K	403.505	576.39	321007.5025	7654309.42	321011.252	7654307.452	117.6904283	Aug-9th-2024-05-23PM-Flight-Airdata	NA	4.234471197	NA	NA	adult
20240809008A	37:58.4	966	76.3	269.5	-89.9	0	-21.20400264	55.27554653	321004.1589	7654300.088	40	K	278.34	449.84	321002.215	7654301.261	321006.1029	7654298.916	121.105775	Aug-9th-2024-05-23PM-Flight-Airdata	NA	4.540782262	NA	NA	adult
20240809008A	37:42.4	484	74.6	262.9	-24.4	0	-21.20223603	55.27553639	321000.9761	7654495.662	40	K	1433.32	529.825	320999.6109	7654496.74	321002.3413	7654494.584	128.2960658	Aug-9th-2024-05-23PM-Flight-Airdata	3.479040182	NA	3.479040182	NA	adult
20240809008A	37:49.6	703	73.9	261.8	-60.4	0	-21.20306586	55.27559859	321008.4342	7654403.86	40	K	1475.11	409.835	321007.0498	7654404.809	321009.8186	7654402.911	124.4336788	Aug-9th-2024-05-23PM-Flight-Airdata	3.357106559	NA	3.357106559	NA	adult
20240811001A	27:29.4	1662	80.1	121.8	-89.9	0	-20.97058637	55.17540852	310311.2362	7680026.446	40	K	519.285	615.74	310312.9483	7680026.508	310309.5241	7680026.385	-92.04766423	Aug-11th-2024-09-23AM-Flight-Airdata	NA	3.426389497	NA	NA	adult
20240811001A	34:00.8	13391	76.9	113.5	-89.9	0	-20.97630593	55.17551021	310329.0305	7679393.33	40	K	126.245	643.625	310330.6996	7679393.764	310327.3613	7679392.895	-104.577864	Aug-11th-2024-09-23AM-Flight-Airdata	NA	3.449265402	NA	NA	adult
20240811001A	33:50.4	13076	76.9	113.7	-90	0	-20.97624637	55.17552675	310330.6746	7679399.943	40	K	205.785	646.54	310332.4267	7679400.337	310328.9225	7679399.549	-102.6744373	Aug-11th-2024-09-23AM-Flight-Airdata	NA	3.591684637	NA	NA	adult
20240811001A	33:09.8	11861	79.3	122.8	-90	0	-20.97556141	55.1756176	310339.2575	7679475.886	40	K	540	453.165	310340.9568	7679476.485	310337.5582	7679475.286	-109.4290197	Aug-11th-2024-09-23AM-Flight-Airdata	NA	3.603797243	NA	NA	adult
20240811001A	27:22.6	1456	80.1	121.8	-89.9	0	-20.97036891	55.17543655	310313.8758	7680050.556	40	K	266.17	661.435	310315.6826	7680050.644	310312.0689	7680050.468	-92.78861943	Aug-11th-2024-09-23AM-Flight-Airdata	NA	3.617945896	NA	NA	adult
20240811001A	11/08/2024 05:27	1201	80	121.8	-90	0	-20.97030884	55.17550936	310321.3721	7680057.293	40	K	617.915	657.8	310323.217	7680057.525	310319.5272	7680057.06	-97.17878597	Aug-11th-2024-09-23AM-Flight-Airdata	NA	3.71896303	NA	NA	adult
20240811001A	33:24.8	12309	78.7	118	-90	0	-20.97582711	55.17553491	310330.9941	7679446.371	40	K	277.295	710.02	310332.8439	7679446.581	310329.1443	7679446.16	-96.50001259	Aug-11th-2024-09-23AM-Flight-Airdata	NA	3.723540367	NA	NA	adult
20240811001A	28:11.4	2921	79.9	124.5	-89.9	0	-20.97098107	55.17523349	310293.5332	7679982.54	40	K	293.73	859.43	310295.3921	7679982.361	310291.6744	7679982.718	-84.51591806	Aug-11th-2024-09-23AM-Flight-Airdata	NA	3.734782949	NA	NA	adult
20240811001A	28:23.8	3290	80.1	124.9	-89.9	0	-20.97124691	55.17520868	310291.2888	7679953.079	40	K	661.435	601.965	310293.1554	7679953.332	310289.4223	7679952.825	-97.73378178	Aug-11th-2024-09-23AM-Flight-Airdata	NA	3.767349969	NA	NA	adult
20240811001A	33:36.2	12656	77	113.7	-89.9	0	-20.97604432	55.17557088	310335.0084	7679422.365	40	K	511.545	506.43	310336.9047	7679422.889	310333.112	7679421.841	-105.4554986	Aug-11th-2024-09-23AM-Flight-Airdata	NA	3.934981329	NA	NA	adult
20240811001A	27:05.6	950	80	124	-90	0	-20.97086728	55.17520782	310290.7198	7679995.108	40	K	1838.555	461.19	310290.5071	7679989.197	310290.9326	7680001.018	2.061325717	Aug-11th-2024-09-23AM-Flight-Airdata	11.82882283	NA	NA	11.82882283	adult
20240811001A	27:18.8	1343	80.1	121.8	-89.9	0	-20.97105248	55.17514144	310284.051	7679974.525	40	K	1737.985	505.73	310283.3087	7679968.774	310284.7933	7679980.276	7.354491911	Aug-11th-2024-09-23AM-Flight-Airdata	11.59758234	NA	NA	11.59758234	adult
20240811001A	27:33.8	1795	80	121.8	-89.9	0	-20.97125105	55.17503836	310273.5828	7679952.417	40	K	1558.01	601.9	310272.7627	7679946.818	310274.4029	7679958.017	8.331875342	Aug-11th-2024-09-23AM-Flight-Airdata	11.31864593	NA	NA	11.31864593	adult
20240811001A	26:49.6	467	80.1	139.4	-90	0	-20.97059315	55.17519033	310288.5547	7680025.437	40	K	1764.66	296.36	310289.1158	7680019.272	310287.9936	7680031.602	-5.200629748	Aug-11th-2024-09-23AM-Flight-Airdata	12.38060167	NA	NA	12.38060167	adult
20240811001A	27:52.2	2345	80.1	121.8	-89.9	0	-20.97148638	55.17493257	310262.8787	7679926.238	40	K	1479.255	599.105	310262.4402	7679920.744	310263.3172	7679931.733	4.562680955	Aug-11th-2024-09-23AM-Flight-Airdata	11.02396579	NA	NA	11.02396579	adult
20240811001A	11/08/2024 05:28	2966	80	124.5	-90	0	-20.97178861	55.17487377	310257.1458	7679892.707	40	K	1681.845	613.105	310258.9469	7679887.108	310255.3447	7679898.306	-17.83129065	Aug-11th-2024-09-23AM-Flight-Airdata	11.7637982	NA	NA	11.7637982	adult
20240811001A	26:49.6	467	80.1	139.4	-90	0	-20.97053474	55.17518608	310288.039	7680031.898	40	K	1708.85	368.7	310289.8237	7680031.939	310286.2542	7680031.858	-91.29231176	Aug-11th-2024-09-23AM-Flight-Airdata	3.570417805	NA	3.570417805	NA	adult
20240811001A	27:21.4	1421	80.1	121.8	-89.9	0	-20.97103182	55.17511818	310281.6058	7679976.785	40	K	1538.64	508.31	310283.2705	7679976.383	310279.941	7679977.187	-76.4235274	Aug-11th-2024-09-23AM-Flight-Airdata	3.425211721	NA	3.425211721	NA	adult
20240811001A	27:23.6	1484	80.1	121.8	-89.9	0	-20.97105587	55.1750989	310279.631	7679974.098	40	K	1500.745	510.06	310281.334	7679973.763	310277.9279	7679974.434	-78.86434328	Aug-11th-2024-09-23AM-Flight-Airdata	3.471416171	NA	3.471416171	NA	adult
20240811001A	27:38.6	1936	80.1	121.8	-89.9	0	-20.97125726	55.17502366	310272.0617	7679951.713	40	K	1499.88	600.415	310273.7533	7679951.275	310270.3702	7679952.152	-75.47709764	Aug-11th-2024-09-23AM-Flight-Airdata	3.494776952	NA	3.494776952	NA	adult
20240811002A	27:36.4	1872	80	121.8	-89.9	0	-20.97063226	55.17548309	310319.0478	7680021.454	40	K	269.275	566.275	310320.7395	7680021.751	310317.3562	7680021.158	-99.94765647	Aug-11th-2024-09-23AM-Flight-Airdata	NA	3.435031371	NA	NA	adult
20240811002A	27:36.4	1872	80	121.8	-89.9	0	-20.97054299	55.17547919	310318.5295	7680031.333	40	K	153.975	641.435	310320.2518	7680031.547	310316.8071	7680031.119	-97.08832619	Aug-11th-2024-09-23AM-Flight-Airdata	NA	3.471228615	NA	NA	adult
20240811002A	11/08/2024 05:26	330	79.9	139.4	-83.7	0	-20.96985461	55.17570163	310340.7927	7680107.81	40	K	477.24	414.485	310342.5914	7680108.031	310338.994	7680107.588	-97.0221211	Aug-11th-2024-09-23AM-Flight-Airdata	NA	3.624591951	NA	NA	adult
20240811002A	11/08/2024 05:27	1020	80	124	-90	0	-20.97021812	55.17561563	310332.3077	7680067.462	40	K	543.655	517.385	310334.1582	7680067.656	310330.4572	7680067.268	-95.99036591	Aug-11th-2024-09-23AM-Flight-Airdata	NA	3.72139371	NA	NA	adult
20240811002A	33:35.4	12628	77	113.7	-89.9	0	-20.97599515	55.17547664	310325.1469	7679427.698	40	K	520.295	660.405	310326.9185	7679428.284	310323.3752	7679427.111	-108.3137692	Aug-11th-2024-09-23AM-Flight-Airdata	NA	3.732320584	NA	NA	adult
20240811002A	11/08/2024 05:27	1380	80.1	121.8	-90	0	-20.97017655	55.17551311	310321.5943	7680071.944	40	K	130.625	742.135	310323.4893	7680072.432	310319.6992	7680071.456	-104.4410719	Aug-11th-2024-09-23AM-Flight-Airdata	NA	3.91375071	NA	NA	adult
20240811002A	33:30.8	12494	77.1	113.7	-89.9	0	-20.97593404	55.17545627	310322.9518	7679434.438	40	K	443.675	723.89	310324.8614	7679434.914	310321.0421	7679433.963	-103.9837538	Aug-11th-2024-09-23AM-Flight-Airdata	NA	3.93586854	NA	NA	adult
20240811002A	11/08/2024 05:27	1501	80.1	121.8	-89.9	0	-20.97044099	55.17553058	310323.7446	7680042.686	40	K	268.545	495.48	310325.714	7680042.888	310321.7751	7680042.485	-95.84867717	Aug-11th-2024-09-23AM-Flight-Airdata	NA	3.959524647	NA	NA	adult
20240811002A	27:54.8	2421	80.1	134.5	-89.9	0	-20.97092793	55.17544479	310315.4381	7679988.674	40	K	231.325	575.755	310317.4276	7679988.631	310313.4485	7679988.717	-88.77455044	Aug-11th-2024-09-23AM-Flight-Airdata	NA	3.98001204	NA	NA	adult
20240811002A	11/08/2024 05:33	11840	79.5	126.3	-90	0	-20.97538823	55.17546544	310323.2161	7679494.879	40	K	447.32	808.545	310325.1662	7679495.299	310321.2659	7679494.458	-102.1807081	Aug-11th-2024-09-23AM-Flight-Airdata	NA	3.990192548	NA	NA	adult
20240811002A	33:58.6	13324	76.9	113.5	-89.9	0	-20.97630025	55.17541776	310319.4095	7679393.848	40	K	178.055	768.4	310321.3693	7679394.259	310317.4497	7679393.438	-101.8319851	Aug-11th-2024-09-23AM-Flight-Airdata	NA	4.004628872	NA	NA	adult
20240811002A	28:32.2	3542	80.1	124.9	-89.9	0	-20.97126369	55.1752707	310297.7595	7679951.294	40	K	226.945	671.35	310299.7695	7679951.163	310295.7494	7679951.424	-86.28078069	Aug-11th-2024-09-23AM-Flight-Airdata	NA	4.028579322	NA	NA	adult
20240811002A	28:18.4	3127	80.1	124.5	-89.9	0	-20.97185248	55.1749893	310269.2404	7679885.773	40	K	1676.68	328.75	310270.4599	7679879.782	310268.021	7679891.764	-11.50541476	Aug-11th-2024-09-23AM-Flight-Airdata	12.22765259	NA	NA	12.22765259	adult
20240811002A	27:07.2	997	80	124	-89.9	0	-20.97084701	55.17528819	310299.0519	7679997.447	40	K	1707.99	365.95	310299.5903	7679991.571	310298.5135	7680003.322	-5.235595115	Aug-11th-2024-09-23AM-Flight-Airdata	11.79993118	NA	NA	11.79993118	adult
20240811002A	27:20.2	1387	80.1	121.8	-89.9	0	-20.97104616	55.17522875	310293.1223	7679975.328	40	K	1562.135	382.885	310293.275	7679969.552	310292.9695	7679981.104	-1.515094309	Aug-11th-2024-09-23AM-Flight-Airdata	11.55674546	NA	NA	11.55674546	adult
20240811002A	27:36.4	1868	80	121.8	-89.9	0	-20.97128054	55.1751417	310284.3653	7679949.276	40	K	1470.42	449.19	310284.0578	7679943.579	310284.6728	7679954.972	3.089849008	Aug-11th-2024-09-23AM-Flight-Airdata	11.40993317	NA	NA	11.40993317	adult
20240811002A	27:53.6	2387	80.1	124.3	-89.9	0	-20.9715047	55.17503345	310273.3918	7679924.329	40	K	1396.375	437.775	310272.7757	7679918.897	310274.0078	7679929.762	6.47039451	Aug-11th-2024-09-23AM-Flight-Airdata	10.93383925	NA	NA	10.93383925	adult
20240811002A	26:51.6	528	80.1	139.4	-89.9	0	-20.97054797	55.17525817	310295.5529	7680030.52	40	K	1640.585	288.23	310296.5429	7680024.543	310294.5629	7680036.497	-9.404851235	Aug-11th-2024-09-23AM-Flight-Airdata	12.11680857	NA	NA	12.11680857	adult
20240811002A	27:07.8	1013	80	124	-89.9	0	-20.97079751	55.17528392	310298.5456	7680002.922	40	K	1634.63	410.24	310300.3826	7680003.007	310296.7086	7680002.838	-92.6409018	Aug-11th-2024-09-23AM-Flight-Airdata	3.677868256	NA	3.677868256	NA	adult
20240811002A	11/08/2024 05:26	598	80.1	139.4	-90	0	-20.97053079	55.17525079	310294.7638	7680032.413	40	K	1632.325	315.79	310296.5295	7680032.629	310292.9982	7680032.197	-96.97700341	Aug-11th-2024-09-23AM-Flight-Airdata	3.557620426	NA	3.557620426	NA	adult
20240811002A	27:21.2	1413	80.1	121.8	-90	0	-20.97100757	55.17521359	310291.4965	7679979.582	40	K	1440.44	412.99	310293.2559	7679979.361	310289.7371	7679979.803	-82.83098582	Aug-11th-2024-09-23AM-Flight-Airdata	3.546456662	NA	3.546456662	NA	adult
20240811002A	11/08/2024 05:27	1886	80	121.8	-89.9	0	-20.97123201	55.17514192	310284.3269	7679954.649	40	K	1374.96	482.5	310286.0828	7679954.425	310282.5711	7679954.873	-82.71690711	Aug-11th-2024-09-23AM-Flight-Airdata	3.540259513	NA	3.540259513	NA	adult
20240811003A	54:38.8	6129	82.8	308.1	-89.5	0	-20.98310098	55.17663872	310454.9525	7678642.357	40	K	456.12	789.89	310457.1329	7678642.671	310452.7721	7678642.043	-98.18682947	Aug-11th-2024-09-50AM-Flight-Airdata	NA	4.405629592	NA	NA	adult
20240811003A	54:17.4	5491	82.5	343.4	-38.7	0	-20.9827437	55.17643328	310433.1403	7678681.67	40	K	537.21	578.485	310434.5389	7678683.541	310431.7418	7678679.798	-143.2313404	Aug-11th-2024-09-50AM-Flight-Airdata	NA	4.672855891	NA	NA	adult
20240811003A	54:02.8	5052	82.3	352.6	-30.7	0	-20.98259832	55.17828651	310625.6559	7678699.961	40	K	1448.115	319.885	310627.4444	7678700.633	310623.8675	7678699.29	-110.5799701	Aug-11th-2024-09-50AM-Flight-Airdata	3.820747966	NA	3.820747966	NA	adult
20240811003A	54:02.4	5042	82.3	352.6	-30.7	0	-20.98261294	55.17830777	310627.8851	7678698.368	40	K	1448.5	316.04	310629.5866	7678699.037	310626.1835	7678697.698	-111.4699868	Aug-11th-2024-09-50AM-Flight-Airdata	3.656866574	NA	3.656866574	NA	adult
20240811004A	54:17.4	5491	82.5	343.4	-38.7	0	-20.98281979	55.17662576	310453.25	7678673.473	40	K	674.77	661.74	310455.3451	7678674.282	310451.1549	7678672.665	-111.0950268	Aug-11th-2024-09-50AM-Flight-Airdata	NA	4.491127136	NA	NA	adult
20240811004A	54:17.4	5491	82.5	343.4	-38.7	0	-20.98294374	55.17666914	310457.917	7678659.801	40	K	650.155	767.445	310460.433	7678659.911	310455.401	7678659.692	-92.48910575	Aug-11th-2024-09-50AM-Flight-Airdata	NA	5.036802141	NA	NA	adult
20240811004A	11/08/2024 05:54	4967	82.2	352.6	-25.8	0	-20.98262529	55.17855487	310653.5943	7678697.293	40	K	1492.99	383.365	310655.1082	7678697.752	310652.0804	7678696.834	-106.8586501	Aug-11th-2024-09-50AM-Flight-Airdata	3.16374801	NA	3.16374801	NA	adult
20240726001J	50:47.1	4514	89.2	211.1	-66.1	0	-21.05767205	55.19692942	312657.9962	7670410.213	40	K	434.98	616.94	312657.09	7670410.578	312658.9024	7670409.848	111.9628472	Jul-26th-2024-08-45AM-Flight-Airdata	NA	1.954240867	NA	NA	calf
20240726001J	50:57.3	4822	90.1	210.7	-70.7	0	-21.05776491	55.19691344	312656.4518	7670399.913	40	K	468.245	521.505	312655.6374	7670400.072	312657.2663	7670399.755	101.0061946	Jul-26th-2024-08-45AM-Flight-Airdata	NA	1.659391579	NA	NA	calf
20240726001J	50:57.3	4822	90.1	210.7	-70.7	0	-21.05781567	55.19691067	312656.2273	7670394.29	40	K	443.045	469.085	312655.3868	7670394.076	312657.0678	7670394.504	75.72478676	Jul-26th-2024-08-45AM-Flight-Airdata	NA	1.734557799	NA	NA	calf
20240726001J	51:24.3	5627	90.1	210.8	-89.9	0	-21.05809748	55.19707823	312673.9942	7670363.287	40	K	389.275	483.14	312674.2883	7670362.369	312673.7002	7670364.205	-17.76394881	Jul-26th-2024-08-45AM-Flight-Airdata	NA	1.927799456	NA	NA	calf
20240726001J	55:41.9	13351	90	197.6	-90	0	-21.0600294	55.19696028	312664.1554	7670149.257	40	K	587.175	727.745	312663.7561	7670148.45	312664.5547	7670150.063	26.34853724	Jul-26th-2024-08-45AM-Flight-Airdata	NA	1.799493675	NA	NA	calf
20240811004A	54:01.2	5006	82.3	352.6	-26.2	0	-20.98269069	55.17845514	310643.3064	7678689.934	40	K	1491.575	401.535	310644.6567	7678690.334	310641.9561	7678689.533	-106.5282738	Aug-11th-2024-09-50AM-Flight-Airdata	2.816977236	NA	2.816977236	NA	adult
20240811005A	56:30.2	9471	82.8	336.8	-42.1	0	-20.98450175	55.17596461	310386.6274	7678486.472	40	K	448.155	876.045	310387.9148	7678487.358	310385.3401	7678485.585	-124.5533702	Aug-11th-2024-09-50AM-Flight-Airdata	NA	3.12618413	NA	NA	adult
20240811005A	56:33.2	9563	82.9	336.8	-42.1	0	-20.98441892	55.17587659	310377.3705	7678495.538	40	K	433.09	765.225	310379.0757	7678496.39	310375.6654	7678494.687	-116.5479613	Aug-11th-2024-09-50AM-Flight-Airdata	NA	3.812329019	NA	NA	adult
20240811005A	56:43.2	9858	82.8	329	-42.1	0	-20.98429528	55.17562074	310350.6118	7678508.924	40	K	455.395	540.83	310351.9621	7678510.436	310349.2614	7678507.411	-138.2420668	Aug-11th-2024-09-50AM-Flight-Airdata	NA	4.055232447	NA	NA	adult
20240726001J	59:25.7	20058	90	153	-90	0	-21.06088344	55.19756418	312727.9858	7670055.412	40	K	603.76	568.57	312727.6431	7670054.6	312728.3285	7670056.224	22.87373164	Jul-26th-2024-08-45AM-Flight-Airdata	NA	1.763286722	NA	NA	calf
20240726001J	57:30.7	16612	90.1	197.6	-89.9	0	-21.06100646	55.19696307	312665.6685	7670041.085	40	K	320.9	488.74	312665.6322	7670040.282	312665.7049	7670041.888	2.589438658	Jul-26th-2024-08-45AM-Flight-Airdata	NA	1.60741753	NA	NA	calf
20240726001J	57:47.7	17118	90.1	173.5	-90	0	-21.06095113	55.19707437	312677.1663	7670047.342	40	K	273.19	474.965	312677.1508	7670046.372	312677.1817	7670048.311	0.913811913	Jul-26th-2024-08-45AM-Flight-Airdata	NA	1.939488752	NA	NA	calf
20240726001J	50:32.3	4068	89.8	236.4	-62.8	0	-21.0569559	55.19632582	312594.3687	7670488.792	40	K	1284.71	551.355	312593.024	7670487.047	312595.7134	7670490.536	37.62650153	Jul-26th-2024-08-45AM-Flight-Airdata	4.405118925	NA	NA	4.405118925	calf
20240726001J	50:54.9	4750	89.9	210.7	-70.7	0	-21.05741262	55.19626927	312589.063	7670438.16	40	K	1393.705	456.31	312590.1401	7670436.392	312587.986	7670439.928	-31.34656044	Jul-26th-2024-08-45AM-Flight-Airdata	4.140824211	NA	NA	4.140824211	calf
20240726001J	51:09.3	5180	89.9	210.7	-87	0	-21.05766574	55.19647232	312610.483	7670410.374	40	K	1348.67	490.78	312612.6148	7670410.36	312608.3513	7670410.389	-89.60331064	Jul-26th-2024-08-45AM-Flight-Airdata	4.263590677	NA	NA	4.263590677	calf
20240726001J	51:18.1	5440	90.1	210.7	-89.9	0	-21.05771945	55.19652529	312616.0551	7670404.491	40	K	1340.235	552.25	312618.1184	7670405.338	312613.9917	7670403.643	-112.3388756	Jul-26th-2024-08-45AM-Flight-Airdata	4.461538321	NA	NA	4.461538321	calf
20240726001J	55:28.5	12948	90	197.6	-89.9	0	-21.05972175	55.19623741	312588.645	7670182.468	40	K	1516.77	577.61	312590.2957	7670181.207	312586.9944	7670183.73	-52.61107402	Jul-26th-2024-08-45AM-Flight-Airdata	4.154997738	NA	NA	4.154997738	calf
20240726001J	55:32.9	13077	90	197.6	-90	0	-21.05972626	55.19622979	312587.8586	7670181.96	40	K	1528.19	575.56	312589.6841	7670180.719	312586.033	7670183.201	-55.7846012	Jul-26th-2024-08-45AM-Flight-Airdata	4.415142334	NA	NA	4.415142334	calf
20240726001J	55:36.5	13189	90	197.6	-90	0	-21.05978262	55.19623059	312588.0126	7670175.721	40	K	1534.33	555.065	312589.7899	7670174.547	312586.2354	7670176.895	-56.56286141	Jul-26th-2024-08-45AM-Flight-Airdata	4.259503238	NA	NA	4.259503238	calf
20240811005A	56:43.2	9858	82.8	329	-42.1	0	-20.98432595	55.17568396	310357.2237	7678505.603	40	K	476.39	579.93	310358.4337	7678507.241	310356.0137	7678503.965	-143.5487043	Aug-11th-2024-09-50AM-Flight-Airdata	NA	4.07317018	NA	NA	adult
20240811005A	56:13.4	8970	82.8	336.8	-42.1	0	-20.9841934	55.17661279	310453.636	7678521.379	40	K	1419.975	828.76	310451.7204	7678527.558	310455.5515	7678515.2	162.7754385	Aug-11th-2024-09-50AM-Flight-Airdata	12.93787504	NA	NA	12.93787504	adult
20240811005A	56:44.6	9902	82.8	329	-42.1	0	-20.98376086	55.1763719	310428.0422	7678568.982	40	K	1380.49	477.195	310424.5513	7678574.031	310431.5332	7678563.934	145.3379791	Aug-11th-2024-09-50AM-Flight-Airdata	12.27623138	NA	NA	12.27623138	adult
20240811005A	56:16.4	9058	82.8	336.8	-42.1	0	-20.98420504	55.17661522	310453.9032	7678520.093	40	K	1419.975	838.435	310455.5977	7678521.314	310452.2086	7678518.872	-125.7831121	Aug-11th-2024-09-50AM-Flight-Airdata	4.177656883	NA	4.177656883	NA	adult
20240811005A	56:50.8	10090	82.9	329	-36.6	0	-20.98373645	55.17636456	310427.2481	7678571.676	40	K	1378.4	568.365	310428.8937	7678573.17	310425.6025	7678570.182	-132.2321606	Aug-11th-2024-09-50AM-Flight-Airdata	4.44502244	NA	4.44502244	NA	adult
20240811006A	56:43.8	9879	82.8	329	-42.1	0	-20.98444295	55.17567714	310356.6622	7678492.641	40	K	363.45	654.495	310357.9224	7678493.879	310355.4021	7678491.403	-134.4885244	Aug-11th-2024-09-50AM-Flight-Airdata	NA	3.532895822	NA	NA	adult
20240726001J	50:35.9	4177	89.9	236.4	-66.1	0	-21.05698257	55.19633591	312595.4509	7670485.851	40	K	1273.97	512.255	312594.8517	7670486.234	312596.0501	7670485.467	122.6092933	Jul-26th-2024-08-45AM-Flight-Airdata	1.422662346	NA	1.422662346	NA	calf
20240726001J	50:32.7	4079	89.8	236.4	-62.8	0	-21.05694496	55.19634268	312596.1074	7670490.022	40	K	1295.055	580.065	312595.3959	7670490.28	312596.8189	7670489.765	109.8954874	Jul-26th-2024-08-45AM-Flight-Airdata	1.513394063	NA	1.513394063	NA	calf
20240726001J	51:09.3	5180	89.9	210.7	-87	0	-21.05766554	55.19644933	312608.0929	7670410.37	40	K	1375.68	475.99	312608.0174	7670409.671	312608.1684	7670411.068	6.172573753	Jul-26th-2024-08-45AM-Flight-Airdata	1.404730125	NA	1.404730125	NA	calf
20240726001J	51:18.1	5440	90.1	210.7	-89.9	0	-21.05772874	55.19650501	312613.9587	7670403.438	40	K	1357.13	528.115	312614.1904	7670402.739	312613.7271	7670404.138	-18.32560664	Jul-26th-2024-08-45AM-Flight-Airdata	1.473711256	NA	1.473711256	NA	calf
20240726001J	55:28.5	12948	90	197.6	-89.9	0	-21.05970898	55.19622035	312586.856	7670183.862	40	K	1544.47	587.115	312586.4845	7670183.262	312587.2274	7670184.462	31.75531897	Jul-26th-2024-08-45AM-Flight-Airdata	1.411554463	NA	1.411554463	NA	calf
20240726001J	55:33.3	13092	90	197.6	-89.9	0	-21.05971886	55.1962099	312585.7821	7670182.756	40	K	1556.975	579.245	312585.4547	7670182.117	312586.1096	7670183.395	27.13048646	Jul-26th-2024-08-45AM-Flight-Airdata	1.435995493	NA	1.435995493	NA	calf
20240726001J	55:36.5	13189	90	197.6	-90	0	-21.05977093	55.19621178	312586.0435	7670176.993	40	K	1563.725	562.52	312585.582	7670176.432	312586.505	7670177.553	39.48510192	Jul-26th-2024-08-45AM-Flight-Airdata	1.451630933	NA	1.451630933	NA	calf
20240811006A	11/08/2024 05:56	9764	82.8	329	-42.1	0	-20.98446782	55.17570848	310359.9527	7678489.925	40	K	362.725	685.635	310361.469	7678490.975	310358.4364	7678488.875	-124.6939166	Aug-11th-2024-09-50AM-Flight-Airdata	NA	3.688355374	NA	NA	adult
20240811006A	57:54.2	11991	83.1	307.1	-53.1	0	-20.98366823	55.17527059	310313.4113	7678577.932	40	K	1442.535	569.325	310309.7009	7678583.324	310317.1216	7678572.54	145.4665987	Aug-11th-2024-09-50AM-Flight-Airdata	13.09035878	NA	NA	13.09035878	adult
20240811006A	58:18.8	12727	83.7	290.9	-55.4	0	-20.98353347	55.17487917	310272.5417	7678592.387	40	K	1401.195	439.51	310266.6325	7678595.14	310278.4508	7678589.634	114.9774308	Aug-11th-2024-09-50AM-Flight-Airdata	13.03774128	NA	NA	13.03774128	adult
20240811006A	58:22.8	12846	83.7	287.8	-46.6	0	-20.98352949	55.17479493	310263.7774	7678592.727	40	K	1371.455	563.52	310258.1738	7678596.026	310269.381	7678589.429	120.4793836	Aug-11th-2024-09-50AM-Flight-Airdata	13.00428058	NA	NA	13.00428058	adult
20240811006A	57:48.6	11818	83.1	305.1	-54.6	0	-20.98370221	55.17530547	310317.0811	7678574.211	40	K	1474.66	601.52	310312.692	7678578.887	310321.4702	7678569.535	136.813211	Aug-11th-2024-09-50AM-Flight-Airdata	12.82647204	NA	NA	12.82647204	adult
20240811006A	11/08/2024 05:57	11684	82.9	305.5	-57.4	0	-20.98372725	55.17541743	310328.7546	7678571.572	40	K	1474.375	518.825	310329.5119	7678573.237	310327.9973	7678569.906	-155.5457204	Aug-11th-2024-09-50AM-Flight-Airdata	3.658763682	NA	3.658763682	NA	adult
20240811006A	57:46.8	11768	83.1	303.4	-54.8	0	-20.98370267	55.17532014	310318.6067	7678574.177	40	K	1494.41	592.39	310319.5394	7678575.772	310317.674	7678572.583	-149.675177	Aug-11th-2024-09-50AM-Flight-Airdata	3.694422179	NA	3.694422179	NA	adult
20240811006A	11/08/2024 05:58	13063	83.7	287.7	-40.4	0	-20.98352544	55.17483517	310267.9556	7678593.224	40	K	1406.845	711.36	310268.0607	7678595.131	310267.8505	7678591.316	-176.8461772	Aug-11th-2024-09-50AM-Flight-Airdata	3.820371913	NA	3.820371913	NA	adult
20240811006A	57:47.6	11789	83.1	303.4	-54.6	0	-20.98373862	55.17533705	310320.4111	7678570.218	40	K	1489.73	651.495	310321.3461	7678571.581	310319.4762	7678568.854	-145.5634313	Aug-11th-2024-09-50AM-Flight-Airdata	3.306579301	NA	3.306579301	NA	adult
20240811007A	56:56.8	10266	82.8	329	-36.6	0	-20.98457604	55.17555545	310344.1773	7678477.762	40	K	128.87	800.03	310345.2052	7678479.34	310343.1494	7678476.184	-146.9235364	Aug-11th-2024-09-50AM-Flight-Airdata	NA	3.766863975	NA	NA	adult
20240811007A	56:38.2	9712	82.8	329	-42.1	0	-20.98460209	55.175612	310350.0908	7678474.945	40	K	149.865	742.825	310351.4645	7678476.31	310348.7171	7678473.58	-134.8160841	Aug-11th-2024-09-50AM-Flight-Airdata	NA	3.872929469	NA	NA	adult
20240811007A	56:38.2	9712	82.8	329	-42.1	0	-20.98465169	55.17568333	310357.5694	7678469.538	40	K	146.245	815.95	310358.939	7678471.011	310356.1999	7678468.065	-137.0789758	Aug-11th-2024-09-50AM-Flight-Airdata	NA	4.02219623	NA	NA	adult
20240811007A	56:25.4	9325	82.8	336.8	-42.1	0	-20.98430101	55.17633325	310424.7049	7678509.133	40	K	1010.68	835.535	310422.3883	7678514.986	310427.0215	7678503.281	158.4038463	Aug-11th-2024-09-50AM-Flight-Airdata	12.58801379	NA	NA	12.58801379	adult
20240811007A	56:38.6	9722	82.8	329	-42.1	0	-20.98408212	55.17623874	310414.6017	7678533.256	40	K	1126.495	622.2	310412.223	7678539.007	310416.9804	7678527.505	157.5299736	Aug-11th-2024-09-50AM-Flight-Airdata	12.4472783	NA	NA	12.4472783	adult
20240811007A	11/08/2024 05:56	10154	82.8	329	-36.6	0	-20.98391409	55.17613542	310403.6466	7678551.737	40	K	1104.665	595.09	310400.3502	7678556.762	310406.943	7678546.711	146.7367875	Aug-11th-2024-09-50AM-Flight-Airdata	12.01996037	NA	NA	12.01996037	adult
20240811007A	11/08/2024 05:56	8778	82.7	333.2	-59.5	0	-20.9844529	55.17635096	310426.7377	7678492.338	40	K	988.05	654.565	310425.5362	7678498.65	310427.9392	7678486.025	169.2237439	Aug-11th-2024-09-50AM-Flight-Airdata	12.8515848	NA	NA	12.8515848	adult
20240811007A	56:28.2	9411	82.8	336.8	-42.1	0	-20.98431473	55.17633797	310425.213	7678507.62	40	K	1009.31	849.725	310426.5993	7678508.918	310423.8268	7678506.322	-133.1092104	Aug-11th-2024-09-50AM-Flight-Airdata	3.797676233	NA	3.797676233	NA	adult
20240811007A	56:39.4	9748	82.8	329	-42.1	0	-20.98413039	55.17625404	310416.2532	7678527.93	40	K	1117.575	660.325	310417.6277	7678528.952	310414.8787	7678526.907	-126.6375765	Aug-11th-2024-09-50AM-Flight-Airdata	3.425940849	NA	3.425940849	NA	adult
20240811007A	56:56.4	10257	82.8	329	-36.6	0	-20.98391006	55.1761225	310402.2979	7678552.168	40	K	1094.36	588.195	310403.6665	7678553.559	310400.9292	7678550.777	-135.4661114	Aug-11th-2024-09-50AM-Flight-Airdata	3.902963634	NA	3.902963634	NA	adult
20240811007A	11/08/2024 05:56	10151	82.8	329	-36.6	0	-20.9839588	55.17616501	310406.7793	7678546.821	40	K	1111.61	626.805	310407.9993	7678548.375	310405.5592	7678545.268	-141.8568354	Aug-11th-2024-09-50AM-Flight-Airdata	3.950692174	NA	3.950692174	NA	adult
20240811007A	55:56.8	8470	82.6	321.9	-78.4	0	-20.98460671	55.17639936	310431.9652	7678475.367	40	K	1013.62	496.73	310433.6619	7678474.92	310430.2686	7678475.815	-75.22477394	Aug-11th-2024-09-50AM-Flight-Airdata	3.509388114	NA	3.509388114	NA	adult
20240811008A	56:39.2	9740	82.8	329	-42.1	0	-20.98453603	55.17588184	310378.0644	7678482.578	40	K	440.2	819.575	310379.2823	7678483.875	310376.8466	7678481.282	-136.790052	Aug-11th-2024-09-50AM-Flight-Airdata	NA	3.557467129	NA	NA	adult
20240811008A	56:51.8	10116	82.9	329	-36.6	0	-20.98444537	55.1757765	310366.9971	7678492.491	40	K	431.51	803.645	310368.3122	7678493.734	310365.682	7678491.247	-133.3976649	Aug-11th-2024-09-50AM-Flight-Airdata	NA	3.619864621	NA	NA	adult
20240811008A	56:32.4	9539	82.9	336.8	-42.1	0	-20.98412809	55.17651965	310443.8684	7678528.499	40	K	1312.06	733.38	310442.4135	7678533.918	310445.3233	7678523.081	164.9702662	Aug-11th-2024-09-50AM-Flight-Airdata	11.22091461	NA	NA	11.22091461	adult
20240811008A	57:42.2	11628	82.7	307.6	-46.8	0	-20.98369423	55.17544834	310331.9268	7678575.263	40	K	1437.565	602.755	310327.8881	7678579.524	310335.9654	7678571.003	136.5306804	Aug-11th-2024-09-50AM-Flight-Airdata	11.74087102	NA	NA	11.74087102	adult
20240811008A	57:49.6	11852	83.1	306.1	-54.7	0	-20.98378566	55.17531792	310318.4808	7678564.987	40	K	1397.43	656.76	310314.3017	7678569.002	310322.6599	7678560.971	133.8571883	Aug-11th-2024-09-50AM-Flight-Airdata	11.59128314	NA	NA	11.59128314	adult
20240811008A	57:53.8	11976	83.1	306.8	-53.1	0	-20.98375094	55.17529339	310315.8867	7678568.801	40	K	1397.81	639.78	310312.0898	7678572.997	310319.6836	7678564.605	137.8568754	Aug-11th-2024-09-50AM-Flight-Airdata	11.31737359	NA	NA	11.31737359	adult
20240811008A	56:30.4	9478	82.8	336.8	-42.1	0	-20.98419606	55.17653744	310445.8035	7678520.995	40	K	1317.475	800.025	310447.2581	7678522.006	310444.3489	7678519.985	-124.7813137	Aug-11th-2024-09-50AM-Flight-Airdata	3.542050947	NA	3.542050947	NA	adult
20240811008A	57:42.6	11643	82.8	307.6	-49.6	0	-20.98379352	55.17551527	310339.0116	7678564.35	40	K	1441.705	683.595	310339.7927	7678565.928	310338.2305	7678562.773	-153.6537534	Aug-11th-2024-09-50AM-Flight-Airdata	3.520195991	NA	3.520195991	NA	adult
20240811008A	57:46.4	11753	83.1	303.4	-56.6	0	-20.98379083	55.17536182	310323.0526	7678564.466	40	K	1443.565	635.57	310323.8906	7678565.871	310322.2146	7678563.062	-149.1838428	Aug-11th-2024-09-50AM-Flight-Airdata	3.271617116	NA	3.271617116	NA	adult
20240811008A	57:51.8	11918	83.1	306.1	-58.1	0	-20.98379932	55.17534055	310320.8509	7678563.501	40	K	1405.555	616.905	310321.485	7678565.053	310320.2168	7678561.949	-157.7799764	Aug-11th-2024-09-50AM-Flight-Airdata	3.35358106	NA	3.35358106	NA	adult
20240726002J	15:18.6	24231	90.3	148.5	-89.9	0	-21.08706099	55.20436541	313467.4729	7667165.161	40	K	421.375	414.12	313468.2153	7667164.272	313466.7305	7667166.051	-39.8584788	Jul-26th-2024-10-01AM-Flight-Airdata	NA	2.316856105	NA	NA	calf
20240726002J	15:31.2	24614	90.1	148.5	-90	0	-21.08710336	55.20443045	313474.2841	7667160.547	40	K	390.425	498.005	313474.6769	7667159.396	313473.8914	7667161.697	-18.85009088	Jul-26th-2024-10-01AM-Flight-Airdata	NA	2.431325095	NA	NA	calf
20240726002J	06:52.6	9066	91.1	113.2	-89.9	0	-21.08361928	55.20301121	313322.4616	7667544.621	40	K	599.545	488.94	313323.25	7667543.783	313321.6732	7667545.459	-43.26377079	Jul-26th-2024-10-01AM-Flight-Airdata	NA	2.300729824	NA	NA	calf
20240726002J	10:41.8	15936	90.2	60.7	-90	0	-21.0850311	55.20313923	313337.5285	7667388.462	40	K	500.425	800.8	313337.3145	7667389.592	313337.7424	7667387.333	169.273374	Jul-26th-2024-10-01AM-Flight-Airdata	NA	2.299142684	NA	NA	calf
20240811008A	57:41.8	11619	82.7	307.6	-46.7	0	-20.98372163	55.17550307	310337.6522	7678572.295	40	K	1448.35	622.7	310338.5439	7678573.813	310336.7605	7678570.777	-149.5648666	Aug-11th-2024-09-50AM-Flight-Airdata	3.52058629	NA	3.52058629	NA	adult
20240811009A	57:03.8	10475	82.9	324.3	-36.6	0	-20.98440802	55.17582946	310372.4563	7678496.689	40	K	586.44	774.69	310373.8166	7678497.86	310371.096	7678495.518	-130.7268884	Aug-11th-2024-09-50AM-Flight-Airdata	NA	3.590066022	NA	NA	adult
20240811009A	56:48.2	10009	82.8	329	-41.4	0	-20.98439858	55.17583387	310372.9028	7678497.74	40	K	532.145	698.665	310374.5753	7678498.624	310371.2303	7678496.855	-117.8709167	Aug-11th-2024-09-50AM-Flight-Airdata	NA	3.783966925	NA	NA	adult
20240811009A	11/08/2024 05:57	10394	82.9	326	-36.6	0	-20.9843585	55.17574964	310364.0941	7678502.077	40	K	544.45	716.045	310365.7257	7678503.284	310362.4625	7678500.869	-126.5029865	Aug-11th-2024-09-50AM-Flight-Airdata	NA	4.059644623	NA	NA	adult
20240811009A	56:29.6	9455	82.8	336.8	-42.1	0	-20.98418504	55.17661188	310453.5302	7678522.304	40	K	1417.23	819.685	310452.8038	7678528.542	310454.2566	7678516.067	173.3578589	Aug-11th-2024-09-50AM-Flight-Airdata	12.55967628	NA	NA	12.55967628	adult
20240811009A	56:32.4	9538	82.9	336.8	-42.1	0	-20.98414346	55.17660624	310452.8917	7678526.901	40	K	1416.805	777.45	310451.7918	7678533.182	310453.9917	7678520.619	170.0680592	Aug-11th-2024-09-50AM-Flight-Airdata	12.7549486	NA	NA	12.7549486	adult
20240726002J	26/07/2024 06:06	8089	91	113.2	-90	0	-21.08403011	55.20270911	313291.5847	7667498.782	40	K	1457.155	592.375	313293.4511	7667500.061	313289.7184	7667497.502	-124.4340466	Jul-26th-2024-10-01AM-Flight-Airdata	4.525617695	NA	NA	4.525617695	calf
20240726002J	06:21.8	8144	91	113.2	-90	0	-21.08403839	55.20271449	313292.1539	7667497.871	40	K	1463.39	582.08	313293.9299	7667499.12	313290.3779	7667496.623	-125.1113226	Jul-26th-2024-10-01AM-Flight-Airdata	4.342075653	NA	NA	4.342075653	calf
20240726002J	10:15.8	15161	90.1	96.9	-89.9	0	-21.08544755	55.20318371	313342.6704	7667342.408	40	K	1519.56	608.57	313344.868	7667341.349	313340.4729	7667343.466	-64.2861457	Jul-26th-2024-10-01AM-Flight-Airdata	4.878180336	NA	NA	4.878180336	calf
20240726002J	10:15.2	15140	90.1	96.9	-89.9	0	-21.08544329	55.20318081	313342.3643	7667342.876	40	K	1516.1	610.62	313344.5369	7667341.828	313340.1918	7667343.923	-64.24982494	Jul-26th-2024-10-01AM-Flight-Airdata	4.824097029	NA	NA	4.824097029	calf
20240726002J	06:20.8	8116	91	113.2	-90	0	-21.08404792	55.20269341	313289.9752	7667496.792	40	K	1487.01	601.145	313290.4819	7667496.264	313289.4686	7667497.319	-43.84805533	Jul-26th-2024-10-01AM-Flight-Airdata	1.462721248	NA	1.462721248	NA	calf
20240726002J	06:30.8	8418	91	113.2	-89.9	0	-21.08410338	55.20270659	313291.4145	7667490.667	40	K	1553.185	561.115	313291.9581	7667490.148	313290.8708	7667491.186	-46.32508461	Jul-26th-2024-10-01AM-Flight-Airdata	1.503369842	NA	1.503369842	NA	calf
20240726002J	26/07/2024 06:10	15372	90.1	96.9	-89.9	0	-21.0854958	55.20318853	313343.232	7667337.071	40	K	1484.585	667.65	313343.3672	7667337.769	313343.0967	7667336.373	-169.0347131	Jul-26th-2024-10-01AM-Flight-Airdata	1.422329829	NA	1.422329829	NA	calf
20240726002J	10:15.6	15154	90.1	96.9	-89.9	0	-21.08543545	55.20316069	313340.2638	7667343.719	40	K	1507.92	638.705	313340.6313	7667344.414	313339.8964	7667343.025	-152.1303005	Jul-26th-2024-10-01AM-Flight-Airdata	1.571927563	NA	1.571927563	NA	calf
20240811009A	56:39.8	9757	82.8	329	-42.1	0	-20.98399052	55.17655179	310447.0367	7678543.769	40	K	1505.49	676.94	310445.1061	7678549.598	310448.9672	7678537.939	161.6758443	Aug-11th-2024-09-50AM-Flight-Airdata	12.28121749	NA	NA	12.28121749	adult
20240811009A	11/08/2024 05:56	9972	82.8	329	-42.1	0	-20.98389829	55.17650267	310441.8132	7678553.922	40	K	1474.245	595.015	310438.6896	7678559.289	310444.9368	7678548.555	149.8001063	Aug-11th-2024-09-50AM-Flight-Airdata	12.4194802	NA	NA	12.4194802	adult
20240811009A	57:40.4	11575	82.9	307.6	-46.7	0	-20.98377951	55.17556791	310344.4674	7678565.964	40	K	1381.625	572.835	310338.9287	7678568.468	310350.0062	7678563.46	114.3271941	Aug-11th-2024-09-50AM-Flight-Airdata	12.15694615	NA	NA	12.15694615	adult
20240811009A	56:30.4	9477	82.8	336.8	-42.1	0	-20.98423414	55.176616	310454.0207	7678516.872	40	K	1413.765	870.015	310455.8173	7678517.357	310452.2241	7678516.387	-105.1137748	Aug-11th-2024-09-50AM-Flight-Airdata	3.721843574	NA	3.721843574	NA	adult
20240811009A	56:33.4	9564	82.9	336.8	-42.1	0	-20.98419165	55.17661559	310453.9239	7678521.577	40	K	1420.61	825.285	310455.6066	7678522.292	310452.2412	7678520.861	-113.0246538	Aug-11th-2024-09-50AM-Flight-Airdata	3.656639223	NA	3.656639223	NA	adult
20240811009A	56:38.6	9720	82.8	329	-42.1	0	-20.98406146	55.17657336	310449.3695	7678535.94	40	K	1512.74	739.015	310450.836	7678537	310447.9029	7678534.88	-125.8679073	Aug-11th-2024-09-50AM-Flight-Airdata	3.619424607	NA	3.619424607	NA	adult
20240811009A	56:47.2	9981	82.8	329	-42.1	0	-20.98393983	55.17653108	310444.8192	7678549.357	40	K	1493.8	630.65	310446.0916	7678550.894	310443.5467	7678547.819	-140.3881741	Aug-11th-2024-09-50AM-Flight-Airdata	3.991488057	NA	3.991488057	NA	adult
20240811009A	57:42.4	11636	82.7	307.6	-47.8	0	-20.98390528	55.1755356	310341.2665	7678552.001	40	K	1356.045	795.92	310341.7317	7678553.894	310340.8012	7678550.107	-166.1967285	Aug-11th-2024-09-50AM-Flight-Airdata	3.899767595	NA	3.899767595	NA	adult
20240811009A	57:44.6	11701	83	303.8	-57.4	0	-20.98393941	55.17542626	310329.94	7678548.092	40	K	1308.245	705.29	310330.6844	7678549.772	310329.1955	7678546.413	-156.0961363	Aug-11th-2024-09-50AM-Flight-Airdata	3.674456855	NA	3.674456855	NA	adult
20240811010A	57:08.6	10622	82.9	324.3	-36.6	0	-20.98428294	55.17575376	310364.4276	7678510.447	40	K	641.045	664.675	310365.6077	7678511.858	310363.2475	7678509.037	-140.0819052	Aug-11th-2024-09-50AM-Flight-Airdata	NA	3.678164235	NA	NA	adult
20240811010A	56:56.8	10270	82.8	329	-36.6	0	-20.98431668	55.17587126	310376.6871	7678506.851	40	K	629.155	746.45	310378.1822	7678508.047	310375.192	7678505.656	-128.6443265	Aug-11th-2024-09-50AM-Flight-Airdata	NA	3.82848483	NA	NA	adult
20240811010A	56:41.8	9818	82.8	329	-42.1	0	-20.98443314	55.17602081	310392.3844	7678494.134	40	K	671.15	793.505	310393.8244	7678495.482	310390.9445	7678492.786	-133.1078023	Aug-11th-2024-09-50AM-Flight-Airdata	NA	3.94463937	NA	NA	adult
20240811010A	57:05.4	10524	82.9	324.3	-36.6	0	-20.98351059	55.1763493	310425.3764	7678596.663	40	K	1512.175	490.57	310421.3082	7678601.291	310429.4445	7678592.035	138.683735	Aug-11th-2024-09-50AM-Flight-Airdata	12.32377178	NA	NA	12.32377178	adult
20240811010A	11/08/2024 05:56	9435	82.8	336.8	-42.1	0	-20.9840825	55.17669286	310461.821	7678533.752	40	K	1535.47	751.02	310460.3665	7678540.004	310463.2754	7678527.5	166.9034673	Aug-11th-2024-09-50AM-Flight-Airdata	12.83731882	NA	NA	12.83731882	adult
20240811010A	55:50.6	8282	82.7	213.7	-78.4	0	-20.98449884	55.17619489	310410.5682	7678487.067	40	K	1537.3	692.64	310408.7637	7678492.38	310412.3726	7678481.753	161.2417133	Aug-11th-2024-09-50AM-Flight-Airdata	11.22258105	NA	NA	11.22258105	adult
20240811010A	55:51.8	8320	82.7	214.8	-78.4	0	-20.98448078	55.1762047	310411.5649	7678489.078	40	K	1561.01	769.26	310408.8886	7678494.121	310414.2412	7678484.036	152.0422232	Aug-11th-2024-09-50AM-Flight-Airdata	11.4172259	NA	NA	11.4172259	adult
20240811010A	58:00.4	12175	83.1	307.1	-50.3	0	-20.98355187	55.17540845	310327.5989	7678590.978	40	K	1677.77	653.72	310323.6507	7678595.781	310331.5471	7678586.175	140.5783141	Aug-11th-2024-09-50AM-Flight-Airdata	12.43480359	NA	NA	12.43480359	adult
20240811010A	56:32.2	9533	82.9	336.8	-42.1	0	-20.98403251	55.17668624	310461.0692	7678539.279	40	K	1530.605	705.405	310458.6911	7678544.498	310463.4473	7678534.059	155.5054412	Aug-11th-2024-09-50AM-Flight-Airdata	11.47148092	NA	NA	11.47148092	adult
20240811010A	56:31.8	9517	82.8	336.8	-42.1	0	-20.98408575	55.17670577	310463.1672	7678533.408	40	K	1550.48	755.15	310464.6878	7678534.801	310461.6466	7678532.014	-132.5061748	Aug-11th-2024-09-50AM-Flight-Airdata	4.125313026	NA	4.125313026	NA	adult
20240811010A	11/08/2024 05:55	8328	82.6	214.8	-78.4	0	-20.98452583	55.1762307	310414.3259	7678484.122	40	K	1487.13	744.3	310412.6481	7678483.064	310416.0037	7678485.179	57.77684106	Aug-11th-2024-09-50AM-Flight-Airdata	3.966496226	NA	3.966496226	NA	adult
20240811010A	55:53.8	8381	82.6	221	-78.4	0	-20.98448738	55.17625389	310416.6881	7678488.406	40	K	1537.43	843.13	310414.7584	7678487.488	310418.6178	7678489.324	64.56048452	Aug-11th-2024-09-50AM-Flight-Airdata	4.273780363	NA	4.273780363	NA	adult
20240811010A	58:00.4	12175	83.1	307.1	-50.3	0	-20.98360157	55.17544744	310331.7155	7678585.522	40	K	1685.52	714.335	310332.8265	7678586.949	310330.6046	7678584.094	-142.1028458	Aug-11th-2024-09-50AM-Flight-Airdata	3.617364069	NA	3.617364069	NA	adult
20240811011A	57:16.8	10868	83	324.3	-33.1	0	-20.98458822	55.17539114	310327.1085	7678476.218	40	K	110.115	763.73	310328.8324	7678477.353	310325.3845	7678475.084	-123.3462789	Aug-11th-2024-09-50AM-Flight-Airdata	NA	4.127507437	NA	NA	adult
20240811011A	57:27.2	11177	82.9	324.3	-33.1	0	-20.98455068	55.1752822	310315.7329	7678480.245	40	K	99.55	702.385	310317.4062	7678481.487	310314.0596	7678479.003	-126.5802988	Aug-11th-2024-09-50AM-Flight-Airdata	NA	4.167546533	NA	NA	adult
20240811011A	11/08/2024 05:57	10603	82.9	324.3	-36.6	0	-20.98391506	55.1760526	310395.0355	7678551.531	40	K	1110.645	578.55	310393.2292	7678557.663	310396.8418	7678545.4	163.5859696	Aug-11th-2024-09-50AM-Flight-Airdata	12.7846806	NA	NA	12.7846806	adult
20240811011A	11/08/2024 05:57	10665	82.9	324.3	-36.6	0	-20.98388158	55.17604483	310394.1861	7678555.229	40	K	1120.745	560.675	310392.2161	7678561.261	310396.1562	7678549.197	161.912876	Aug-11th-2024-09-50AM-Flight-Airdata	12.69101414	NA	NA	12.69101414	adult
20240811011A	57:55.6	12032	83.1	307.1	-52.5	0	-20.98345106	55.17507685	310292.992	7678601.745	40	K	1433.17	352.505	310289.4075	7678606.583	310296.5765	7678596.908	143.4613335	Aug-11th-2024-09-50AM-Flight-Airdata	12.04133524	NA	NA	12.04133524	adult
20240811011A	58:10.2	12466	83.3	306.6	-45.8	0	-20.9833786	55.17490733	310275.2734	7678609.567	40	K	1415.865	456.315	310270.5343	7678612.664	310280.0126	7678606.47	123.1633676	Aug-11th-2024-09-50AM-Flight-Airdata	11.32258774	NA	NA	11.32258774	adult
20240811011A	58:19.2	12738	83.8	290.2	-55.4	0	-20.98331942	55.174675	310251.0413	7678615.843	40	K	1478.29	252.205	310245.2522	7678616.594	310256.8305	7678615.092	97.38930904	Aug-11th-2024-09-50AM-Flight-Airdata	11.67533057	NA	NA	11.67533057	adult
20240811011A	11/08/2024 05:57	10631	82.9	324.3	-36.6	0	-20.98395998	55.1760696	310396.8598	7678546.578	40	K	1102.37	605.005	310398.175	7678547.57	310395.5447	7678545.586	-127.0280445	Aug-11th-2024-09-50AM-Flight-Airdata	3.294708631	NA	3.294708631	NA	adult
20240811011A	11/08/2024 05:57	12040	83.2	307.1	-51	0	-20.98346587	55.1750893	310294.3054	7678600.12	40	K	1431.52	394.435	310295.4495	7678601.482	310293.1612	7678598.758	-139.9674542	Aug-11th-2024-09-50AM-Flight-Airdata	3.557569235	NA	3.557569235	NA	adult
20240811011A	58:04.8	12305	83.1	307.1	-45.8	0	-20.98341294	55.17506221	310291.4218	7678605.949	40	K	1441.38	459.54	310292.2305	7678607.787	310290.613	7678604.111	-156.2509373	Aug-11th-2024-09-50AM-Flight-Airdata	4.016193599	NA	4.016193599	NA	adult
20240811011A	58:21.8	12814	83.7	290.2	-49.5	0	-20.98318719	55.17454296	310237.1448	7678630.327	40	K	1489.73	274.59	310236.5993	7678632.587	310237.6904	7678628.066	166.4292455	Aug-11th-2024-09-50AM-Flight-Airdata	4.650152935	NA	4.650152935	NA	adult
20240811012A	06:35.8	27621	82.6	120	-90	0	-20.98462764	55.17704725	310499.3587	7678473.818	40	K	631.945	405.73	310497.325	7678473.613	310501.3924	7678474.022	84.25889348	Aug-11th-2024-09-50AM-Flight-Airdata	NA	4.08783652	NA	NA	adult
20240811012A	06:41.6	27794	82.6	124.6	-89.9	0	-20.98477497	55.17707704	310502.642	7678457.542	40	K	745.785	288.24	310500.429	7678457.459	310504.8549	7678457.625	87.84919307	Aug-11th-2024-09-50AM-Flight-Airdata	NA	4.429093133	NA	NA	adult
20240811012A	06:20.6	27162	82.7	135.2	-52.3	0	-20.98464318	55.17698328	310492.7267	7678472.021	40	K	642.165	444.405	310490.4329	7678471.866	310495.0206	7678472.175	86.14887211	Aug-11th-2024-09-50AM-Flight-Airdata	NA	4.59803451	NA	NA	adult
20240811012A	11/08/2024 06:05	26189	82.2	117.7	-38.4	0	-20.9851241	55.17645097	310437.984	7678418.146	40	K	1734.35	573.33	310435.3422	7678412.772	310440.6257	7678423.519	26.17856491	Aug-11th-2024-09-50AM-Flight-Airdata	11.97602201	NA	NA	11.97602201	adult
20240811012A	06:06.8	26749	82.5	147.5	-35.2	0	-20.98519657	55.17613009	310404.7115	7678409.742	40	K	1437.19	551.295	310403.449	7678403.457	310405.974	7678416.026	11.359067	Aug-11th-2024-09-50AM-Flight-Airdata	12.81999053	NA	NA	12.81999053	adult
20240811012A	11/08/2024 06:06	27059	82.6	139.7	-52.3	0	-20.98525041	55.1763362	310426.2102	7678404.025	40	K	1592.17	396.63	310426.2261	7678397.552	310426.1942	7678410.499	-0.141309538	Aug-11th-2024-09-50AM-Flight-Airdata	12.94754596	NA	NA	12.94754596	adult
20240811012A	11/08/2024 06:06	27024	82.5	139.7	-49.6	0	-20.98519637	55.17635765	310428.3723	7678410.033	40	K	1544.9	468.335	310428.4767	7678403.635	310428.2679	7678416.431	-0.934726017	Aug-11th-2024-09-50AM-Flight-Airdata	12.79709944	NA	NA	12.79709944	adult
20240811012A	06:02.4	26619	82.5	147.5	-35.2	0	-20.98508379	55.17616193	310407.8801	7678422.265	40	K	1381.39	592.025	310406.5294	7678422.418	310409.2308	7678422.112	96.46468338	Aug-11th-2024-09-50AM-Flight-Airdata	2.7187508	NA	2.7187508	NA	adult
20240811012A	11/08/2024 06:06	26698	82.5	147.5	-35.2	0	-20.98512231	55.1761522	310406.9166	7678417.99	40	K	1400.325	577.765	310405.5798	7678418.286	310408.2534	7678417.694	102.4766872	Aug-11th-2024-09-50AM-Flight-Airdata	2.738247381	NA	2.738247381	NA	adult
20240811012A	11/08/2024 06:06	27059	82.6	139.7	-52.3	0	-20.98518668	55.1763372	310426.2333	7678411.082	40	K	1563.725	432.6	310424.8069	7678411.156	310427.6596	7678411.009	92.94881455	Aug-11th-2024-09-50AM-Flight-Airdata	2.856469519	NA	2.856469519	NA	adult
20240811012A	06:16.2	27032	82.5	139.7	-51	0	-20.98512116	55.17631507	310423.8497	7678418.309	40	K	1557.145	507.705	310422.4067	7678418.383	310425.2927	7678418.236	92.92501635	Aug-11th-2024-09-50AM-Flight-Airdata	2.889763384	NA	2.889763384	NA	adult
20240811012A	06:22.4	27220	82.8	135.2	-58	0	-20.9852793	55.17636188	310428.9173	7678400.857	40	K	1609.275	333.58	310427.5533	7678400.575	310430.2813	7678401.139	78.33058877	Aug-11th-2024-09-50AM-Flight-Airdata	2.785600177	NA	2.785600177	NA	adult
20240811013A	06:37.2	27662	82.6	120	-90	0	-20.98461858	55.17696856	310491.165	7678474.728	40	K	681.57	504.975	310489.5506	7678473.899	310492.7793	7678475.556	62.83121269	Aug-11th-2024-09-50AM-Flight-Airdata	NA	3.629115658	NA	NA	adult
20240811013A	06:29.4	27428	82.6	125.3	-73.8	0	-20.98461312	55.17696428	310490.7126	7678475.327	40	K	556.78	489.645	310488.76	7678474.353	310492.6653	7678476.301	63.48831828	Aug-11th-2024-09-50AM-Flight-Airdata	NA	4.364143494	NA	NA	adult
20240811013A	06:02.4	26622	82.5	147.5	-35.2	0	-20.98436595	55.17685338	310478.8701	7678502.561	40	K	342.975	771.325	310476.6729	7678502.434	310481.0673	7678502.688	86.69440299	Aug-11th-2024-09-50AM-Flight-Airdata	NA	4.40171852	NA	NA	adult
20240811013A	06:02.4	26622	82.5	147.5	-35.2	0	-20.98435866	55.17691402	310485.1657	7678503.44	40	K	293.355	751.615	310482.8532	7678503.145	310487.4783	7678503.735	82.73279604	Aug-11th-2024-09-50AM-Flight-Airdata	NA	4.662555524	NA	NA	adult
20240811013A	06:27.6	27372	82.6	135.2	-71.5	0	-20.98524414	55.17651415	310444.7049	7678404.93	40	K	1582.41	355.855	310446.3143	7678398.774	310443.0954	7678411.087	-14.65050463	Aug-11th-2024-09-50AM-Flight-Airdata	12.72671728	NA	NA	12.72671728	adult
20240811013A	11/08/2024 06:06	27419	82.6	130.2	-73.8	0	-20.98524791	55.17658093	310451.6533	7678404.592	40	K	1585.3	329.395	310453.6586	7678398.461	310449.648	7678410.723	-18.11255172	Aug-11th-2024-09-50AM-Flight-Airdata	12.90048735	NA	NA	12.90048735	adult
20240811013A	11/08/2024 06:06	27415	82.6	130.2	-73.8	0	-20.98524713	55.17658044	310451.6021	7678404.678	40	K	1585.08	330.41	310453.5901	7678398.648	310449.6141	7678410.708	-18.24606666	Aug-11th-2024-09-50AM-Flight-Airdata	12.69894718	NA	NA	12.69894718	adult
20240811013A	06:27.6	27372	82.6	135.2	-71.5	0	-20.98518315	55.1764976	310442.9074	7678411.663	40	K	1551.36	420.24	310441.3939	7678411.085	310444.4209	7678412.24	69.11290032	Aug-11th-2024-09-50AM-Flight-Airdata	3.239847957	NA	3.239847957	NA	adult
20240811013A	11/08/2024 06:06	27419	82.6	130.2	-73.8	0	-20.98519061	55.17656313	310449.7311	7678410.914	40	K	1549.89	390.04	310448.1719	7678410.427	310451.2903	7678411.401	72.65111002	Aug-11th-2024-09-50AM-Flight-Airdata	3.267082718	NA	3.267082718	NA	adult
20240811013A	06:33.6	27552	82.6	120	-87.2	0	-20.98524535	55.17670238	310464.2788	7678405.019	40	K	1730.54	348.395	310462.6041	7678404.554	310465.9534	7678405.485	74.46919956	Aug-11th-2024-09-50AM-Flight-Airdata	3.476307362	NA	3.476307362	NA	adult
20240811013A	06:37.6	27673	82.6	120	-90	0	-20.98527278	55.1766979	310463.8474	7678401.977	40	K	1790.935	336.645	310462.172	7678401.38	310465.5227	7678402.575	70.36987169	Aug-11th-2024-09-50AM-Flight-Airdata	3.557504154	NA	3.557504154	NA	adult
20240811013A	05:55.4	26412	82.5	139.5	-38.4	0	-20.98502891	55.17604359	310395.5053	7678428.201	40	K	1633.1	643.55	310394.0225	7678427.528	310396.9882	7678428.874	65.58729271	Aug-11th-2024-09-50AM-Flight-Airdata	3.256845399	NA	3.256845399	NA	adult
20240814001A	12:46.6	1323	77.9	34.9	-89.9	0	-21.04612984	55.18032694	310917.956	7671668.504	40	K	427.165	693.59	310917.734	7671666.894	310918.178	7671670.114	7.851914508	Aug-14th-2024-09-09AM-Flight-Airdata	NA	3.250189168	NA	NA	adult
20240814001A	12:46.6	1323	77.9	34.9	-89.9	0	-21.04611748	55.18021968	310906.7919	7671669.745	40	K	277.3	765.275	310906.4996	7671667.949	310907.0842	7671671.541	9.244355158	Aug-14th-2024-09-09AM-Flight-Airdata	NA	3.639462762	NA	NA	adult
20240814001A	12:23.6	638	77.8	313.9	-66.8	0	-21.04652393	55.17993594	310877.8146	7671624.408	40	K	296.84	427.885	310877.8441	7671626.249	310877.785	7671622.567	-179.0816862	Aug-14th-2024-09-09AM-Flight-Airdata	NA	3.682754322	NA	NA	adult
20240814001A	14/08/2024 05:12	1457	77.6	36.2	-90	0	-21.04612756	55.18038154	310923.6279	7671668.821	40	K	497.39	652.33	310923.263	7671666.994	310923.9928	7671670.647	11.29913116	Aug-14th-2024-09-09AM-Flight-Airdata	NA	3.724833834	NA	NA	adult
20240814001A	12:23.6	638	77.8	313.9	-66.8	0	-21.04649459	55.17990327	310874.3819	7671627.618	40	K	309.87	378.655	310874.2591	7671629.592	310874.5047	7671625.643	176.4411445	Aug-14th-2024-09-09AM-Flight-Airdata	NA	3.956721451	NA	NA	adult
20240814001A	12:24.6	666	77.8	314.5	-66.8	0	-21.04609205	55.18064495	310950.961	7671673.065	40	K	1509.01	713.325	310951.3095	7671675.068	310950.6125	7671671.061	-170.1327573	Aug-14th-2024-09-09AM-Flight-Airdata	4.067535338	NA	4.067535338	NA	adult
20240814001A	12:24.6	666	77.8	314.5	-66.8	0	-21.04610894	55.18069885	310956.5844	7671671.259	40	K	1564.96	788.635	310961.7509	7671669.63	310951.4178	7671672.887	-72.50604745	Aug-14th-2024-09-09AM-Flight-Airdata	10.83415888	NA	NA	10.83415888	adult
20240814001A	12:33.2	924	77.9	37.1	-66.8	0	-21.04646918	55.18085086	310972.8383	7671631.555	40	K	1509.125	771.865	310978.408	7671630.498	310967.2686	7671632.612	-79.25722503	Aug-14th-2024-09-09AM-Flight-Airdata	11.33815681	NA	NA	11.33815681	adult
20240814001A	12:33.2	924	77.9	37.1	-66.8	0	-21.04645838	55.18079183	310966.6893	7671632.681	40	K	1431.705	812.925	310967.2623	7671634.508	310966.1164	7671630.854	-162.5853542	Aug-14th-2024-09-09AM-Flight-Airdata	3.829047324	NA	3.829047324	NA	adult
20240814001A	12:36.4	1016	77.9	35	-87.9	0	-21.04646374	55.18083875	310971.5734	7671632.143	40	K	1491.41	401.89	310972.1492	7671633.957	310970.9977	7671630.329	-162.3903009	Aug-14th-2024-09-09AM-Flight-Airdata	3.806173867	NA	3.806173867	NA	adult
20240814001A	12:36.4	1016	77.9	35	-87.9	0	-21.04647386	55.18089641	310977.5791	7671631.091	40	K	1573.055	366.34	310983.136	7671629.979	310972.0223	7671632.202	-78.68735812	Aug-14th-2024-09-09AM-Flight-Airdata	11.33388722	NA	NA	11.33388722	adult
20240814001A	12:43.2	1221	78	35	-89.9	0	-21.04647559	55.1809815	310986.4254	7671631	40	K	1625.49	575.025	310987.0041	7671632.938	310985.8466	7671629.063	-163.3679584	Aug-14th-2024-09-09AM-Flight-Airdata	4.043870077	NA	4.043870077	NA	adult
20240814001A	12:21.2	561	78	313.9	-55.9	0	-21.04610019	55.18059572	310945.8546	7671672.105	40	K	1445.49	644	310946.1481	7671674.181	310945.5611	7671670.029	-171.9538098	Aug-14th-2024-09-09AM-Flight-Airdata	4.193646179	NA	4.193646179	NA	adult
20240814001A	12:21.2	561	78	313.9	-55.9	0	-21.04611446	55.18064712	310951.2146	7671670.586	40	K	1498.28	700.605	310956.3188	7671669.129	310946.1105	7671672.043	-74.06798286	Aug-14th-2024-09-09AM-Flight-Airdata	10.61605333	NA	NA	10.61605333	adult
20240814002A	13:11.4	2070	78	54.1	-89.9	0	-21.04599025	55.1806398	310950.2967	7671684.329	40	K	600.2	341.01	310949.8295	7671682.551	310950.764	7671686.107	14.72438548	Aug-14th-2024-09-09AM-Flight-Airdata	NA	3.676720888	NA	NA	adult
20240814002A	13:01.6	1776	77.9	46.6	-90	0	-21.04598489	55.18050961	310936.7587	7671684.768	40	K	487.25	431.5	310936.5042	7671682.934	310937.0133	7671686.603	7.899401867	Aug-14th-2024-09-09AM-Flight-Airdata	NA	3.704142058	NA	NA	adult
20240814002A	12:58.6	1686	77.8	46.6	-90	0	-21.0459728	55.18040528	310925.8995	7671685.984	40	K	356.93	532.145	310925.6243	7671684.112	310926.1747	7671687.855	8.364883162	Aug-14th-2024-09-09AM-Flight-Airdata	NA	3.783222959	NA	NA	adult
20240814002A	14/08/2024 05:12	1186	78	35	-90	0	-21.04601288	55.18016918	310901.4117	7671681.266	40	K	118.01	677.67	310901.1318	7671679.387	310901.6916	7671683.145	8.475198564	Aug-14th-2024-09-09AM-Flight-Airdata	NA	3.798658224	NA	NA	adult
20240814002A	12:23.8	640	77.8	313.9	-66.8	0	-21.04636191	55.17994864	310878.9306	7671642.361	40	K	502.46	317.84	310879.1041	7671644.412	310878.757	7671640.311	-175.1633023	Aug-14th-2024-09-09AM-Flight-Airdata	NA	4.116152385	NA	NA	adult
20240814002A	12:30.4	839	77.9	30.4	-66.8	0	-21.04632169	55.18071688	310958.7269	7671647.726	40	K	1213.725	739.665	310959.327	7671649.296	310958.1268	7671646.156	-159.0837889	Aug-14th-2024-09-09AM-Flight-Airdata	3.361903446	NA	3.361903446	NA	adult
20240814002A	12:30.4	839	77.9	30.4	-66.8	0	-21.04633105	55.18076751	310964.0017	7671646.749	40	K	1288.32	713.605	310969.0038	7671645.751	310958.9995	7671647.747	-78.72149337	Aug-14th-2024-09-09AM-Flight-Airdata	10.20128869	NA	NA	10.20128869	adult
20240814002A	12:47.2	1340	77.8	31.1	-89.9	0	-21.04634423	55.18089326	310977.0879	7671645.439	40	K	1389.36	508.865	310977.4226	7671647.158	310976.7533	7671643.72	-168.9826774	Aug-14th-2024-09-09AM-Flight-Airdata	3.50249317	NA	3.50249317	NA	adult
20240814002A	12:49.8	1418	77.6	28.1	-90	0	-21.04635151	55.18096538	310984.5933	7671644.719	40	K	1497.465	486.91	310989.1672	7671643.344	310980.0194	7671646.094	-73.26764848	Aug-14th-2024-09-09AM-Flight-Airdata	9.552256888	NA	NA	9.552256888	adult
20240814002A	14/08/2024 05:12	1514	77.7	39.4	-89.9	0	-21.04640321	55.18095654	310983.739	7671638.984	40	K	1519.85	462.42	310988.6455	7671637.501	310978.8326	7671640.468	-73.17732198	Aug-14th-2024-09-09AM-Flight-Airdata	10.25162326	NA	NA	10.25162326	adult
20240814002A	14/08/2024 05:12	1514	77.7	39.4	-89.9	0	-21.04638805	55.18090924	310978.8044	7671640.606	40	K	1446.79	488.6	310979.4206	7671642.308	310978.1882	7671638.904	-160.1002375	Aug-14th-2024-09-09AM-Flight-Airdata	3.62069225	NA	3.62069225	NA	adult
20240814002A	14/08/2024 05:12	1697	77.9	46.6	-90	0	-21.0464178	55.18094442	310982.4975	7671637.355	40	K	1508.025	424.41	310983.2153	7671638.91	310981.7798	7671635.799	-155.2263637	Aug-14th-2024-09-09AM-Flight-Airdata	3.425824578	NA	3.425824578	NA	adult
20240814002A	14/08/2024 05:12	1697	77.9	46.6	-90	0	-21.04643443	55.18099227	310987.4928	7671635.57	40	K	1578.925	390.92	310992.4407	7671634.159	310982.5449	7671636.981	-74.08612111	Aug-14th-2024-09-09AM-Flight-Airdata	10.29015118	NA	NA	10.29015118	adult
20240814003A	13:40.6	2945	77.6	311.8	-71.1	0	-21.04642606	55.1801659	310901.592	7671635.517	40	K	348.97	424.99	310902.5464	7671636.834	310900.6376	7671634.2	-144.0710177	Aug-14th-2024-09-09AM-Flight-Airdata	NA	3.252997151	NA	NA	adult
20240814003A	14:30.6	4443	77.3	63.2	-84.6	0	-21.04624846	55.18090327	310978.0069	7671656.054	40	K	360.55	744.995	310977.137	7671654.523	310978.8767	7671657.586	29.59786142	Aug-14th-2024-09-09AM-Flight-Airdata	NA	3.522422148	NA	NA	adult
20240814003A	14:25.6	4292	77.3	63.2	-84.6	0	-21.04619802	55.18082048	310969.3385	7671661.54	40	K	246.16	823.91	310968.5502	7671659.921	310970.1268	7671663.159	25.96300353	Aug-14th-2024-09-09AM-Flight-Airdata	NA	3.601126967	NA	NA	adult
20240814003A	13:32.4	2699	77.3	289.6	-59.8	0	-21.04595858	55.18058489	310944.5503	7671687.771	40	K	1349.24	692.22	310945.0242	7671689.474	310944.0763	7671686.068	-164.4469915	Aug-14th-2024-09-09AM-Flight-Airdata	3.535265613	NA	3.535265613	NA	adult
20240814003A	13:57.4	3449	77.3	39.8	-78.4	0	-21.04645681	55.18097289	310985.5059	7671633.069	40	K	1648.985	523.99	310986.2438	7671634.717	310984.7679	7671631.421	-155.8731606	Aug-14th-2024-09-09AM-Flight-Airdata	3.610552842	NA	3.610552842	NA	adult
20240814003A	13:58.6	3484	77.2	42.1	-84.9	0	-21.04649646	55.18094336	310982.4871	7671628.644	40	K	1628.715	483.96	310983.3516	7671630.179	310981.6227	7671627.109	-150.6132328	Aug-14th-2024-09-09AM-Flight-Airdata	3.523360805	NA	3.523360805	NA	adult
20240814003A	14:07.8	3756	77.5	81.2	-89.9	0	-21.04661101	55.18091489	310979.6731	7671615.928	40	K	1696.615	350.17	310980.7875	7671617.393	310978.5586	7671614.462	-142.7523846	Aug-14th-2024-09-09AM-Flight-Airdata	3.682509588	NA	3.682509588	NA	adult
20240814003A	14:07.8	3756	77.5	81.2	-89.9	0	-21.04664629	55.1809579	310984.1878	7671612.073	40	K	1764.525	294.93	310988.3714	7671608.712	310980.0042	7671615.435	-51.22090668	Aug-14th-2024-09-09AM-Flight-Airdata	10.73306942	NA	NA	10.73306942	adult
20240814003A	14/08/2024 05:14	3974	77.3	106.4	-84.6	0	-21.04673745	55.18093928	310982.3672	7671601.958	40	K	1570.375	699.08	310987.1455	7671599.209	310977.5889	7671604.707	-60.08537313	Aug-14th-2024-09-09AM-Flight-Airdata	11.0255982	NA	NA	11.0255982	adult
20240814003A	14:21.6	4174	77.4	57.9	-84.6	0	-21.04676229	55.18125383	311015.0919	7671599.581	40	K	1445.595	685.95	311019.5627	7671596.775	311010.6211	7671602.388	-57.88011203	Aug-14th-2024-09-09AM-Flight-Airdata	10.55757907	NA	NA	10.55757907	adult
20240814003A	14:21.6	4174	77.4	57.9	-84.6	0	-21.04673365	55.18120801	311010.2932	7671602.698	40	K	1366.55	721.285	311011.3714	7671604.155	311009.2149	7671601.241	-143.5001728	Aug-14th-2024-09-09AM-Flight-Airdata	3.62540399	NA	3.62540399	NA	adult
20240814003A	14:24.2	4249	77.3	58.3	-84.6	0	-21.04674823	55.18123257	311012.8641	7671601.112	40	K	1404.14	697.215	311014.0571	7671602.462	311011.671	7671599.762	-138.5364048	Aug-14th-2024-09-09AM-Flight-Airdata	3.603587867	NA	3.603587867	NA	adult
20240814003A	14:25.4	4283	77.3	63.2	-84.6	0	-21.04679424	55.18126812	311016.6176	7671596.061	40	K	1501.265	646.96	311020.9926	7671592.993	311012.2427	7671599.129	-54.95955369	Aug-14th-2024-09-09AM-Flight-Airdata	10.68691557	NA	NA	10.68691557	adult
20240814004A	14:19.4	4108	77.3	57.9	-84.6	0	-21.04616651	55.18082602	310969.875	7671665.035	40	K	333.765	768.165	310969.1224	7671663.464	310970.6276	7671666.607	25.59264693	Aug-14th-2024-09-09AM-Flight-Airdata	NA	3.484590628	NA	NA	adult
20240814004A	14:38.2	4671	77.4	68.7	-84.6	0	-21.04619107	55.18098307	310986.2291	7671662.503	40	K	327.975	652.325	310985.241	7671661.001	310987.2171	7671664.005	33.33499088	Aug-14th-2024-09-09AM-Flight-Airdata	NA	3.59583283	NA	NA	adult
20240814004A	14:24.8	4265	77.3	63.2	-84.6	0	-21.04615664	55.18087881	310975.3486	7671666.191	40	K	227.335	718.93	310974.1734	7671664.775	310976.5237	7671667.607	39.68645594	Aug-14th-2024-09-09AM-Flight-Airdata	NA	3.680420433	NA	NA	adult
20240814004A	14:18.2	4072	77.2	57.9	-84.6	0	-21.04613666	55.18077299	310964.3256	7671668.277	40	K	271.505	815.95	310963.39	7671666.577	310965.2612	7671669.978	28.81807473	Aug-14th-2024-09-09AM-Flight-Airdata	NA	3.881874158	NA	NA	adult
20240814004A	14/08/2024 05:14	4363	77.4	63.2	-84.6	0	-21.04679782	55.18136191	311026.3698	7671595.776	40	K	1564.185	525.765	311031.0236	7671592.556	311021.7161	7671598.995	-55.32479941	Aug-14th-2024-09-09AM-Flight-Airdata	11.31759976	NA	NA	11.31759976	adult
20240814004A	14/08/2024 05:14	4365	77.4	63.2	-84.6	0	-21.04676519	55.18131431	311021.3814	7671599.331	40	K	1484.8	565.46	311022.5661	7671600.787	311020.1966	7671597.875	-140.862819	Aug-14th-2024-09-09AM-Flight-Airdata	3.75410252	NA	3.75410252	NA	adult
20240814004A	14/08/2024 05:13	2897	77.4	300.8	-71.1	0	-21.04595397	55.18069768	310956.2675	7671688.415	40	K	1365.62	543.02	310956.6413	7671690.167	310955.8936	7671686.663	-167.9546547	Aug-14th-2024-09-09AM-Flight-Airdata	3.582644011	NA	3.582644011	NA	adult
20240814004A	14:02.4	3598	77.2	42.1	-87.9	0	-21.04647086	55.18113843	311002.7292	7671631.709	40	K	1784.19	368.515	311007.3945	7671628.945	310998.0639	7671634.474	-59.35141542	Aug-14th-2024-09-09AM-Flight-Airdata	10.84569622	NA	NA	10.84569622	adult
20240814004A	14:07.6	3753	77.5	75.9	-89.9	0	-21.04661232	55.18104858	310993.5695	7671615.941	40	K	1763.025	222.57	310998.2963	7671612.822	310988.8427	7671619.06	-56.57783556	Aug-14th-2024-09-09AM-Flight-Airdata	11.32669385	NA	NA	11.32669385	adult
20240814004A	14:15.4	3987	77.3	104.3	-84.6	0	-21.04671914	55.18100764	310989.4489	7671604.067	40	K	1504.7	634.13	310994.3	7671600.929	310984.5978	7671607.204	-57.107747	Aug-14th-2024-09-09AM-Flight-Airdata	11.55445866	NA	NA	11.55445866	adult
20240814004A	14:14.6	3963	77.2	106.4	-84.6	0	-21.04668143	55.1809458	310982.9743	7671608.168	40	K	1482.735	701.485	310983.9914	7671609.713	310981.9572	7671606.624	-146.6302727	Aug-14th-2024-09-09AM-Flight-Airdata	3.698273788	NA	3.698273788	NA	adult
20240814004A	14:23.4	4227	77.3	57.9	-84.6	0	-21.04675513	55.18133181	311023.1872	7671600.466	40	K	1491.08	579.525	311027.6912	7671597.245	311018.6832	7671603.688	-54.42709864	Aug-14th-2024-09-09AM-Flight-Airdata	11.07483616	NA	NA	11.07483616	adult
20240814004A	14:23.4	4227	77.3	57.9	-84.6	0	-21.04672392	55.18128732	311018.524	7671603.869	40	K	1410.81	609.93	311019.7049	7671605.287	311017.3432	7671602.45	-140.2210597	Aug-14th-2024-09-09AM-Flight-Airdata	3.691150672	NA	3.691150672	NA	adult
20240814005A	20:31.4	15256	72.7	132.3	-49.1	0	-21.04782706	55.18567903	311476.368	7671486.934	40	K	406.89	483.63	311475.757	7671485.187	311476.979	7671488.682	19.27146692	Aug-14th-2024-09-09AM-Flight-Airdata	NA	3.702568931	NA	NA	adult
20240814005A	20:52.2	15881	72.6	131.5	-31.2	0	-21.0478651	55.18591917	311501.3743	7671483.007	40	K	345.355	678.39	311500.8642	7671481.066	311501.8843	7671484.947	14.72971193	Aug-14th-2024-09-09AM-Flight-Airdata	NA	4.012001543	NA	NA	adult
20240814005A	14/08/2024 05:20	15754	72.5	131.5	-50.4	0	-21.04783432	55.18576438	311485.2482	7671486.231	40	K	377.925	400.38	311484.4725	7671484.324	311486.024	7671488.138	22.13620591	Aug-14th-2024-09-09AM-Flight-Airdata	NA	4.117431784	NA	NA	adult
20240814005A	20:27.8	15147	72.7	133.9	-49.1	0	-21.04837487	55.18522004	311429.3529	7671425.74	40	K	1289.945	428.895	311430.0631	7671427.314	311428.6427	7671424.167	-155.7090568	Aug-14th-2024-09-09AM-Flight-Airdata	3.452864969	NA	3.452864969	NA	adult
20240814005A	20:38.6	15471	72.7	132.3	-37.7	0	-21.04849389	55.18530394	311438.2231	7671412.662	40	K	1316.995	555	311439.1518	7671414.113	311437.2943	7671411.211	-147.3850525	Aug-14th-2024-09-09AM-Flight-Airdata	3.446132662	NA	3.446132662	NA	adult
20240729001J	59:39.6	5143	90.1	321.9	-90	0	-21.01002753	55.20946244	313901.3293	7675699.791	40	K	470.715	670.02	313901.955	7675700.075	313900.7036	7675699.506	-114.4544852	Jul-29th-2024-03-56PM-Flight-Airdata	NA	1.374767819	NA	NA	calf
20240814005A	20:35.2	15368	72.7	132.3	-37.7	0	-21.04846891	55.18526494	311434.1386	7671415.382	40	K	1337.52	584.33	311435.0678	7671416.915	311433.2094	7671413.848	-148.7846733	Aug-14th-2024-09-09AM-Flight-Airdata	3.585839582	NA	3.585839582	NA	adult
20240814005A	20:35.6	15382	72.7	132.3	-37.7	0	-21.04851251	55.18530363	311438.2148	7671410.6	40	K	1329.455	548.155	311441.7601	7671406.499	311434.6695	7671414.701	-40.84335067	Aug-14th-2024-09-09AM-Flight-Airdata	10.84195205	NA	NA	10.84195205	adult
20240729001J	59:52.8	5539	90.1	323.9	-89.9	0	-21.00952087	55.2093956	313893.7522	7675755.807	40	K	423.975	351	313894.5434	7675756.298	313892.9609	7675755.315	-121.8373638	Jul-29th-2024-03-56PM-Flight-Airdata	NA	1.862757022	NA	NA	calf
20240814005A	20:13.2	14712	72.5	135.2	-42	0	-21.04837715	55.18511447	311418.3832	7671425.362	40	K	1372.96	493.165	311422.2834	7671421.634	311414.4829	7671429.091	-46.28702488	Aug-14th-2024-09-09AM-Flight-Airdata	10.79195302	NA	NA	10.79195302	adult
20240814005A	20:13.2	14712	72.5	135.2	-42	0	-21.04834135	55.18507623	311414.3645	7671429.281	40	K	1389.08	527.87	311415.034	7671430.99	311413.695	7671427.572	-158.6112716	Aug-14th-2024-09-09AM-Flight-Airdata	3.671520706	NA	3.671520706	NA	adult
20240814005A	20:17.2	14827	72.7	136.6	-42.3	0	-21.04833875	55.18508491	311415.2627	7671429.579	40	K	1357.805	556.46	311415.9952	7671431.268	311414.5302	7671427.891	-156.5499689	Aug-14th-2024-09-09AM-Flight-Airdata	3.681298229	NA	3.681298229	NA	adult
20240729001J	02:32.2	10315	90.1	50.2	-90	0	-21.00568894	55.20979504	313930.525	7676180.518	40	K	344.43	489.645	313931.0044	7676181.35	313930.0456	7676179.685	-150.0718681	Jul-29th-2024-03-56PM-Flight-Airdata	NA	1.921601063	NA	NA	calf
20240729001J	02:51.4	10892	89.9	335.4	-72.2	0	-21.00554026	55.20967096	313917.4403	7676196.834	40	K	531.975	569.92	313918.3384	7676197.174	313916.5421	7676196.494	-110.7384711	Jul-29th-2024-03-56PM-Flight-Airdata	NA	1.920806916	NA	NA	calf
20240729001J	02:57.4	11073	89.8	335.4	-82.3	0	-21.00547019	55.20982193	313933.0483	7676204.767	40	K	515.185	702.73	313933.6042	7676205.085	313932.4924	7676204.449	-119.7385046	Jul-29th-2024-03-56PM-Flight-Airdata	NA	1.280387251	NA	NA	calf
20240729001J	29/07/2024 12:03	11147	89.8	336.5	-67.7	0	-21.00524224	55.20967345	313917.3293	7676229.832	40	K	480.895	641.43	313918.1665	7676230.266	313916.492	7676229.397	-117.4483847	Jul-29th-2024-03-56PM-Flight-Airdata	NA	1.88687656	NA	NA	calf
20240729001J	03:25.6	11915	89.7	337.1	-50.8	0	-21.00508429	55.20964487	313914.1622	7676247.285	40	K	544.485	791.81	313914.8397	7676247.669	313913.4847	7676246.901	-119.5595168	Jul-29th-2024-03-56PM-Flight-Airdata	NA	1.557728449	NA	NA	calf
20240729001J	03:25.6	11915	89.7	337.1	-50.8	0	-21.00511907	55.2096823	313918.0965	7676243.478	40	K	557.44	842.885	313918.913	7676243.733	313917.28	7676243.223	-107.3328343	Jul-29th-2024-03-56PM-Flight-Airdata	NA	1.710658197	NA	NA	calf
20240814005A	14/08/2024 05:20	15213	72.6	132.3	-49.1	0	-21.04845317	55.18525779	311433.3754	7671417.116	40	K	1338.01	374.405	311437.1278	7671413.426	311429.623	7671420.807	-45.4757864	Aug-14th-2024-09-09AM-Flight-Airdata	10.52632897	NA	NA	10.52632897	adult
20240814005A	20:31.6	15261	72.7	132.3	-49.1	0	-21.04846224	55.18526267	311433.8941	7671416.117	40	K	1339.96	368.285	311437.7817	7671412.314	311430.0065	7671419.921	-45.62472654	Aug-14th-2024-09-09AM-Flight-Airdata	10.87772778	NA	NA	10.87772778	adult
20240814005A	20:35.2	15371	72.7	132.3	-37.7	0	-21.04850939	55.1853002	311437.8541	7671410.941	40	K	1331.17	550.845	311441.3352	7671406.881	311434.3731	7671415.001	-40.61031002	Aug-14th-2024-09-09AM-Flight-Airdata	10.69600569	NA	NA	10.69600569	adult
20240729001J	58:59.4	3938	90.4	316	-89.9	0	-21.01028084	55.20979652	313936.3752	7675672.135	40	K	1410.14	404.42	313935.0084	7675673.59	313937.7421	7675670.681	136.7802871	Jul-29th-2024-03-56PM-Flight-Airdata	3.991949728	NA	NA	3.991949728	calf
20240814006A	20:29.2	15187	72.7	132.3	-49.1	0	-21.04783902	55.18532278	311439.3567	7671485.189	40	K	673.33	730.515	311438.7134	7671483.671	311439.9999	7671486.707	22.96877894	Aug-14th-2024-09-09AM-Flight-Airdata	NA	3.296969507	NA	NA	adult
20240729001J	59:16.6	4454	90.3	316	-90	0	-21.00986912	55.20992064	313948.7671	7675717.863	40	K	1375.28	611.28	313947.209	7675719.694	313950.3251	7675716.031	139.6101143	Jul-29th-2024-03-56PM-Flight-Airdata	4.808940281	NA	NA	4.808940281	calf
20240729001J	59:49.2	5432	90.1	323.9	-90	0	-21.009204	55.20990462	313946.2766	7675791.481	40	K	1459.225	260.76	313944.8428	7675793.396	313947.7105	7675789.565	143.1808055	Jul-29th-2024-03-56PM-Flight-Airdata	4.785080714	NA	NA	4.785080714	calf
20240814006A	20:35.6	15380	72.7	132.3	-37.7	0	-21.04791015	55.18546527	311454.2555	7671477.481	40	K	638.57	788.445	311453.1447	7671476.217	311455.3663	7671478.745	41.3049828	Aug-14th-2024-09-09AM-Flight-Airdata	NA	3.365670045	NA	NA	adult
20240729001J	00:17.4	6274	90.1	323.9	-90	0	-21.00850783	55.20994166	313949.2644	7675868.6	40	K	1441.14	342.875	313947.8299	7675870.443	313950.699	7675866.756	142.1147429	Jul-29th-2024-03-56PM-Flight-Airdata	4.672230519	NA	NA	4.672230519	calf
20240814006A	14/08/2024 05:20	14973	72.7	136.6	-44.2	0	-21.04781784	55.18527924	311434.804	7671487.482	40	K	668.26	805.81	311434.1506	7671485.761	311435.4575	7671489.203	20.79127055	Aug-14th-2024-09-09AM-Flight-Airdata	NA	3.681507531	NA	NA	adult
20240814006A	20:48.6	15773	72.6	131.5	-50	0	-21.04789614	55.18546911	311454.6369	7671479.038	40	K	639.3	555.315	311453.3927	7671477.511	311455.8811	7671480.564	39.18218678	Aug-14th-2024-09-09AM-Flight-Airdata	NA	3.938576064	NA	NA	adult
20240814006A	21:04.2	16236	72.4	127.9	-41.1	0	-21.04794099	55.18573529	311482.3588	7671474.387	40	K	584.27	525.625	311481.4332	7671472.449	311483.2844	7671476.324	25.53709129	Aug-14th-2024-09-09AM-Flight-Airdata	NA	4.294153139	NA	NA	adult
20240814006A	14/08/2024 05:20	15241	72.7	132.3	-49.1	0	-21.04863801	55.18521535	311429.1971	7671396.601	40	K	1497.175	310.765	311433.0983	7671392.56	311425.2959	7671400.642	-43.99086182	Aug-14th-2024-09-09AM-Flight-Airdata	11.23379501	NA	NA	11.23379501	adult
20240814006A	20:44.4	15644	72.6	131.6	-37	0	-21.04869105	55.18536674	311444.9984	7671390.908	40	K	1392.875	469.81	311448.9779	7671386.965	311441.0188	7671394.852	-45.26359322	Aug-14th-2024-09-09AM-Flight-Airdata	11.20453429	NA	NA	11.20453429	adult
20240729001J	58:57.2	3871	90.3	316	-89.9	0	-21.01038988	55.20982662	313939.639	7675660.098	40	K	1395.245	439.22	313940.0798	7675660.412	313939.1982	7675659.783	-125.5045024	Jul-29th-2024-03-56PM-Flight-Airdata	1.082928168	NA	1.082928168	NA	calf
20240729001J	59:06.4	4150	90.2	316	-89.9	0	-21.01013622	55.20986591	313943.4092	7675688.226	40	K	1470.95	567.86	313943.9903	7675688.754	313942.828	7675687.699	-132.2343522	Jul-29th-2024-03-56PM-Flight-Airdata	1.569730138	NA	1.569730138	NA	calf
20240729001J	59:49.4	5434	90.1	323.9	-89.9	0	-21.00921544	55.20992205	313948.1028	7675790.235	40	K	1456.595	290.96	313948.7999	7675790.566	313947.4056	7675789.904	-115.3855784	Jul-29th-2024-03-56PM-Flight-Airdata	1.543418217	NA	1.543418217	NA	calf
20240729001J	00:17.4	6277	90.1	323.9	-90	0	-21.00852663	55.2099567	313950.8505	7675866.536	40	K	1442.285	374.73	313951.3868	7675866.905	313950.3142	7675866.166	-124.5626264	Jul-29th-2024-03-56PM-Flight-Airdata	1.302513556	NA	1.302513556	NA	calf
20240729001J	29/07/2024 12:00	6381	90.1	323.9	-89.9	0	-21.00845439	55.20996992	313952.136	7675874.549	40	K	1463.365	392.58	313952.7061	7675874.986	313951.5659	7675874.113	-127.4387081	Jul-29th-2024-03-56PM-Flight-Airdata	1.4359956	NA	1.4359956	NA	calf
20240729009J	32:56.8	1524	90.7	63.5	-64.1	0	-21.00598108	55.22433545	315442.5417	7676165.041	40	K	330.72	514.21	315441.9353	7676164.388	315443.1481	7676165.694	42.88072934	Jul-29th-2024-04-31PM-Flight-Airdata	NA	1.782336527	NA	NA	calf
20240729009J	29/07/2024 12:33	2940	90.6	79.5	-84.8	0	-21.0065725	55.2245143	315461.8628	7676099.77	40	K	200.895	596.885	315461.3406	7676099.587	315462.3851	7676099.953	70.65417553	Jul-29th-2024-04-31PM-Flight-Airdata	NA	1.107009715	NA	NA	calf
20240729009J	29/07/2024 12:33	2940	90.6	79.5	-84.8	0	-21.0066338	55.22452375	315462.9207	7676092.994	40	K	288.65	599.785	315462.4774	7676092.435	315463.3641	7676093.553	38.41863234	Jul-29th-2024-04-31PM-Flight-Airdata	NA	1.426987247	NA	NA	calf
20240729009J	29/07/2024 12:33	3058	90.6	79.5	-84.8	0	-21.00659511	55.22451476	315461.9383	7676097.268	40	K	222.655	595.44	315461.1814	7676097.03	315462.6952	7676097.505	72.56359842	Jul-29th-2024-04-31PM-Flight-Airdata	NA	1.586639016	NA	NA	calf
20240729009J	34:54.8	5060	88.1	20.7	-75.5	0	-21.0071638	55.22438472	315449.1193	7676034.156	40	K	620.1	623.72	315448.4985	7676034.139	315449.74	7676034.174	88.39963968	Jul-29th-2024-04-31PM-Flight-Airdata	NA	1.241970173	NA	NA	calf
20240729009J	29/07/2024 12:32	1259	90.6	73.2	-61.3	0	-21.00582769	55.22432335	315441.0947	7676182.009	40	K	203.73	467.22	315440.5194	7676181.398	315441.67	7676182.621	43.26409351	Jul-29th-2024-04-31PM-Flight-Airdata	NA	1.678805302	NA	NA	calf
20240814006A	14/08/2024 05:21	16499	72.3	127.9	-36.1	0	-21.04894525	55.18557243	311466.6965	7671363.008	40	K	1442.605	366.82	311471.8003	7671360.952	311461.5927	7671365.064	-68.05811159	Aug-14th-2024-09-09AM-Flight-Airdata	11.00473718	NA	NA	11.00473718	adult
20240814006A	21:18.2	16657	72.3	127.9	-31.9	0	-21.04893851	55.18558399	311467.89	7671363.767	40	K	1428.67	451.135	311467.4791	7671361.722	311468.301	7671365.812	11.36218962	Aug-14th-2024-09-09AM-Flight-Airdata	4.171917543	NA	4.171917543	NA	adult
20240814006A	20:46.6	15711	72.5	131.5	-50.4	0	-21.04870674	55.18531474	311439.6139	7671389.11	40	K	1464.95	215.365	311440.5063	7671390.813	311438.7216	7671387.407	-152.344574	Aug-14th-2024-09-09AM-Flight-Airdata	3.845085508	NA	3.845085508	NA	adult
20240729009J	29/07/2024 12:32	1438	90.7	63.5	-61.3	0	-21.0061143	55.22437064	315446.3641	7676150.333	40	K	513	585.245	315445.5542	7676149.956	315447.174	7676150.709	65.04850726	Jul-29th-2024-04-31PM-Flight-Airdata	NA	1.786539933	NA	NA	calf
20240814006A	20:09.6	14599	72.6	137.5	-33.1	0	-21.04852445	55.18494701	311401.1643	7671408.857	40	K	1489.36	473.065	311402.1543	7671410.769	311400.1743	7671406.945	-152.6210341	Aug-14th-2024-09-09AM-Flight-Airdata	4.305713022	NA	4.305713022	NA	adult
20240814006A	14/08/2024 05:20	14673	72.5	135.1	-42	0	-21.04850621	55.18501317	311408.018	7671410.954	40	K	1521.89	407.875	311408.9762	7671412.879	311407.0597	7671409.03	-153.5312148	Aug-14th-2024-09-09AM-Flight-Airdata	4.29980217	NA	4.29980217	NA	adult
20240814006A	20:20.6	14931	72.7	136.6	-44.2	0	-21.0485353	55.18506714	311413.6641	7671407.797	40	K	1484.265	426.26	311414.7474	7671409.577	311412.5808	7671406.017	-148.6754795	Aug-14th-2024-09-09AM-Flight-Airdata	4.167279882	NA	4.167279882	NA	adult
20240729009J	37:44.6	10146	90.4	125.5	-89.9	0	-21.00807284	55.22481912	315495.3978	7675934.015	40	K	473.86	489.255	315494.7852	7675933.985	315496.0103	7675934.046	87.16180596	Jul-29th-2024-04-31PM-Flight-Airdata	NA	1.226553958	NA	NA	calf
20240729009J	38:13.8	11023	90.1	113.3	-90	0	-21.008272	55.22469628	315482.8724	7675911.825	40	K	310.87	599.145	315482.2857	7675911.74	315483.4592	7675911.909	81.79162444	Jul-29th-2024-04-31PM-Flight-Airdata	NA	1.185591115	NA	NA	calf
20240729009J	39:03.2	12504	90.1	116.6	-89.9	0	-21.00858707	55.22474054	315487.8616	7675876.993	40	K	356.105	704.19	315487.0869	7675876.65	315488.6364	7675877.337	66.11574546	Jul-29th-2024-04-31PM-Flight-Airdata	NA	1.694652731	NA	NA	calf
20240814007A	14/08/2024 05:22	18480	70.8	240.3	-83	0	-21.05061992	55.18102578	310996.2605	7671172.213	40	K	369.965	632.06	310994.9124	7671171.294	310997.6086	7671173.132	55.71282419	Aug-14th-2024-09-09AM-Flight-Airdata	NA	3.263310967	NA	NA	adult
20240814007A	14/08/2024 05:22	18480	70.8	240.3	-83	0	-21.05068973	55.1810701	311000.955	7671164.536	40	K	219.375	634.955	310999.4335	7671163.484	311002.4765	7671165.588	55.34168007	Aug-14th-2024-09-09AM-Flight-Airdata	NA	3.699528326	NA	NA	adult
20240729009J	39:36.2	13493	89.8	116.6	-90	0	-21.00886177	55.22479122	315493.4676	7675846.639	40	K	401.345	542.92	315492.9075	7675846.316	315494.0277	7675846.962	60.05008778	Jul-29th-2024-04-31PM-Flight-Airdata	NA	1.292771069	NA	NA	calf
20240814007A	22:11.4	18252	70.6	250.2	-76.3	0	-21.05024317	55.18084496	310976.992	7671213.71	40	K	1164.84	795.675	310975.5605	7671212.905	310978.4235	7671214.516	60.63175583	Aug-14th-2024-09-09AM-Flight-Airdata	3.285234809	NA	3.285234809	NA	adult
20240814007A	22:16.4	18404	70.7	240.3	-83.7	0	-21.05030322	55.18083553	310976.0877	7671207.05	40	K	1059.92	616.415	310974.8974	7671206.011	310977.2779	7671208.09	48.86721874	Aug-14th-2024-09-09AM-Flight-Airdata	3.160549821	NA	3.160549821	NA	adult
20240814007A	22:17.2	18428	70.7	240.3	-83.7	0	-21.05031409	55.18084183	310976.7564	7671205.855	40	K	1031.695	616.73	310975.4153	7671204.908	310978.0974	7671206.802	54.77391914	Aug-14th-2024-09-09AM-Flight-Airdata	3.283302561	NA	3.283302561	NA	adult
20240814007A	22:09.4	18192	70.5	250.2	-76.3	0	-21.05026895	55.18085996	310978.5833	7671210.874	40	K	1105.99	807.47	310981.018	7671206.877	310976.1485	7671214.87	-31.34945286	Aug-14th-2024-09-09AM-Flight-Airdata	9.359919222	NA	NA	9.359919222	adult
20240814007A	22:11.8	18266	70.6	250.2	-76.3	0	-21.0502827	55.18087355	310980.0136	7671209.368	40	K	1069.26	820.945	310982.5028	7671205.382	310977.5243	7671213.353	-31.99023896	Aug-14th-2024-09-09AM-Flight-Airdata	9.397384389	NA	NA	9.397384389	adult
20240814007A	22:02.8	17994	70.6	241.1	-79.8	0	-21.05024207	55.1807829	310970.5401	7671213.759	40	K	1217.235	666.385	310972.7356	7671209.627	310968.3447	7671217.891	-27.98245063	Aug-14th-2024-09-09AM-Flight-Airdata	9.358167028	NA	NA	9.358167028	adult
20240814007A	22:03.4	18010	70.6	248.7	-79.8	0	-21.05018939	55.18079896	310972.1431	7671219.61	40	K	1291.215	691.22	310970.6591	7671219.038	310973.627	7671220.181	68.94473432	Aug-14th-2024-09-09AM-Flight-Airdata	3.180194696	NA	3.180194696	NA	adult
20240814007A	22:04.8	18051	70.5	250.2	-76.9	0	-21.05024633	55.18081247	310973.6186	7671213.322	40	K	1177.7	731.76	310975.9496	7671209.202	310971.2875	7671217.442	-29.50072063	Aug-14th-2024-09-09AM-Flight-Airdata	9.467478738	NA	NA	9.467478738	adult
20240814008A	22:04.8	18051	70.5	250.2	-76.9	0	-21.05078127	55.18074442	310967.2218	7671154.015	40	K	306.25	347.52	310965.7794	7671153.099	310968.6642	7671154.932	57.57290454	Aug-14th-2024-09-09AM-Flight-Airdata	NA	3.417748249	NA	NA	adult
20240814008A	22:04.8	18051	70.5	250.2	-76.9	0	-21.05068772	55.18068292	310960.7116	7671164.3	40	K	498.115	311.32	310959.1219	7671163.37	310962.3013	7671165.229	59.69360199	Aug-14th-2024-09-09AM-Flight-Airdata	NA	3.682647968	NA	NA	adult
20240814009A	17:22.4	9590	78.4	108.5	-50.4	0	-21.04627434	55.18317865	311214.5337	7671655.884	40	K	285.255	514.04	311215.8031	7671657.349	311213.2643	7671654.42	-139.0842591	Aug-14th-2024-09-09AM-Flight-Airdata	NA	3.876256257	NA	NA	adult
20240814009A	17:22.4	9590	78.4	108.5	-50.4	0	-21.04621872	55.18300602	311196.5213	7671661.838	40	K	202.72	682.735	311197.6954	7671663.423	311195.3472	7671660.254	-143.4616208	Aug-14th-2024-09-09AM-Flight-Airdata	NA	3.944143092	NA	NA	adult
20240814009A	17:22.4	9590	78.4	108.5	-50.4	0	-21.04712411	55.1830012	311197.1623	7671561.593	40	K	1357.805	414.23	311197.9511	7671562.995	311196.3735	7671560.19	-150.6473338	Aug-14th-2024-09-09AM-Flight-Airdata	3.218291914	NA	3.218291914	NA	adult
20240814009A	14/08/2024 05:17	9698	78.5	108.5	-42.7	0	-21.04715934	55.18301591	311198.7355	7671557.709	40	K	1382.48	545.96	311199.3957	7671559.208	311198.0754	7671556.21	-156.2325324	Aug-14th-2024-09-09AM-Flight-Airdata	3.275984845	NA	3.275984845	NA	adult
20240814009A	17:25.8	9692	78.5	108.5	-42.7	0	-21.0471544	55.18300836	311197.9438	7671558.247	40	K	1382.165	551.985	311198.6402	7671559.716	311197.2474	7671556.778	-154.6362729	Aug-14th-2024-09-09AM-Flight-Airdata	3.251479596	NA	3.251479596	NA	adult
20240729009J	32:41.4	1058	90.7	69.7	-47.6	0	-21.00670339	55.22464468	315475.5781	7676085.43	40	K	1447.755	578.175	315476.9438	7676083.445	315474.2124	7676087.414	-34.53298448	Jul-29th-2024-04-31PM-Flight-Airdata	4.818172802	NA	NA	4.818172802	calf
20240729009J	33:04.2	1747	90.7	80.3	-74.2	0	-21.00702866	55.22471143	315482.9179	7676049.495	40	K	1554.445	571.115	315483.8904	7676047.343	315481.9454	7676051.647	-24.32200342	Jul-29th-2024-04-31PM-Flight-Airdata	4.722479675	NA	NA	4.722479675	calf
20240729009J	33:08.2	1864	90.6	80.3	-87.7	0	-21.00708667	55.22472379	315484.2742	7676043.087	40	K	1593.58	410.93	315485.0523	7676040.947	315483.4961	7676045.226	-19.98382195	Jul-29th-2024-04-31PM-Flight-Airdata	4.553596711	NA	NA	4.553596711	calf
20240729009J	33:13.6	2024	90.6	80.3	-89.9	0	-21.00721093	55.22475305	315487.4689	7676029.363	40	K	1643.635	592.89	315488.177	7676027.209	315486.7607	7676031.517	-18.20052563	Jul-29th-2024-04-31PM-Flight-Airdata	4.534413115	NA	NA	4.534413115	calf
20240729009J	33:20.8	2243	90.7	66	-89.9	0	-21.00720685	55.22485539	315498.1038	7676029.933	40	K	1686.78	578.24	315498.634	7676027.632	315497.5736	7676032.235	-12.97174431	Jul-29th-2024-04-31PM-Flight-Airdata	4.723888721	NA	NA	4.723888721	calf
20240729009J	33:27.6	2446	90.6	165.3	-89.9	0	-21.00704179	55.22438374	315448.8671	7676047.663	40	K	1453.29	230.895	315449.6802	7676045.28	315448.0539	7676050.047	-18.83558687	Jul-29th-2024-04-31PM-Flight-Airdata	5.037283927	NA	NA	5.037283927	calf
20240729009J	29/07/2024 12:33	2548	90.6	165.3	-90	0	-21.00703476	55.22439742	315450.2803	7676048.457	40	K	1435.065	228.76	315450.8993	7676048.856	315449.6613	7676048.058	-122.7953817	Jul-29th-2024-04-31PM-Flight-Airdata	1.472799613	NA	1.472799613	NA	calf
20240729009J	29/07/2024 12:32	1378	90.7	74.8	-61.3	0	-21.00681678	55.22464814	315476.0775	7676072.88	40	K	1402.995	580.4	315476.8556	7676072.78	315475.2994	7676072.98	-82.70491719	Jul-29th-2024-04-31PM-Flight-Airdata	1.568869341	NA	1.568869341	NA	calf
20240729009J	33:10.2	1924	90.7	80.3	-87.7	0	-21.00711222	55.22474541	315486.5539	7676040.283	40	K	1577.725	489.065	315487.3669	7676040.358	315485.7408	7676040.209	-95.23268711	Jul-29th-2024-04-31PM-Flight-Airdata	1.632968369	NA	1.632968369	NA	calf
20240729009J	33:19.6	2206	90.7	66	-90	0	-21.00718301	55.22483894	315496.3635	7676032.555	40	K	1643.965	587.905	315497.0722	7676032.691	315495.6547	7676032.418	-100.8774441	Jul-29th-2024-04-31PM-Flight-Airdata	1.443430923	NA	1.443430923	NA	calf
20240729009J	33:28.2	2464	90.6	165.3	-89.9	0	-21.00702317	55.22438359	315448.8282	7676049.725	40	K	1447.005	255.955	315449.5157	7676050.079	315448.1407	7676049.371	-117.2546912	Jul-29th-2024-04-31PM-Flight-Airdata	1.54671285	NA	1.54671285	NA	calf
20240729009J	29/07/2024 12:36	7404	88.1	94.4	-90	0	-21.00823282	55.22467766	315480.8882	7675916.141	40	K	1668.245	433.54	315481.6001	7675916.174	315480.1764	7675916.107	-92.69555527	Jul-29th-2024-04-31PM-Flight-Airdata	1.425240666	NA	1.425240666	NA	calf
20240729009J	36:13.6	7418	88.1	94.4	-89.9	0	-21.00825881	55.224685	315481.6834	7675913.271	40	K	1704.415	422.945	315482.1948	7675910.93	315481.1719	7675915.612	-12.32345574	Jul-29th-2024-04-31PM-Flight-Airdata	4.792705646	NA	NA	4.792705646	calf
20240729009J	36:20.6	7633	88.1	86.4	-89.9	0	-21.00832237	55.22474104	315487.5878	7675906.299	40	K	1748.945	529.115	315487.8646	7675903.886	315487.311	7675908.713	-6.541902169	Jul-29th-2024-04-31PM-Flight-Airdata	4.859016439	NA	NA	4.859016439	calf
20240729009J	36:20.6	7633	88.1	86.4	-89.9	0	-21.00829802	55.22473849	315487.2932	7675908.992	40	K	1713.165	530.675	315488.0792	7675909.056	315486.5072	7675908.929	-94.62616195	Jul-29th-2024-04-31PM-Flight-Airdata	1.577182665	NA	1.577182665	NA	calf
20240814010A	17:39.8	10111	78.7	99.1	-46.3	0	-21.04648372	55.18320284	311217.3117	7671632.732	40	K	703.73	499.56	311219.0832	7671631.451	311215.5403	7671634.013	-54.12918021	Aug-14th-2024-09-09AM-Flight-Airdata	NA	4.372100008	NA	NA	adult
20240730002J	49:00.1	2305	85.3	275.3	-36.9	0	-21.13082085	55.26373975	319689.6689	7662388.852	40	K	1471.655	678.38	319687.4177	7662390.711	319691.9201	7662386.992	129.5582283	Jul-30th-2024-02-47PM-Flight-Airdata	5.839936109	NA	NA	5.839936109	calf
20240730002J	49:01.9	2364	85.2	275.3	-36.9	0	-21.13083108	55.26374707	319690.4413	7662387.727	40	K	1465.045	683.265	319690.9728	7662388.292	319689.9097	7662387.162	-136.7544915	Jul-30th-2024-02-47PM-Flight-Airdata	1.551719028	NA	1.551719028	NA	calf
20240730002J	48:56.3	2191	81.5	275.3	-36.9	0	-21.1308424	55.26377401	319693.2537	7662386.505	40	K	1474.165	677.56	319693.6343	7662387.212	319692.873	7662385.798	-151.7010621	Jul-30th-2024-02-47PM-Flight-Airdata	1.605830528	NA	1.605830528	NA	calf
20240730002J	48:57.1	2218	82.9	275.3	-36.9	0	-21.13083935	55.26377273	319693.1171	7662386.841	40	K	1473.155	685.985	319693.3055	7662387.676	319692.9287	7662386.007	-167.2855564	Jul-30th-2024-02-47PM-Flight-Airdata	1.711760744	NA	1.711760744	NA	calf
20240730002J	48:59.9	2304	85.3	275.3	-36.9	0	-21.13083994	55.26376509	319692.3234	7662386.767	40	K	1463.395	696.425	319692.8011	7662387.386	319691.8458	7662386.149	-142.3092888	Jul-30th-2024-02-47PM-Flight-Airdata	1.562431319	NA	1.562431319	NA	calf
20240730002J	48:59.3	2283	85.3	275.3	-36.9	0	-21.13082414	55.26375102	319690.843	7662388.5	40	K	1473.33	685.815	319688.5034	7662390.188	319693.1827	7662386.812	125.8084478	Jul-30th-2024-02-47PM-Flight-Airdata	5.769928424	NA	NA	5.769928424	calf
20240730002J	49:00.1	2307	85.3	275.3	-36.9	0	-21.13082119	55.26373975	319689.6689	7662388.814	40	K	1471.305	678.405	319687.4118	7662390.646	319691.926	7662386.981	129.0764212	Jul-30th-2024-02-47PM-Flight-Airdata	5.815012881	NA	NA	5.815012881	calf
20240814010A	17:31.4	9859	78.7	107.9	-43.3	0	-21.04724489	55.18302299	311199.5792	7671548.246	40	K	1471.75	515.41	311199.0385	7671550.26	311200.1198	7671546.232	164.9757628	Aug-14th-2024-09-09AM-Flight-Airdata	4.171271545	NA	4.171271545	NA	adult
20240814010A	17:27.4	9738	78.6	110.8	-42.7	0	-21.04729645	55.18295855	311192.9461	7671542.461	40	K	1509.305	536.72	311194.2828	7671541.047	311191.6093	7671543.875	-43.3950558	Aug-14th-2024-09-09AM-Flight-Airdata	3.891362237	NA	3.891362237	NA	adult
20240814011A	18:33.6	11723	75.5	80.4	-47.4	0	-21.0463164	55.18353755	311251.8892	7671651.653	40	K	317.835	836.945	311251.9703	7671650.002	311251.8081	7671653.304	-2.811257609	Aug-14th-2024-09-09AM-Flight-Airdata	NA	3.306723983	NA	NA	adult
20240730001J	09:15.5	1002	81.6	251	-89.9	0	-21.13525832	55.26689741	320023.0253	7661901.15	40	K	423.55	443.855	320023.9761	7661901.379	320022.0745	7661900.921	-103.5268329	Jul-30th-2024-03-02PM-Flight-Airdata	NA	1.955935372	NA	NA	calf
20240730001J	09:15.5	1002	81.6	251	-89.9	0	-21.13528246	55.26690798	320024.1526	7661898.49	40	K	380.755	446.755	320025.0572	7661898.86	320023.2481	7661898.12	-112.2577121	Jul-30th-2024-03-02PM-Flight-Airdata	NA	1.954733687	NA	NA	calf
20240730001J	09:18.5	1094	81.5	270.2	-89.9	0	-21.13529302	55.26682051	320015.0791	7661897.222	40	K	357.545	501.875	320015.8355	7661897.664	320014.3226	7661896.779	-120.3118003	Jul-30th-2024-03-02PM-Flight-Airdata	NA	1.752500544	NA	NA	calf
20240814011A	18:44.6	12052	75.3	104.1	-63.9	0	-21.04636394	55.18385672	311285.1218	7671646.767	40	K	358.38	841.29	311285.9003	7671645.077	311284.3433	7671648.456	-24.73747999	Aug-14th-2024-09-09AM-Flight-Airdata	NA	3.720858469	NA	NA	adult
20240814011A	18:49.8	12208	75.3	130.2	-63.9	0	-21.04636878	55.18396335	311296.2111	7671646.358	40	K	813.06	873.15	311296.7391	7671644.533	311295.6832	7671648.183	-16.13523422	Aug-14th-2024-09-09AM-Flight-Airdata	NA	3.799620109	NA	NA	adult
20240814011A	18:23.8	11429	75.5	80.4	-65	0	-21.04690719	55.1835762	311256.6512	7671586.289	40	K	1284.04	499.365	311256.5656	7671588.022	311256.7369	7671584.557	177.1705045	Aug-14th-2024-09-09AM-Flight-Airdata	3.469255851	NA	3.469255851	NA	adult
20240814011A	18:36.2	11802	75.4	72.3	-53	0	-21.04688223	55.18390496	311290.7896	7671589.442	40	K	1368.06	514.09	311297.1002	7671589.806	311284.479	7671589.077	-93.30611128	Aug-14th-2024-09-09AM-Flight-Airdata	12.64216315	NA	NA	12.64216315	adult
20240814011A	18:37.4	11838	75.1	66.5	-53	0	-21.04685932	55.18397649	311298.195	7671592.062	40	K	1435.805	535.2	311304.5503	7671592.353	311291.8398	7671591.771	-92.62126466	Aug-14th-2024-09-09AM-Flight-Airdata	12.72383767	NA	NA	12.72383767	adult
20240814011A	18:20.6	11337	75.5	80.4	-65	0	-21.04691348	55.18360231	311259.3725	7671585.624	40	K	1295.925	471.565	311265.8331	7671584.743	311252.9119	7671586.504	-82.23585945	Aug-14th-2024-09-09AM-Flight-Airdata	13.04078328	NA	NA	13.04078328	adult
20240814011A	18:30.8	11643	75.5	80.4	-55.7	0	-21.04693209	55.18380862	311280.8389	7671583.808	40	K	1320.555	499.425	311287.1106	7671583.003	311274.5673	7671584.612	-82.69447458	Aug-14th-2024-09-09AM-Flight-Airdata	12.64598547	NA	NA	12.64598547	adult
20240730001J	09:05.1	695	81.6	219.3	-90	0	-21.13477064	55.26654433	319985.7617	7661954.743	40	K	1488.22	445.305	319984.6548	7661957.033	319986.8686	7661952.452	154.2051226	Jul-30th-2024-03-02PM-Flight-Airdata	5.087437776	NA	NA	5.087437776	calf
20240730001J	09:08.5	796	81.6	221.6	-90	0	-21.13477574	55.26656417	319987.8288	7661954.2	40	K	1455.685	437.545	319987.1421	7661953.867	319988.5155	7661954.533	64.15780086	Jul-30th-2024-03-02PM-Flight-Airdata	1.526101689	NA	1.526101689	NA	calf
20240730001J	09:09.3	821	81.6	225.1	-89.9	0	-21.13475936	55.2665775	319989.1934	7661956.029	40	K	1452.595	441.915	319988.5219	7661955.563	319989.8648	7661956.495	55.22577458	Jul-30th-2024-03-02PM-Flight-Airdata	1.634932556	NA	1.634932556	NA	calf
20240730001J	09:15.5	1001	81.6	251	-89.9	0	-21.13466806	55.26668388	320000.1331	7661966.258	40	K	1445.68	438.375	319999.3868	7661965.919	320000.8794	7661966.596	65.61000111	Jul-30th-2024-03-02PM-Flight-Airdata	1.638819474	NA	1.638819474	NA	calf
20240730001J	09:23.1	1231	81.5	284.2	-89.9	0	-21.13460664	55.26684082	320016.3595	7661973.235	40	K	1462.215	401.265	320015.5932	7661973.11	320017.1257	7661973.36	80.73327611	Jul-30th-2024-03-02PM-Flight-Airdata	1.552810785	NA	1.552810785	NA	calf
20240730001J	09:08.7	798	81.6	222.4	-90	0	-21.1347515	55.26655397	319986.7398	7661956.873	40	K	1491.645	448.245	319985.3951	7661958.934	319988.0845	7661954.811	146.8859036	Jul-30th-2024-03-02PM-Flight-Airdata	4.922934641	NA	NA	4.922934641	calf
20240730001J	09:22.7	1222	81.5	284.2	-90	0	-21.1345858	55.26683547	320015.7786	7661975.537	40	K	1492.48	384.45	320015.0841	7661977.936	320016.4731	7661973.137	163.8550144	Jul-30th-2024-03-02PM-Flight-Airdata	4.995113981	NA	NA	4.995113981	calf
20240730001J	09:26.9	1346	81.5	295	-89.9	0	-21.13460404	55.26687381	320019.7839	7661973.561	40	K	1449.17	356.88	320018.8968	7661975.958	320020.671	7661971.164	159.6898394	Jul-30th-2024-03-02PM-Flight-Airdata	5.111545339	NA	NA	5.111545339	calf
20240730004J	47:06.4	12417	87.5	242.4	-86	0	-21.13457511	55.26734069	320068.244	7661977.293	40	K	449.655	685.365	320067.6623	7661978.274	320068.8257	7661976.311	149.3400142	Jul-30th-2024-03-39PM-Flight-Airdata	NA	2.281497219	NA	NA	calf
20240730004J	48:30.6	14941	87.2	277.1	-90	0	-21.13436028	55.26703706	320036.4455	7662000.733	40	K	583.1	614.29	320037.3542	7662001.044	320035.5369	7662000.423	-108.8405462	Jul-30th-2024-03-39PM-Flight-Airdata	NA	1.920151458	NA	NA	calf
20240730004J	47:06.4	12417	87.5	242.4	-86	0	-21.13459806	55.2672863	320062.6215	7661974.69	40	K	456.19	607.035	320062.0658	7661975.627	320063.1772	7661973.753	149.3283246	Jul-30th-2024-03-39PM-Flight-Airdata	NA	2.178754132	NA	NA	calf
20240730004J	48:46.8	15431	87	277.1	-90	0	-21.13425218	55.26693239	320025.4428	7662012.583	40	K	487.375	492.45	320026.3579	7662012.989	320024.5277	7662012.176	-113.9497062	Jul-30th-2024-03-39PM-Flight-Airdata	NA	2.002638467	NA	NA	calf
20240730004J	48:59.2	15800	87	300.9	-90	0	-21.13413583	55.26678515	320010.0083	7662025.297	40	K	533.06	421.375	320010.8522	7662025.698	320009.1644	7662024.895	-115.4266577	Jul-30th-2024-03-39PM-Flight-Airdata	NA	1.868842594	NA	NA	calf
20240814011A	18:20.6	11335	75.5	80.4	-65	0	-21.04690349	55.18352956	311251.7985	7671586.643	40	K	1276.235	554.955	311251.851	7671588.347	311251.7461	7671584.94	-178.2366251	Aug-14th-2024-09-09AM-Flight-Airdata	3.408221696	NA	3.408221696	NA	adult
20240814011A	14/08/2024 05:18	11407	75.5	80.4	-65	0	-21.04690714	55.18356262	311255.2394	7671586.278	40	K	1283.36	515.415	311255.1669	7671587.981	311255.3119	7671584.576	177.5620568	Aug-14th-2024-09-09AM-Flight-Airdata	3.408524881	NA	3.408524881	NA	adult
20240814011A	18:38.8	11879	74.7	60.4	-53	0	-21.04684874	55.18398407	311298.9696	7671593.243	40	K	1526.935	672.37	311298.7732	7671594.975	311299.1659	7671591.511	173.5311042	Aug-14th-2024-09-09AM-Flight-Airdata	3.485386128	NA	3.485386128	NA	adult
20240814012A	58:32.6	1308	70.1	180.8	-60.3	0	-21.04859151	55.19665408	312618.0102	7671415.236	40	K	609.61	544.45	312617.1178	7671413.91	312618.9026	7671416.561	33.94769081	Aug-14th-2024-10-57AM-Flight-Airdata	NA	3.196227646	NA	NA	adult
20240814012A	58:51.2	1864	68.3	187.3	-80.5	0	-21.04855256	55.1966042	312612.7766	7671419.49	40	K	643.645	584.275	312611.793	7671418.191	312613.7602	7671420.789	37.13285047	Aug-14th-2024-10-57AM-Flight-Airdata	NA	3.258752573	NA	NA	adult
20240730004J	49:43.6	17131	87.1	317.6	-82.4	0	-21.13416618	55.26676567	320008.0225	7662021.914	40	K	446.03	691.89	320008.9053	7662022.417	320007.1397	7662021.412	-119.6418665	Jul-30th-2024-03-39PM-Flight-Airdata	NA	2.031356527	NA	NA	calf
20240730004J	46:57.8	12159	90.9	242.4	-86	0	-21.13398259	55.26697698	320029.7492	7662042.48	40	K	1451.65	509.925	320027.2709	7662041.429	320032.2275	7662043.531	67.01878341	Jul-30th-2024-03-39PM-Flight-Airdata	5.383936861	NA	NA	5.383936861	calf
20240730004J	48:54.6	15664	90	294.4	-89.9	0	-21.13356387	55.26710232	320042.2625	7662088.98	40	K	1520.27	425.68	320041.7682	7662091.346	320042.7569	7662086.614	168.1983602	Jul-30th-2024-03-39PM-Flight-Airdata	4.834099155	NA	NA	4.834099155	calf
20240814012A	58:26.2	1113	69.8	175.6	-51	0	-21.0486309	55.19609051	312559.4848	7671410.213	40	K	1454.29	494.065	312558.2403	7671408.819	312560.7293	7671411.606	41.76593601	Aug-14th-2024-10-57AM-Flight-Airdata	3.736775581	NA	3.736775581	NA	adult
20240814012A	58:26.4	1122	69.8	175.6	-52.5	0	-21.04859173	55.1961023	312560.6611	7671414.563	40	K	1452.38	508.565	312559.3548	7671413.239	312561.9675	7671415.886	44.6219314	Aug-14th-2024-10-57AM-Flight-Airdata	3.719567405	NA	3.719567405	NA	adult
20240814012A	58:29.4	1211	70	175.6	-60.3	0	-21.04864585	55.19612977	312563.5847	7671408.603	40	K	1435.275	375.38	312562.2887	7671407.255	312564.8806	7671409.951	43.86825412	Aug-14th-2024-10-57AM-Flight-Airdata	3.739992939	NA	3.739992939	NA	adult
20240814013A	55:38.5	26927	68.1	47	-80.4	0	-21.04728846	55.18595596	311504.472	7671546.892	40	K	237.88	674.49	311503.2844	7671547.856	311505.6595	7671545.928	129.0590838	Aug-14th-2024-09-40AM-Flight-Airdata	NA	3.058704806	NA	NA	adult
20240730004J	30/07/2024 11:46	12165	91	242.4	-86	0	-21.13398314	55.26697247	320029.2812	7662042.414	40	K	1452.215	505.44	320026.8355	7662041.416	320031.727	7662043.412	67.80698162	Jul-30th-2024-03-39PM-Flight-Airdata	5.282907349	NA	NA	5.282907349	calf
20240730004J	47:00.8	12253	91.4	242.4	-86	0	-21.13399667	55.26694306	320026.2425	7662040.883	40	K	1450.435	474.44	320026.686	7662040.189	320025.7991	7662041.577	-32.5749518	Jul-30th-2024-03-39PM-Flight-Airdata	1.647196827	NA	1.647196827	NA	calf
20240730004J	30/07/2024 11:48	15735	90.1	300.2	-89.9	0	-21.13358264	55.26713623	320045.8081	7662086.94	40	K	1503.47	423.43	320044.9684	7662086.75	320046.6477	7662087.129	77.28279958	Jul-30th-2024-03-39PM-Flight-Airdata	1.721519252	NA	1.721519252	NA	calf
20240814013A	58:36.6	1427	69.4	183.1	-60.3	0	-21.04859282	55.19657615	312609.9116	7671414.999	40	K	702.28	647.98	312609.0575	7671413.68	312610.7657	7671416.318	32.91622505	Aug-14th-2024-10-57AM-Flight-Airdata	NA	3.143469933	NA	NA	adult
20240814013A	58:48.8	1794	68.3	187.3	-80.4	0	-21.04855406	55.19658142	312610.4114	7671419.297	40	K	682.735	546.625	312609.0199	7671418.492	312611.8029	7671420.102	59.94426316	Aug-14th-2024-10-57AM-Flight-Airdata	NA	3.215344967	NA	NA	adult
20240814013A	56:30.1	28469	66.2	146.1	-90	0	-21.04717513	55.1866915	311580.778	7671560.309	40	K	445.31	547.57	311581.6237	7671561.871	311579.9324	7671558.747	-151.5629135	Aug-14th-2024-09-40AM-Flight-Airdata	NA	3.551824636	NA	NA	adult
20240814013A	55:40.5	26986	67.7	41.8	-72	0	-21.04728012	55.18596707	311505.6165	7671547.828	40	K	243.68	753.535	311504.02	7671548.747	311507.213	7671546.91	119.9220021	Aug-14th-2024-09-40AM-Flight-Airdata	NA	3.684052418	NA	NA	adult
20240730004J	48:05.8	14200	90.4	247.7	-90	0	-21.13388405	55.2668887	320020.461	7662053.289	40	K	1415.02	511.07	320019.7108	7662053.664	320021.2112	7662052.915	116.5498773	Jul-30th-2024-03-39PM-Flight-Airdata	1.677300945	NA	1.677300945	NA	calf
20240730004J	48:04.6	14162	90.4	247.7	-90	0	-21.13388875	55.26688857	320020.453	7662052.769	40	K	1436.47	504.8	320019.6092	7662052.975	320021.2968	7662052.563	103.697513	Jul-30th-2024-03-39PM-Flight-Airdata	1.737033907	NA	1.737033907	NA	calf
20240730004J	48:42.8	15308	90	277.1	-89.9	0	-21.13363542	55.26701881	320033.6749	7662080.963	40	K	1446.19	488.81	320032.8857	7662080.676	320034.464	7662081.25	70.01859881	Jul-30th-2024-03-39PM-Flight-Airdata	1.679338699	NA	1.679338699	NA	calf
20240730003J	31:39.9	10034	72.9	293.4	-13.4	0	-21.13028619	55.26317256	319630.1056	7662447.401	40	K	388.785	729.075	319631.2082	7662449.321	319629.003	7662445.482	-150.1250538	Jul-30th-2024-04-25PM-Flight-Airdata	NA	1.78215	NA	NA	calf
20240730003J	32:00.7	10656	73.2	87.6	-13.4	0	-21.12909713	55.26733639	320061.1835	7662583.767	40	K	326.7	733.5	320060.6181	7662581.374	320061.749	7662586.159	13.29645709	Jul-30th-2024-04-25PM-Flight-Airdata	NA	1.74945	NA	NA	calf
20240730003J	32:00.7	10656	73.2	87.6	-13.4	0	-21.12929177	55.26695555	320021.8587	7662561.786	40	K	329.12	853.06	320022.1237	7662560.233	320021.5936	7662563.339	-9.684548962	Jul-30th-2024-04-25PM-Flight-Airdata	NA	1.8312	NA	NA	calf
20240814013A	46:10.5	9900	75.6	169.4	-89.9	0	-21.04566462	55.18426711	311326.8947	7671724.678	40	K	284.3	444.58	311328.0248	7671726.158	311325.7645	7671723.197	-142.6413276	Aug-14th-2024-09-40AM-Flight-Airdata	NA	3.724917908	NA	NA	adult
20240814013A	46:09.5	9875	75.5	169.4	-90	0	-21.04562737	55.18421298	311321.2214	7671728.738	40	K	357.555	511.3	311322.3561	7671730.313	311320.0868	7671727.162	-144.2317074	Aug-14th-2024-09-40AM-Flight-Airdata	NA	3.882491212	NA	NA	adult
20240730003J	32:20.1	11236	72.5	281.5	-13.4	0	-21.13027761	55.26398943	319714.9467	7662449.279	40	K	354.525	563.72	319714.9253	7662452.369	319714.9681	7662446.188	179.6033159	Jul-30th-2024-04-25PM-Flight-Airdata	NA	1.81485	NA	NA	calf
20240730003J	32:42.7	11915	72.5	274.3	-13.4	0	-21.13009944	55.26554043	319875.8398	7662470.764	40	K	356.105	844.3	319876.5001	7662472.566	319875.1795	7662468.962	-159.8763168	Jul-30th-2024-04-25PM-Flight-Airdata	NA	1.74945	NA	NA	calf
20240814013A	50:03.7	16890	72.4	137.8	-89.9	0	-21.04645957	55.18533517	311438.9058	7671637.929	40	K	496.07	681.745	311439.602	7671639.857	311438.2095	7671636.001	-160.1414572	Aug-14th-2024-09-40AM-Flight-Airdata	NA	4.098986204	NA	NA	adult
20240814013A	45:45.1	9141	74.6	152.3	-90	0	-21.04553048	55.18404401	311303.538	7671739.265	40	K	401.065	590.36	311303.8502	7671741.648	311303.2258	7671736.883	-172.5350477	Aug-14th-2024-09-40AM-Flight-Airdata	NA	4.806232091	NA	NA	adult
20240814013A	58:26.8	1132	69.9	175.6	-56.9	0	-21.04855801	55.19608746	312559.0769	7671418.279	40	K	1488.8	472.79	312558.0325	7671417.115	312560.1214	7671419.443	41.90164467	Aug-14th-2024-10-57AM-Flight-Airdata	3.127705693	NA	3.127705693	NA	adult
20240730003J	37:30.9	20551	72.7	337	-18.3	0	-21.13019574	55.26078322	319381.8055	7662454.7	40	K	364.865	653.84	319384.2057	7662455.142	319379.4052	7662454.259	-100.4223823	Jul-30th-2024-04-25PM-Flight-Airdata	NA	1.8966	NA	NA	calf
20240730010J	28:26.9	4250	72.9	326.8	-79.9	0	-21.13110841	55.26213367	319523.1879	7662355.191	40	K	421.37	503.905	319524.127	7662355.564	319522.2488	7662354.818	-111.6806117	Jul-30th-2024-04-25PM-Flight-Airdata	NA	2.021157403	NA	NA	calf
20240730010J	28:19.9	4040	72.8	324.6	-89.9	0	-21.13115849	55.26217457	319527.4962	7662349.694	40	K	419.925	385.9	319528.2681	7662349.816	319526.7243	7662349.571	-99.03138551	Jul-30th-2024-04-25PM-Flight-Airdata	NA	1.563210786	NA	NA	calf
20240730010J	28:25.7	4216	72.9	326.8	-83.4	0	-21.13113395	55.26215702	319525.6445	7662352.39	40	K	424.985	490.15	319526.4301	7662352.726	319524.8588	7662352.054	-113.1403084	Jul-30th-2024-04-25PM-Flight-Airdata	NA	1.708804589	NA	NA	calf
20240814013A	58:28.6	1187	70	175.6	-60.3	0	-21.04869165	55.19608713	312559.2102	7671403.482	40	K	1474.96	305.34	312558.1601	7671402.007	312560.2602	7671404.958	35.44224158	Aug-14th-2024-10-57AM-Flight-Airdata	3.621627914	NA	3.621627914	NA	adult
20240814013A	58:29.8	1222	70	176.4	-60.3	0	-21.04871459	55.19610509	312561.1054	7671400.964	40	K	1447.855	314.085	312560.0242	7671399.485	312562.1866	7671402.444	36.15551552	Aug-14th-2024-10-57AM-Flight-Airdata	3.66516506	NA	3.66516506	NA	adult
20240814013A	14/08/2024 06:58	1049	69.5	175.6	-40.2	0	-21.04871797	55.19598961	312549.1075	7671400.454	40	K	1472.905	510.28	312548.0084	7671399.009	312550.2066	7671401.898	37.27278206	Aug-14th-2024-10-57AM-Flight-Airdata	3.629707138	NA	3.629707138	NA	adult
20240730003J	40:02.3	8995	47.4	2.82	-90	0	-21.1286683	55.25910969	319206.1163	7662621.903	40	K	1365.025	408.78	319205.3477	7662623.088	319206.8849	7662620.718	147.0266387	Jul-30th-2024-04-25PM-Flight-Airdata	2.824424038	NA	NA	4.617933303	calf
20240730003J	40:12.7	9308	47.4	0.1	-90	0	-21.12872737	55.25910649	319205.8557	7662615.36	40	K	1289.555	415.86	319205.0889	7662616.537	319206.6226	7662614.182	146.9374561	Jul-30th-2024-04-25PM-Flight-Airdata	2.811164029	NA	NA	4.596253187	calf
20240730003J	40:22.3	9599	47.7	0.5	-89.9	0	-21.12866583	55.25901007	319195.7653	7662622.064	40	K	1222.75	364.45	319195.2796	7662623.438	319196.251	7662620.69	160.5310407	Jul-30th-2024-04-25PM-Flight-Airdata	2.914535708	NA	NA	4.765265882	calf
20240730003J	40:33.1	9923	47.6	329.3	-89.9	0	-21.12851232	55.25891046	319185.2326	7662638.945	40	K	1341.67	323.175	319184.4418	7662640.15	319186.0235	7662637.741	146.7064963	Jul-30th-2024-04-25PM-Flight-Airdata	2.881429322	NA	NA	4.711136942	calf
20240814013A	58:23.6	1037	69.5	175.6	-39.3	0	-21.04876944	55.19600108	312550.3639	7671394.769	40	K	1423.84	464.53	312553.7897	7671392.005	312546.938	7671397.533	-51.10437373	Aug-14th-2024-10-57AM-Flight-Airdata	8.803509074	NA	NA	8.803509074	adult
20240814013A	58:23.6	1036	69.5	175.6	-39.3	0	-21.04877069	55.19599973	312550.2248	7671394.629	40	K	1424.905	463.825	312553.7169	7671391.998	312546.7327	7671397.259	-53.01151425	Aug-14th-2024-10-57AM-Flight-Airdata	8.743795668	NA	NA	8.743795668	adult
20240814014A	02:19.2	8096	66.4	146.8	-73.1	0	-21.04849399	55.19776875	312733.7398	7671427.342	40	K	648.375	382.935	312735.271	7671427.215	312732.2085	7671427.469	-85.2547932	Aug-14th-2024-10-57AM-Flight-Airdata	NA	3.073056142	NA	NA	adult
20240814014A	46:07.3	9804	74.6	170.3	-89.9	0	-21.04566133	55.18417581	311317.401	7671724.934	40	K	422.095	474.315	311318.3558	7671726.192	311316.4463	7671723.676	-142.8054752	Aug-14th-2024-09-40AM-Flight-Airdata	NA	3.158611908	NA	NA	adult
20240814014A	14/08/2024 07:02	8269	68.4	180.6	-50.1	0	-21.04883369	55.19788418	312746.1617	7671389.869	40	K	318.38	583.1	312747.8219	7671389.425	312744.5014	7671390.313	-75.03523052	Aug-14th-2024-10-57AM-Flight-Airdata	NA	3.437067015	NA	NA	adult
20240730003J	41:10.5	11040	47.5	327.4	-89.9	0	-21.12831778	55.25859769	319152.507	7662660.128	40	K	1340.01	503.99	319152.8866	7662660.334	319152.1275	7662659.921	-118.5721973	Jul-30th-2024-04-25PM-Flight-Airdata	0.864469388	NA	1.413407449	NA	calf
20240730003J	41:16.5	11222	47.6	327.4	-90	0	-21.12828956	55.25856609	319149.1903	7662663.216	40	K	1338.1	457.235	319149.5455	7662663.477	319148.835	7662662.955	-126.318986	Jul-30th-2024-04-25PM-Flight-Airdata	0.881874792	NA	1.441865284	NA	calf
20240730003J	41:28.9	11593	47.6	327.4	-89.9	0	-21.12821218	55.25839175	319130.9865	7662671.585	40	K	1332.475	692.955	319131.3543	7662671.827	319130.6186	7662671.342	-123.4332519	Jul-30th-2024-04-25PM-Flight-Airdata	0.881562692	NA	1.441355002	NA	calf
20240814014A	48:29.9	14079	74.3	218.6	-89.9	0	-21.04627168	55.18513714	311418.0871	7671658.496	40	K	432.735	798.385	311419.7403	7671658.993	311416.4338	7671658	-106.7185366	Aug-14th-2024-09-40AM-Flight-Airdata	NA	3.452383126	NA	NA	adult
20240814014A	42:05.7	2564	74.1	246.2	-41.2	0	-21.04508073	55.18203536	311094.1979	7671786.681	40	K	567.145	879.005	311095.9705	7671786.563	311092.4253	7671786.799	-86.18554655	Aug-14th-2024-09-40AM-Flight-Airdata	NA	3.553025228	NA	NA	adult
20240814014A	46:25.9	10363	74.1	177.9	-90	0	-21.04575377	55.18439999	311340.8184	7671714.964	40	K	542.49	599.78	311342.0906	7671716.324	311339.5461	7671713.604	-136.9092343	Aug-14th-2024-09-40AM-Flight-Airdata	NA	3.724673484	NA	NA	adult
20240730003J	42:46.3	13912	47.8	332.3	-90	0	-21.12787479	55.25795344	319085.0475	7662708.438	40	K	1339.575	456.78	319085.3733	7662708.715	319084.7218	7662708.162	-130.3138844	Jul-30th-2024-04-25PM-Flight-Airdata	0.854373481	NA	1.396900641	NA	calf
20240730010J	36:39.1	2905	47.8	340.1	-65.5	0	-21.13076602	55.26243509	319554.0825	7662393.44	40	K	1608.01	306.615	319554.3426	7662396.762	319553.8224	7662390.118	-175.5235485	Jul-30th-2024-04-25PM-Flight-Airdata	4.64	NA	NA	4.64	calf
20240730010J	37:12.1	3897	47.8	352.5	-18.1	0	-21.1245278	55.2638011	319688.4292	7663085.639	40	K	1396.355	267.9	319751.1041	7663328.33	319625.7542	7662842.948	-165.5197181	Jul-30th-2024-04-25PM-Flight-Airdata	4.56	NA	NA	4.56	calf
20240730010J	37:16.5	4025	47.7	352.5	-18.1	0	-21.12800843	55.26299244	319608.6387	7662699.373	40	K	1409.35	346.725	319628.2735	7662769.253	319589.0039	7662629.492	-164.3059533	Jul-30th-2024-04-25PM-Flight-Airdata	4.52	NA	NA	4.52	calf
20240730010J	37:18.5	4090	47.7	352.5	-18.1	0	-21.12790012	55.26302529	319611.9205	7662711.401	40	K	1412.59	342.47	319631.6876	7662788.395	319592.1534	7662634.407	-165.6011126	Jul-30th-2024-04-25PM-Flight-Airdata	4.42	NA	NA	4.42	calf
20240730010J	36:50.5	3247	47.9	336.9	-70.2	0	-21.13093451	55.26222418	319532.3782	7662374.547	40	K	1422.705	307.65	319531.8559	7662373.886	319532.9005	7662375.208	38.30258678	Jul-30th-2024-04-25PM-Flight-Airdata	1.57532895	NA	1.57532895	NA	calf
20240730010J	36:57.3	3451	47.8	341.5	-17.2	0	-21.12527698	55.26242458	319546.3462	7663001.134	40	K	1412.585	290.05	319540.011	7662984.556	319552.6813	7663017.711	20.91437127	Jul-30th-2024-04-25PM-Flight-Airdata	1.37	NA	1.37	NA	calf
20240730010J	37:14.3	3963	47.8	352.5	-18.1	0	-21.12717922	55.26310291	319619.1111	7662791.302	40	K	1384.7	309.44	319621.5818	7662818.435	319616.6404	7662764.169	-174.7971463	Jul-30th-2024-04-25PM-Flight-Airdata	1.43	NA	1.43	NA	calf
20240730010J	37:19.7	4126	47.7	352.5	-18.1	0	-21.12847666	55.26286328	319595.7896	7662647.387	40	K	1406.31	366.755	319592.8143	7662647.625	319598.7649	7662647.149	94.56947309	Jul-30th-2024-04-25PM-Flight-Airdata	1.55	NA	1.55	NA	calf
20240814014A	48:55.5	14845	74.3	247	-89.9	0	-21.04647451	55.18513742	311418.372	7671636.041	40	K	644.025	776.75	311420.167	7671635.543	311416.577	7671636.539	-74.48898266	Aug-14th-2024-09-40AM-Flight-Airdata	NA	3.72569293	NA	NA	adult
20240814014A	48:29.9	14079	74.3	218.6	-89.9	0	-21.04634385	55.18515161	311419.6817	7671650.523	40	K	331.8	722.235	311421.559	7671650.608	311417.8045	7671650.438	-92.58257897	Aug-14th-2024-09-40AM-Flight-Airdata	NA	3.758316249	NA	NA	adult
20240814014A	45:49.5	9274	74.4	160.8	-90	0	-21.04566822	55.18397721	311296.7683	7671723.936	40	K	607.04	490.27	311296.9948	7671725.893	311296.5418	7671721.98	-173.3964358	Aug-14th-2024-09-40AM-Flight-Airdata	NA	3.93904999	NA	NA	adult
20240814014A	56:26.9	28378	66.2	146.7	-89.9	0	-21.04718336	55.18663085	311574.4842	7671559.326	40	K	541.04	541.76	311575.2878	7671561.258	311573.6807	7671557.394	-157.4160969	Aug-14th-2024-09-40AM-Flight-Airdata	NA	4.184808787	NA	NA	adult
20240814014A	02:17.2	8038	66.3	146.8	-71.6	0	-21.04876793	55.19727255	312682.5099	7671396.431	40	K	1643.985	441.635	312683.9248	7671395.983	312681.095	7671396.878	-72.44100444	Aug-14th-2024-10-57AM-Flight-Airdata	2.968117401	NA	2.968117401	NA	adult
20240814014A	02:12.8	7905	66.2	152.9	-65.6	0	-21.04872401	55.19729198	312684.475	7671401.316	40	K	1524.365	546.355	312685.724	7671400.587	312683.226	7671402.045	-59.72588108	Aug-14th-2024-10-57AM-Flight-Airdata	2.892470413	NA	2.892470413	NA	adult
20240731001J	19:28.9	13779	85.7	39.3	-66.6	0	-21.05185267	55.21484091	314512.2677	7671075.448	40	K	377.735	588.64	314512.4898	7671074.987	314512.0456	7671075.91	-25.69115112	Jul-31st-2024-08-11AM-Flight-Airdata	NA	1.024594879	NA	NA	calf
20240731001J	20:13.5	15117	85.6	67.1	-80.8	0	-21.05158585	55.21495094	314523.3722	7671105.117	40	K	300.98	725.985	314523.5548	7671104.57	314523.1896	7671105.665	-18.45008761	Jul-31st-2024-08-11AM-Flight-Airdata	NA	1.153974037	NA	NA	calf
20240814014A	02:14.8	7966	66.3	151.2	-69.1	0	-21.04872315	55.19728454	312683.7004	7671401.402	40	K	1552.2	498.845	312685.0563	7671400.826	312682.3445	7671401.978	-66.9849962	Aug-14th-2024-10-57AM-Flight-Airdata	2.946256832	NA	2.946256832	NA	adult
20240814014A	02:12.6	7900	66.2	152.9	-64.5	0	-21.04878825	55.19727853	312683.1569	7671394.188	40	K	1573.7	491.44	312681.1366	7671389.182	312685.1773	7671399.195	21.97644634	Aug-14th-2024-10-57AM-Flight-Airdata	10.79748721	NA	NA	10.79748721	adult
20240814014A	02:09.8	7814	66	160.5	-56.9	0	-21.04876099	55.19722102	312677.1464	7671397.139	40	K	1485.66	479.5	312674.7921	7671392.256	312679.5008	7671402.022	25.74100137	Aug-14th-2024-10-57AM-Flight-Airdata	10.84203961	NA	NA	10.84203961	adult
20240731001J	23:09.5	20390	85.6	120.1	-89.9	0	-21.05106809	55.21503072	314531.0222	7671162.533	40	K	637.495	502.6	314530.4075	7671162.712	314531.6369	7671162.354	106.2621855	Jul-31st-2024-08-11AM-Flight-Airdata	NA	1.280634292	NA	NA	calf
20240731001J	23:37.7	21237	85.6	130.7	-90	0	-21.05097233	55.21504994	314532.9009	7671173.157	40	K	604.86	576.575	314532.3819	7671173.331	314533.42	7671172.982	108.5808301	Jul-31st-2024-08-11AM-Flight-Airdata	NA	1.095196589	NA	NA	calf
20240814015A	02:17.6	8050	66.3	146.8	-73.1	0	-21.04841484	55.19781312	312738.2514	7671436.157	40	K	497.39	449.605	312739.674	7671435.947	312736.8288	7671436.368	-81.59590207	Aug-14th-2024-10-57AM-Flight-Airdata	NA	2.876131374	NA	NA	adult
20240731001J	15:16.9	6227	85.5	257.3	-90	0	-21.05259025	55.21504936	314534.8454	7670994.031	40	K	1481.42	548.845	314533.0077	7670993.124	314536.683	7670994.938	63.72816487	Jul-31st-2024-08-11AM-Flight-Airdata	4.098611153	NA	NA	4.098611153	calf
20240731001J	15:28.7	6580	85.6	257.3	-89.9	0	-21.05251864	55.21505398	314535.2371	7671001.965	40	K	1449.2	557.44	314533.4108	7671000.937	314537.0634	7671002.992	60.63806376	Jul-31st-2024-08-11AM-Flight-Airdata	4.190993936	NA	NA	4.190993936	calf
20240731001J	15:26.5	6517	85.7	257.3	-89.9	0	-21.05252402	55.21505022	314534.8535	7671001.365	40	K	1463.87	575.28	314532.901	7671000.269	314536.8061	7671002.46	60.69545032	Jul-31st-2024-08-11AM-Flight-Airdata	4.478162136	NA	NA	4.478162136	calf
20240731001J	15:32.3	6691	85.5	257.3	-89.9	0	-21.05250466	55.21504434	314534.2179	7671003.501	40	K	1470.225	540.335	314532.3194	7671002.276	314536.1165	7671004.725	57.17413951	Jul-31st-2024-08-11AM-Flight-Airdata	4.518608388	NA	NA	4.518608388	calf
20240731001J	16:53.7	9130	85.6	81.7	-89.9	0	-21.05294938	55.2151752	314548.3694	7670954.416	40	K	1405.7	506.365	314546.4918	7670953.296	314550.247	7670955.537	59.16736522	Jul-31st-2024-08-11AM-Flight-Airdata	4.373358956	NA	NA	4.373358956	calf
20240814015A	02:17.6	8050	66.3	146.8	-73.1	0	-21.04833029	55.19782669	312739.5563	7671445.535	40	K	373.585	556.04	312741.0742	7671445.289	312738.0384	7671445.781	-80.80574153	Aug-14th-2024-10-57AM-Flight-Airdata	NA	3.075327975	NA	NA	adult
20240814015A	48:02.5	13256	74.3	223.4	-89.9	0	-21.04613282	55.18505133	311408.9932	7671673.768	40	K	494.62	670.14	311410.2701	7671674.864	311407.7162	7671672.673	-130.6290179	Aug-14th-2024-09-40AM-Flight-Airdata	NA	3.365075229	NA	NA	adult
20240814015A	42:21.1	3029	74.1	246.2	-41.2	0	-21.04520257	55.1818381	311073.8492	7671772.958	40	K	577.445	660.34	311075.6222	7671773.634	311072.0763	7671772.282	-110.8777775	Aug-14th-2024-09-40AM-Flight-Airdata	NA	3.795068651	NA	NA	adult
20240814015A	48:28.5	14040	74.3	218	-90	0	-21.04624235	55.18521543	311426.1878	7671661.836	40	K	364.805	893.515	311428.1707	7671661.997	311424.2049	7671661.675	-94.63588311	Aug-14th-2024-09-40AM-Flight-Airdata	NA	3.978766101	NA	NA	adult
20240731001J	15:27.1	6531	85.7	257.3	-89.9	0	-21.05251234	55.21507813	314537.739	7671002.69	40	K	1463.865	607.525	314538.0036	7671002.133	314537.4743	7671003.247	-25.40455648	Jul-31st-2024-08-11AM-Flight-Airdata	1.233590121	NA	1.233590121	NA	calf
20240731001J	15:32.5	6694	85.5	257.3	-89.9	0	-21.05249267	55.21506455	314536.3039	7671004.852	40	K	1481.535	570.44	314536.6667	7671004.28	314535.9411	7671005.423	-32.39930876	Jul-31st-2024-08-11AM-Flight-Airdata	1.354216469	NA	1.354216469	NA	calf
20240731001J	15:33.1	6713	85.5	257.3	-89.9	0	-21.05249112	55.21506049	314535.8799	7671005.019	40	K	1485.445	564.97	314536.3262	7671004.495	314535.4336	7671005.543	-40.41155327	Jul-31st-2024-08-11AM-Flight-Airdata	1.376967882	NA	1.376967882	NA	calf
20240731001J	15:34.9	6769	85.5	257.3	-89.9	0	-21.05248618	55.2150584	314535.656	7671005.563	40	K	1494.225	563.7	314536.0417	7671004.996	314535.2702	7671006.131	-34.19674048	Jul-31st-2024-08-11AM-Flight-Airdata	1.372781194	NA	1.372781194	NA	calf
20240731001J	16:53.9	9133	85.6	81.7	-89.9	0	-21.05293908	55.21519509	314550.4238	7670955.58	40	K	1393.49	478.485	314550.8465	7670955.017	314550.0011	7670956.142	-36.94299051	Jul-31st-2024-08-11AM-Flight-Airdata	1.406745532	NA	1.406745532	NA	calf
20240731001J	22:25.3	19067	85.6	115.4	-84.7	0	-21.05181295	55.21482054	314510.1015	7671079.822	40	K	1447.525	637.2	314510.7063	7671079.528	314509.4967	7671080.115	-64.11687024	Jul-31st-2024-08-11AM-Flight-Airdata	1.344461245	NA	1.344461245	NA	calf
20240814015A	48:52.9	14769	74.3	247	-90	0	-21.04647203	55.1851859	311423.407	7671636.372	40	K	607.04	845.65	311425.4011	7671636.21	311421.4129	7671636.534	-85.36376833	Aug-14th-2024-09-40AM-Flight-Airdata	NA	4.001273681	NA	NA	adult
20240814015A	02:06.4	7713	66.2	160.5	-41.1	0	-21.04876515	55.19713622	312668.3381	7671396.578	40	K	1425.745	494.635	312669.5406	7671395.971	312667.1356	7671397.185	-63.21630248	Aug-14th-2024-10-57AM-Flight-Airdata	2.694129126	NA	2.694129126	NA	adult
20240814015A	02:12.2	7888	66.2	152.9	-63.1	0	-21.04883488	55.19735021	312690.666	7671389.109	40	K	1479.755	414.48	312692.0549	7671389.079	312689.2771	7671389.14	-88.73612587	Aug-14th-2024-10-57AM-Flight-Airdata	2.778524225	NA	2.778524225	NA	adult
20240814015A	02:07.2	7740	66.2	160.5	-45.2	0	-21.04880847	55.19714814	312669.6306	7671391.796	40	K	1465.035	462.155	312667.0674	7671387.579	312672.1937	7671396.014	31.28878832	Aug-14th-2024-10-57AM-Flight-Airdata	9.870501294	NA	NA	9.870501294	adult
20240814015A	02:15.4	7983	66.3	146.8	-69.1	0	-21.04884221	55.19734317	312689.9433	7671388.29	40	K	1581.585	346.62	312689.8079	7671383.274	312690.0787	7671393.305	1.546488142	Aug-14th-2024-10-57AM-Flight-Airdata	10.03514787	NA	NA	10.03514787	adult
20240814016A	14/08/2024 07:08	19928	67.7	275.8	-85.5	0	-21.0509735	55.19761394	312720.752	7671152.643	40	K	599.065	575.85	312719.2093	7671153.332	312722.2947	7671151.954	114.071243	Aug-14th-2024-10-57AM-Flight-Airdata	NA	3.379238291	NA	NA	adult
20240814016A	14/08/2024 07:09	20768	67.4	274.3	-85.5	0	-21.05126124	55.19747493	312706.665	7671120.623	40	K	473.595	583.78	312705.1735	7671119.763	312708.1566	7671121.484	60.02786198	Aug-14th-2024-10-57AM-Flight-Airdata	NA	3.443627114	NA	NA	adult
20240814016A	09:19.6	20699	67.4	275.8	-85.5	0	-21.05112543	55.19754449	312713.7245	7671135.741	40	K	747.015	639.68	312712.207	7671136.706	312715.2421	7671134.776	122.4537	Aug-14th-2024-10-57AM-Flight-Airdata	NA	3.59684462	NA	NA	adult
20240814016A	08:27.8	19147	68	195.7	-90	0	-21.05055151	55.19745094	312703.2834	7671199.172	40	K	1635.14	354.36	312701.5945	7671194.379	312704.9724	7671203.965	19.41126251	Aug-14th-2024-10-57AM-Flight-Airdata	10.16382705	NA	NA	10.16382705	adult
20240814016A	08:29.2	19185	68	190.5	-90	0	-21.05059438	55.19744877	312703.1115	7671194.423	40	K	1638.94	334.88	312701.9585	7671189.46	312704.2646	7671199.386	13.07974119	Aug-14th-2024-10-57AM-Flight-Airdata	10.19021213	NA	NA	10.19021213	adult
20240814016A	08:32.8	19292	67.9	186.1	-90	0	-21.05066483	55.19738491	312696.5623	7671186.549	40	K	1690.655	311.15	312695.3139	7671181.401	312697.8108	7671191.696	13.6331958	Aug-14th-2024-10-57AM-Flight-Airdata	10.5932958	NA	NA	10.5932958	adult
20240814016A	14/08/2024 07:08	19453	67.8	185.9	-90	0	-21.05074707	55.19740311	312698.5572	7671177.465	40	K	1498.48	566.05	312696.3006	7671172.925	312700.8138	7671182.005	26.42760222	Aug-14th-2024-10-57AM-Flight-Airdata	10.14043175	NA	NA	10.14043175	adult
20240814016A	08:49.4	19793	67.7	230.1	-89.9	0	-21.05062764	55.19742447	312700.627	7671190.712	40	K	1495.435	421.625	312696.3643	7671187.602	312704.8896	7671193.822	53.88898392	Aug-14th-2024-10-57AM-Flight-Airdata	10.55280781	NA	NA	10.55280781	adult
20240814016A	08:49.4	19793	67.7	230.1	-89.9	0	-21.0506003	55.19746803	312705.1207	7671193.791	40	K	1486.825	509.29	312706.0596	7671192.525	312704.1817	7671195.056	-36.56548427	Aug-14th-2024-10-57AM-Flight-Airdata	3.152209207	NA	3.152209207	NA	adult
20240814016A	08:07.6	18537	66	190.7	-59	0	-21.05052338	55.19744382	312702.508	7671202.278	40	K	1516.9	427.67	312697.5646	7671202.025	312707.4515	7671202.531	87.07072146	Aug-14th-2024-10-57AM-Flight-Airdata	9.899773051	NA	NA	9.899773051	adult
20240814016A	08:26.6	19106	68	195.7	-89.9	0	-21.05050323	55.19748616	312706.8833	7671204.559	40	K	1600.48	456.27	312708.1639	7671203.584	312705.6028	7671205.534	-52.72784884	Aug-14th-2024-10-57AM-Flight-Airdata	3.218505755	NA	3.218505755	NA	adult
20240814016A	08:31.8	19262	67.9	186.1	-89.9	0	-21.05058566	55.19742743	312700.8828	7671195.363	40	K	1676.965	413.25	312702.3202	7671195.134	312699.4454	7671195.593	-80.91929327	Aug-14th-2024-10-57AM-Flight-Airdata	2.911320543	NA	2.911320543	NA	adult
20240814016A	08:37.6	19439	67.6	186.1	-89.9	0	-21.05070798	55.19742595	312700.8815	7671181.82	40	K	1472.175	618.535	312702.2272	7671180.957	312699.5357	7671182.683	-57.32867945	Aug-14th-2024-10-57AM-Flight-Airdata	3.19739844	NA	3.19739844	NA	adult
20240814016A	09:15.6	20576	67.5	275.8	-85.5	0	-21.05082544	55.19754894	312713.8111	7671168.959	40	K	1349.205	582.785	312712.2155	7671168.718	312715.4068	7671169.2	81.3957698	Aug-14th-2024-10-57AM-Flight-Airdata	3.227568879	NA	3.227568879	NA	adult
20240814017A	09:20.4	20720	67.4	275.8	-85.5	0	-21.05128945	55.19731965	312690.5618	7671117.318	40	K	392.6	316.7	312688.8397	7671117.662	312692.2839	7671116.974	101.3046905	Aug-14th-2024-10-57AM-Flight-Airdata	NA	3.512332853	NA	NA	adult
20240814017A	08:53.6	19921	67.7	275.8	-85.5	0	-21.05094642	55.19747013	312705.772	7671155.473	40	K	625.375	336.4	312704.2571	7671156.598	312707.2868	7671154.347	126.6096411	Aug-14th-2024-10-57AM-Flight-Airdata	NA	3.774316009	NA	NA	adult
20240814017A	08:59.8	20103	67.5	275.8	-85.5	0	-21.05114144	55.19742241	312701.0558	7671133.825	40	K	478.705	376.54	312699.3526	7671134.771	312702.759	7671132.879	119.0459454	Aug-14th-2024-10-57AM-Flight-Airdata	NA	3.89642637	NA	NA	adult
20240814017A	08:37.6	19439	67.6	186.1	-89.9	0	-21.05073079	55.19727906	312685.6438	7671179.122	40	K	1728.785	548.885	312687.1031	7671178.354	312684.1846	7671179.89	-62.23994314	Aug-14th-2024-10-57AM-Flight-Airdata	3.298108761	NA	3.298108761	NA	adult
20240814017A	08:22.6	18987	68	195.7	-85.9	0	-21.05055055	55.19740357	312698.3588	7671199.222	40	K	1680.635	237.54	312699.4369	7671197.914	312697.2808	7671200.531	-39.49372952	Aug-14th-2024-10-57AM-Flight-Airdata	3.390125496	NA	3.390125496	NA	adult
20240814017A	08:27.6	19141	68	195.7	-89.9	0	-21.05054597	55.19738435	312696.3555	7671199.707	40	K	1752.235	334.81	312697.5461	7671198.582	312695.165	7671200.831	-46.63150828	Aug-14th-2024-10-57AM-Flight-Airdata	3.275362842	NA	3.275362842	NA	adult
20240814017A	08:30.8	19232	67.9	186.1	-90	0	-21.05062599	55.19735033	312692.9193	7671190.808	40	K	1822.625	308.41	312694.2889	7671189.688	312691.5496	7671191.927	-50.73794203	Aug-14th-2024-10-57AM-Flight-Airdata	3.537941758	NA	3.537941758	NA	adult
20240814017A	08:37.8	19446	67.7	186.1	-90	0	-21.05072902	55.19727814	312685.5456	7671179.316	40	K	1727.07	562.82	312687.0171	7671178.5	312684.0741	7671180.132	-60.98761131	Aug-14th-2024-10-57AM-Flight-Airdata	3.365210263	NA	3.365210263	NA	adult
20240814017A	08:20.4	18923	68.1	195.7	-85.9	0	-21.05039663	55.19744663	312702.6412	7671216.314	40	K	1685.675	405.005	312698.6319	7671212.948	312706.6506	7671219.681	49.97745018	Aug-14th-2024-10-57AM-Flight-Airdata	10.47116349	NA	NA	10.47116349	adult
20240814017A	08:25.2	19067	68	195.7	-90	0	-21.05055269	55.19737693	312695.5921	7671198.955	40	K	1761.565	316.7	312691.7562	7671194.989	312699.4281	7671202.92	44.04960447	Aug-14th-2024-10-57AM-Flight-Airdata	11.03430069	NA	NA	11.03430069	adult
20240814017A	08:29.4	19191	68	190.5	-89.9	0	-21.05063625	55.19733816	312691.6674	7671189.658	40	K	1816.295	227.67	312688.5163	7671185.292	312694.8185	7671194.023	35.82396519	Aug-14th-2024-10-57AM-Flight-Airdata	10.7674003	NA	NA	10.7674003	adult
20240814017A	08:36.8	19416	67.6	186.1	-90	0	-21.05076989	55.19725204	312682.8849	7671174.761	40	K	1780.07	416.46	312680.3616	7671169.857	312685.4081	7671179.665	27.22785713	Aug-14th-2024-10-57AM-Flight-Airdata	11.0298282	NA	NA	11.0298282	adult
20240814017A	08:39.6	19496	67.7	178.6	-89.9	0	-21.05080515	55.19725463	312683.1977	7671170.86	40	K	1756.455	536.35	312681.0773	7671165.584	312685.318	7671176.135	21.89589278	Aug-14th-2024-10-57AM-Flight-Airdata	11.37168199	NA	NA	11.37168199	adult
20240814017A	08:42.6	19589	67.8	177.1	-90	0	-21.05081425	55.19721908	312679.5147	7671169.811	40	K	1798.785	537.81	312677.1926	7671164.642	312681.8367	7671174.979	24.1938638	Aug-14th-2024-10-57AM-Flight-Airdata	11.33200294	NA	NA	11.33200294	adult
20240814017A	09:07.8	20345	67.6	275.8	-85.5	0	-21.05081575	55.19740238	312698.5672	7671169.86	40	K	1333.215	338.59	312696.3915	7671165.088	312700.7429	7671174.632	24.50887939	Aug-14th-2024-10-57AM-Flight-Airdata	10.48954026	NA	NA	10.48954026	adult
20240814017A	09:12.8	20496	67.5	275.8	-85.5	0	-21.05077773	55.19740193	312698.4724	7671174.068	40	K	1404.73	329.84	312696.5687	7671174.549	312700.3761	7671173.588	104.1686722	Aug-14th-2024-10-57AM-Flight-Airdata	3.926900302	NA	3.926900302	NA	adult
20240814018A	12:00.2	25509	65	256.1	-90	0	-21.05156376	55.19351883	312295.88	7671082.477	40	K	668.43	426.165	312295.4136	7671080.801	312296.3464	7671084.152	15.55768822	Aug-14th-2024-10-57AM-Flight-Airdata	NA	3.477763495	NA	NA	adult
20240814018A	12:09.2	25780	65	290.6	-88.2	0	-21.05148472	55.19334776	312278.0008	7671091.027	40	K	678.65	303.57	312277.1323	7671089.336	312278.8693	7671092.718	27.18658286	Aug-14th-2024-10-57AM-Flight-Airdata	NA	3.802002413	NA	NA	adult
20240814018A	11:58.4	25457	64.9	256.1	-89.9	0	-21.05123399	55.19358458	312302.2999	7671119.065	40	K	1301.11	682.3	312305.4391	7671114.187	312299.1608	7671123.942	-32.76727908	Aug-14th-2024-10-57AM-Flight-Airdata	11.60021804	NA	NA	11.60021804	adult
20240814018A	12:03.4	25608	65	256.1	-89.9	0	-21.05121359	55.19357959	312301.7558	7671121.317	40	K	1344.31	682.005	312300.0217	7671120.367	312303.4899	7671122.268	61.26373384	Aug-14th-2024-10-57AM-Flight-Airdata	3.955297524	NA	3.955297524	NA	adult
20240814018A	14/08/2024 07:12	25744	65	285.8	-89.2	0	-21.05127216	55.19373017	312317.4785	7671115.01	40	K	1335.87	790.4	312315.6904	7671114.168	312319.2666	7671115.852	64.79576294	Aug-14th-2024-10-57AM-Flight-Airdata	3.952570283	NA	3.952570283	NA	adult
20240814018A	12:09.2	25779	65	290.6	-88.2	0	-21.05128066	55.19375562	312320.1345	7671114.099	40	K	1359.445	828.76	312318.3376	7671113.339	312321.9313	7671114.859	67.08105268	Aug-14th-2024-10-57AM-Flight-Airdata	3.901685788	NA	3.901685788	NA	adult
20240814018A	14/08/2024 07:11	25387	64.9	258.9	-90	0	-21.05120573	55.19358793	312302.6122	7671122.197	40	K	1364.6	679.38	312306.631	7671118.262	312298.5934	7671126.131	-45.60536783	Aug-14th-2024-10-57AM-Flight-Airdata	11.24861576	NA	NA	11.24861576	adult
20240814018A	12:02.8	25586	65	256.1	-89.9	0	-21.05120764	55.19357649	312301.4256	7671121.972	40	K	1357.81	679.39	312299.6645	7671121.033	312303.1866	7671122.911	61.94289946	Aug-14th-2024-10-57AM-Flight-Airdata	3.991168295	NA	3.991168295	NA	adult
20240814019A	11:59.2	25479	65	256.1	-90	0	-21.05160869	55.19369272	312314.0086	7671077.707	40	K	502.055	703.46	312312.7725	7671076.515	312315.2447	7671078.9	46.02514804	Aug-14th-2024-10-57AM-Flight-Airdata	NA	3.435316432	NA	NA	adult
20240814019A	11:45.4	25069	65	270.3	-89.9	0	-21.0515882	55.19358018	312302.2864	7671079.843	40	K	499.87	626.105	312302.9846	7671081.511	312301.5881	7671078.175	-157.2816967	Aug-14th-2024-10-57AM-Flight-Airdata	NA	3.616101833	NA	NA	adult
20240814019A	11:42.4	24978	66	306	-89.9	0	-21.05120925	55.19382052	312326.7904	7671122.082	40	K	1531.7	762.565	312331.3489	7671119.061	312322.2319	7671125.103	-56.46634208	Aug-14th-2024-10-57AM-Flight-Airdata	10.93745546	NA	NA	10.93745546	adult
20240814019A	11:34.6	24744	65.7	358.6	-89.9	0	-21.0513249	55.19380775	312325.608	7671109.262	40	K	1461.98	344.9	312326.6968	7671110.748	312324.5192	7671107.775	-143.7796124	Aug-14th-2024-10-57AM-Flight-Airdata	3.685224485	NA	3.685224485	NA	adult
20240814019A	11:41.8	24959	66.2	316.8	-90	0	-21.05121849	55.19380015	312324.6849	7671121.035	40	K	1525.53	646.685	312325.8886	7671122.407	312323.4812	7671119.663	-138.7375291	Aug-14th-2024-10-57AM-Flight-Airdata	3.650191127	NA	3.650191127	NA	adult
20240814019A	11:43.2	25001	65.6	288.8	-89.9	0	-21.05113133	55.19371157	312315.369	7671130.58	40	K	1518.825	684.06	312315.9459	7671132.189	312314.792	7671128.97	-160.2810576	Aug-14th-2024-10-57AM-Flight-Airdata	3.419997713	NA	3.419997713	NA	adult
